"row_num","gen_method","b_Price_1","b_Acceleration_1","b_OpCost_1","b_hev_1","b_phev20_1","b_phev40_1","b_bev_1","b_bevRangeRel_1","b_noBEVFC_1","b_american_1","b_chinese_1","b_japanese_1","b_skorean_1","lambda_ICE_1","lambda_PHEV_1","lambda_BEV_1","b_Price_2","b_Acceleration_2","b_OpCost_2","b_hev_2","b_phev20_2","b_phev40_2","b_bev_2","b_bevRangeRel_2","b_noBEVFC_2","b_american_2","b_chinese_2","b_japanese_2","b_skorean_2","lambda_ICE_2","lambda_PHEV_2","lambda_BEV_2","class_intercept_2","LL1","LL2","LL3","LL4","LL5","LL6","LL7","LL8","LL9","gradNorm1","gradNorm2","gradNorm3","gradNorm4","gradNorm5","gradNorm6","gradNorm7","gradNorm8","gradNorm9","stop_ef","stop_status","pruned_optima_row","end_conv","end_LL","end_ef","end_outcome_status","end_index"
1,"beta_var_val",-0.065961032,-0.086724325,-0.123458989,0.078787462,0.017337116,0.133321046,-0.225292786,0.305755872,-0.261643415,-0.113318709,-1.203619405,-0.05776064,-0.392742187,1,1,1,-0.06530142168,-0.086724325,-0.123458989,0.078787462,0.017337116,0.133321046,-0.225292786,0.305755872,-0.261643415,-0.113318709,-1.203619405,-0.05776064,-0.392742187,1,1,1,0,-9336.01250131243,-8869.35335075349,-8846.22853218766,NA,NA,NA,NA,NA,NA,NA,977.809866589185,344.439621221509,NA,NA,NA,NA,NA,NA,0,"pruned_test1_too_close",21,1,-8844.9251796203,3,"test0_worse_conv",63
2,"logit_random",-0.132912054426738,-0.0317514846597768,-0.296309833138667,0.132786088475688,0.0422129712608777,0.298561928959281,-0.403804848689593,0.582043518948123,-0.0697289753289601,-0.0357137987946508,-0.19267666316203,-0.088615234118855,-0.879291385688933,0.885853732856922,0.48685960337054,0.263013034095056,-0.153288952210693,-0.262732749706913,0.0624114716169582,0.180360913829444,0.0102572647514674,0.18505701864468,0.0701262341858362,0.226107601993933,0.0309525841729235,-0.259420771589974,-0.57327827984236,-0.124590335704268,-0.68586048238304,0.366887455838732,0.48931577314157,0.711718644252978,-0.0541562322046004,-13008.5864528049,-9009.58703221206,-8863.54139665853,-8845.48313744051,NA,NA,NA,NA,NA,NA,3213.38554526701,1576.94137679302,142.37859643727,NA,NA,NA,NA,NA,0,"pruned_test1_too_close",15,1,-8844.9251796203,3,"test0_worse_conv",63
3,"logit_random",-0.0712139533661922,-0.234805109101998,-0.273897049079491,0.114851146604367,0.0381744072562988,0.378571213963414,-0.370823364526657,0.227134972848306,-0.373269956840957,0.0891524688009366,-1.16545357121991,-0.108728817826955,-0.542250373874088,0.67419874003157,0.215430199909024,0.0294260086491704,-0.0995620842160974,-0.324001447775707,-0.0871055685752962,0.13924824565847,0.0317746082773882,0.461849923913537,0.019502921642158,-0.360310732072751,-0.654596066545398,-0.13091965799495,-1.76435900884613,-0.0902369795494534,0.0547128191874626,0.626596752232872,0.49862176975701,0.186397380270064,-0.591028350897768,-18447.1784051557,-9286.78140544277,-9282.29305747538,-9282.29305667973,NA,NA,NA,NA,NA,NA,155.714555328148,1.34707721986954,1.39387728585982,NA,NA,NA,NA,NA,3,"test0_worse_conv",0,1,-9282.29305667973,3,"test0_worse_conv",3
4,"logit_random",-0.0813290964109317,-0.0850170225917828,-0.271688291044229,0.224291546742349,0.0277198951181197,0.431341707455648,-0.369073102379234,0.173860428772547,-0.228024405738469,-0.149035340552226,-0.931048438553067,-0.0276163435266425,-0.590285913209914,0.701687556202523,0.36959819230251,0.453475964735262,-0.121803389186635,-0.132039821982425,0.0198397129465968,0.106398663293584,0.0184115784255287,0.270268151881422,0.0578359891299991,0.352972884329999,0.266094690597116,-0.136537212056499,-2.54307676201489,-0.000741579185137294,-0.634215704806354,0.877638045768254,0.555736332214437,0.278203713805415,-1.01405050506505,-10650.3650608346,-9292.46666704007,-9264.95967265555,NA,NA,NA,NA,NA,NA,NA,3008.23473313188,Inf,NA,NA,NA,NA,NA,NA,5,"pruned_test3_bad_gradient",0,0,-9264.95967265555,5,"pruned_test3_bad_gradient",4
5,"logit_random",-0.119868868325778,-0.112637238243265,0.172004990918167,-0.189186355726188,0.0313139797071506,-0.071663683817945,-0.249324755441883,0.420117241747908,-0.197547071821742,-0.170530928177282,-0.864594689040799,0.000910093078184897,-0.290098474826986,0.221902657710016,0.742886021682061,0.185152029683813,-0.0220177578487729,-0.278063340662074,-0.39888513615997,0.120801099105044,0.00379379170623747,0.255761957740984,-0.16999337879178,0.484693362470269,-0.159778191908834,0.113604428067786,-1.44105906609083,-0.0650974308281752,0.272948119403218,0.847979026003741,0.114980680178851,0.309009046815336,0.0343736807369984,-13732.4338552585,-9563.22944404151,-8967.58218934989,-8853.63148039432,-8845.72886244102,-8844.93877882267,NA,NA,NA,NA,3460.60200176952,2866.64493314143,313.172833546669,30.2406179006714,8.17638703071727,NA,NA,NA,0,"pruned_test1_too_close",43,1,-8844.92122635432,1,"best",43
6,"logit_random",-0.0150331234486085,-0.125035907847423,-0.356581028866325,0.0808707887999832,0.0309006254005847,-0.0532538010989543,-0.269500461194808,-0.137209704362502,-0.430794888604484,-0.0443790838185552,-1.93844873713301,-0.0209083487276567,-0.711581961994509,0.624987461329438,0.140049960147589,0.538978191604838,-0.127797129576185,-0.0417268056202652,-0.199214694213328,-0.00706532347317078,-0.0059396231409086,0.345605435586042,-0.136098545334769,0.461822330467948,-0.29657288397072,0.0854838880900569,-1.80523755544779,-0.169880642556855,-0.434240748078829,0.395211762483232,0.143358053257689,0.662739232121967,-0.425537802378237,-10924.5105833587,-9105.21236565046,-8998.47880218244,-8960.32699426296,-8957.20864415841,-8956.31315807401,NA,NA,NA,NA,2333.48521288837,934.640213433662,564.32946912852,342.822608236253,71.5149961208175,NA,NA,NA,0,"pruned_test1_too_close",88,1,-8956.24651072366,3,"test0_worse_conv",88
7,"logit_random",-0.0768849661652772,-0.0354723896420691,-0.0562927682073148,0.10796401963052,0.0185786177913368,0.231726483651997,-0.0574577462969998,0.154006055417125,-0.0344897094090248,0.0681299810604298,-1.6982422303855,-0.130301785656572,-1.3695024135264,0.479549244437367,0.521739922864363,0.618075629789382,-0.0944597915719685,-0.109716941928321,-0.150731716646354,0.0126207013401148,0.0225201359749669,0.242597842012939,-0.198880056514125,0.411556867611465,-0.32408436579496,-0.105012416595026,0.221383436432888,0.0108678477227839,0.528667497612538,0.637784777767956,0.503933576084673,0.962143624671735,0.356678799138128,-9718.38788684259,-8895.66283706517,-8846.74555481106,-8845.0049746197,NA,NA,NA,NA,NA,NA,4460.23248824935,241.601824377386,10.2229981989031,NA,NA,NA,NA,NA,0,"pruned_test1_too_close",43,1,-8844.92122635432,1,"best",43
8,"logit_random",-0.00178923084774839,-0.185097531433486,-0.220358442049782,0.0156518250567884,-0.000126554478172395,0.20343364969201,-0.0384464571662388,0.776440620180598,-0.303334158763296,-0.276792064469876,-1.87471503022261,-0.0321885877326055,-0.02328686331162,0.857346800053492,0.610036411811598,0.854001691639423,0.0805812147935416,-0.209019276034564,-0.153061360083236,0.0711360735133695,0.00710348011694325,0.223092869330531,-0.129536973655257,0.561619697948647,-0.148277187385065,-0.0603304651300501,-0.0291513800863321,-0.0289580296184768,-0.13032472326757,0.152790120132267,0.103796811518259,0.198551927725784,0.236406018564386,-13101.977248682,-9393.54474798933,-8927.45197003665,-8859.21110438197,-8845.55266256648,-8844.93846345264,NA,NA,NA,NA,4093.8945577311,958.689128616977,340.347207302508,55.0813178884729,6.30857227991629,NA,NA,NA,0,"pruned_test1_too_close",63,1,-8844.9251796203,3,"test0_worse_conv",63
9,"logit_random",0.0472633207333241,-0.124774153224788,0.0491830334351064,0.0789696282619649,0.00768180766790008,0.156342663689968,-0.0480607777235375,0.837521445185013,-0.0774713260657001,-0.1836797675187,0.644691656313983,-0.0890116111213439,-0.309425480854696,0.637746538082138,0.845757617191412,0.0434029314341024,0.0102542187774594,0.00975193477216532,-0.141229555825082,0.115339182595738,0.0374972997439749,0.105061617960644,0.126283136240146,0.160061376569333,-0.401567756847293,0.00489486150228816,-0.512581296315098,-0.0780596234085508,-0.464429931529186,0.738812468587421,0.377294126786292,0.126583511955105,-0.0883844847101298,-18339.6287274094,-9269.41342128168,-9049.10382058676,-8965.47042394999,-8956.93392154439,-8956.33250866569,NA,NA,NA,NA,2217.36521410588,3215.54675346369,605.248519333472,95.9471911100124,74.0983402898257,NA,NA,NA,0,"pruned_test1_too_close",42,1,-8956.2477391229,3,"test0_worse_conv",83
10,"logit_random",-0.0491253357788771,-0.0568129866068393,-0.0202182725856738,-0.00593229816861381,-0.0309705889812255,0.254414500826644,-0.362349033772183,0.383907160590111,-0.151277340273099,0.104522641184453,-1.61636152243747,-0.0211079770420123,-0.70606135101813,0.161469025830738,0.297850301484577,0.946001373231411,0.00519579669496309,-0.22868384127805,-0.260162219758618,0.0540226212429555,0.0116230272992851,0.266976184736921,0.0765154027209539,0.287083182515483,-0.42461999033645,-0.322956351046122,-2.73643821114547,-0.00456242783128318,-0.442814549385382,0.94660987184383,0.47998535072431,0.438344059232622,0.153713998886893,-10531.6040839878,-8953.8116574177,-8856.50360753459,-8845.91359606078,-8845.04122652795,NA,NA,NA,NA,NA,1344.72662798235,468.238988131068,172.440708421634,39.0305974983592,NA,NA,NA,NA,0,"pruned_test1_too_close",30,1,-8844.9251796203,3,"test0_worse_conv",63
11,"logit_random",-0.0417809629912746,-0.125698268753003,-0.269967530623023,0.151437675894396,0.0111494948484412,-0.104761992242752,-0.251729757074729,-0.306753575555337,-0.320560748428287,-0.134548953657592,-2.56519973957376,-0.0240609370063418,-0.848475616178635,0.318303458578885,0.365497044525109,0.961050546937622,-0.00709535941299289,-0.146033719054139,-0.209100656029328,0.118464389555628,0.0362060217778837,0.271768371681973,-0.187668553623863,0.272584501511232,-0.0962547474192473,-0.0370133589532108,-1.4779457630991,-0.0434108902126375,-0.0719759283342035,0.925065884073265,0.427044734284282,0.829392463453114,-0.37415591328665,-10989.3894575828,-8987.23175975818,-8855.03755693521,-8845.33849113051,NA,NA,NA,NA,NA,NA,1528.88056254147,233.456474907893,106.296018190862,NA,NA,NA,NA,NA,0,"pruned_test1_too_close",26,1,-8844.9251796203,3,"test0_worse_conv",63
12,"logit_random",0.0119250445977048,-0.0829240458664507,-0.277316080229864,0.0929837391404516,0.0236499043084351,-0.135861591463261,0.0366566405786292,0.0853094305974864,-0.194906881377083,-0.229529270218293,-0.274713988960326,-0.14104192225175,-0.186457331519967,0.243917012554593,0.941509981234558,0.754451060537249,-0.141455499114171,-0.110089712727099,-0.289536225397176,-0.0855266612460695,0.0206802117506856,0.270469673988607,-0.101506206299708,0.285689628100591,-0.264032661971062,-0.153507304667482,-2.25221577224796,-0.0557328813764934,0.144490480532037,0.755664592939429,0.95461546335835,0.127150491108187,0.989752231341293,-12280.5662757996,-9353.31035745713,-9051.6756702937,-8868.0381134153,-8846.4904125232,-8844.95196474776,NA,NA,NA,NA,1395.96095737993,1753.01952004304,842.995311905671,281.316011281988,15.4097405342815,NA,NA,NA,0,"pruned_test1_too_close",5,1,-8844.92122635432,1,"best",43
13,"logit_random",-0.0235354193568555,-0.135983011900542,-0.251308872131483,0.257138373878214,0.032457458464313,-0.121480950701091,-0.461702631617235,0.276988687423819,-0.0209034544781351,-0.101937335493971,-2.58602590134598,-0.0847227389438767,0.064957293745821,0.284573643887416,0.508084192220122,0.044885666067712,0.0280677208734308,0.0283144423683504,-0.330183381474524,-0.0802699508185625,0.0343171094170992,0.0320295507827722,0.0388869000663458,0.314064228077329,-0.0751806414055995,-0.157094287582924,-0.0249480842095549,0.0207330732000831,-0.145722780389362,0.878586019878276,0.196495968131349,0.565116453673691,-0.0184107857346101,-17168.2241303319,-9010.87522270679,-8864.38787538081,-8846.43620295268,-8844.99214977514,NA,NA,NA,NA,NA,3081.73953688359,1189.79348144072,137.042190245498,30.9111740236365,NA,NA,NA,NA,0,"pruned_test1_too_close",43,1,-8844.92122635432,1,"best",43
14,"logit_random",0.0194797351503173,0.0715354533960555,-0.2968212068271,0.103190993128058,0.0709388398020382,-0.103052472464117,-0.197661050658359,-0.0123392839733669,-0.25200939347501,-0.193267364649529,-1.2223900238944,-0.13127896121978,-0.388212283879798,0.195759694571607,0.723266109372489,0.688997317044996,-0.0212544948063933,-0.139413175209812,0.0069508175547167,0.0906847118179564,-0.0138864961051177,0.270584737852652,-0.162706299082029,-0.164052824261358,0.175053909415225,-0.1658458049354,-2.51334402673054,-0.0777162806396132,-0.282890498421801,0.92581033995375,0.683743140632287,0.242130786608905,-0.371238038969409,-13288.2976308434,-9218.96094424167,-8941.45983221082,-8850.218078834,-8845.675022582,NA,NA,NA,NA,NA,10967.0739661599,1307.91398052084,341.471178121841,36.4825327699051,NA,NA,NA,NA,0,"pruned_test1_too_close",43,1,-8844.92122635432,1,"best",43
15,"logit_random",-0.053565761945061,-0.0491724694359778,-0.191989496214545,0.155568154022611,-0.00461400094506979,0.156720615508058,0.17919470473392,0.173249624011332,-0.0824773513039554,-0.00567485429403736,2.02374284350926,-0.0492039367138917,-1.19414652691998,0.0999999004974961,0.908854909809306,0.208089049803093,-0.113062372278177,-0.295345245599363,-0.00520339441590331,0.12212975281448,0.013587729435494,0.249619175993177,-0.300443243351759,0.532012417979892,-0.162313521462798,-0.246664418044856,0.306838451223552,-0.0566305254281398,-0.444177511337721,0.773365118764341,0.2770375268301,0.860269992551766,-0.574823191706138,-13449.2029989799,-8990.96458288936,-8848.28622096637,-8845.06577392752,NA,NA,NA,NA,NA,NA,3518.56772949885,249.746494568998,40.710788494583,NA,NA,NA,NA,NA,0,"pruned_test1_too_close",21,1,-8844.9251796203,3,"test0_worse_conv",63
16,"logit_random",0.0389964983824896,-0.204146136436769,-0.166861724173665,0.0564605405806175,0.0339303522555182,0.255327910044233,-0.141836629235888,0.646036299993212,0.0673618536460235,-0.130911279809532,-1.28035601800897,-0.0370064029949582,-1.03083835888006,0.13474728374742,0.544604192203842,0.67323512299452,-0.0436482395257762,-0.0269951060573893,-0.143816409068071,0.0330555940886602,0.0298017054132374,0.183328310337581,-0.0581663926527791,0.577942921202782,0.0542056002829907,-0.261411035447415,-0.481417856048801,-0.0588505183033816,-0.38000732469984,0.573804374299943,0.19925694714766,0.31160878916271,0.890133924369634,-11245.2430609322,-8897.24571235767,-8847.00377086155,-8845.01878402713,NA,NA,NA,NA,NA,NA,1185.34442904285,156.092827279811,14.2755041297211,NA,NA,NA,NA,NA,0,"pruned_test1_too_close",7,1,-8844.92122635432,1,"best",43
17,"logit_random",-0.0696006995384394,0.0133959514026156,-0.0411325700302075,0.0823877388536409,0.0240276411896053,0.282650452017381,-0.144151895471512,0.211847431037675,-0.548005002780358,-0.0159918802068074,-1.64467260764266,-0.062711587361955,-0.559534706603868,0.872272526132874,0.111122147338465,0.63336094992701,0.0229673781024379,0.0486427351678782,-0.141426033921305,0.0735576981784298,0.0192807413655485,0.145487806418212,-0.60118005796876,0.788351534435086,-0.0355884211335186,-0.0924927081662164,-1.64998440498162,-0.0434946526125881,-0.918213746142207,0.930147890858352,0.149317241106182,0.972666912856512,0.266419100138147,-10575.4053452181,-9028.83239483925,-8941.28696340794,-8910.24931332165,-8879.14302958288,-8847.12324916307,-8845.13280211076,-8844.93212782299,-8844.9304733633,NA,2410.79874265833,1450.36866273446,1218.81214052054,3068.75261037957,72.644218579892,21.5201814562902,9.04915932424003,11.3013916878026,3,"test0_worse_conv",0,1,-8844.9304733633,3,"test0_worse_conv",17
18,"logit_random",-0.0106546115804034,-0.00687403470110205,-0.174834803315553,0.134465983820282,0.0296829676066257,0.0261773251989581,-0.380077999135782,0.179135101920185,-0.0622163362500894,0.0332681401656361,-0.28144105005009,-0.0384719516158043,-0.274976106725655,0.754718561274931,0.810028526354581,0.90073722415138,-0.0828172417233271,-0.253147166346343,-0.133346514647745,0.206951293300767,0.0258569775244831,-0.00103815032610174,0.164132540125555,0.0143249622982366,-0.343019719494163,-0.302756511611629,-1.47011617385092,-0.0795839020254612,-0.387817031092897,0.826780519955791,0.491090391417965,0.647048659846187,-0.0804046095135674,-9575.14503196862,-8898.22301370716,-8851.24314583994,-8845.17809640502,NA,NA,NA,NA,NA,NA,1975.22053174573,915.604554712428,168.676819654711,NA,NA,NA,NA,NA,0,"pruned_test1_too_close",7,1,-8844.92122635432,1,"best",43
19,"logit_random",-0.0554488140775502,-0.125633840672868,-0.196317540606642,0.121510997660085,0.0126211968033934,0.0933761901088763,0.315178369231409,0.372937905193187,0.256239817013093,-0.211281074460377,-0.214251303543499,-0.151678864141618,-0.326305587533153,0.42053719655145,0.932533342652023,0.895895830988884,-0.101979212170372,-0.123723044989442,0.0636266525317187,0.173345280905548,0.0420590156810708,0.199594120018642,-0.620557486965343,0.638557142461396,-0.185755897592279,-0.20223302830831,1.50837800938157,-0.154200384456819,-0.830999195324102,0.584006530353799,0.257654138579965,0.529295927342027,-0.997198197105603,-10620.5386205666,-9305.99042054592,-8941.48799822083,-8873.24766734841,-8848.61117724385,-8845.13684995613,NA,NA,NA,NA,5441.74693613768,1115.25637303055,493.311581277572,194.551848946649,65.8772658139347,NA,NA,NA,0,"pruned_test1_too_close",5,1,-8844.92122635432,1,"best",43
20,"logit_random",-0.0246724336891311,0.0928447828879054,-0.281175193618649,0.140077057306027,0.0426076017844324,0.207210901877177,-0.216270778966504,-0.0298838232561201,-0.645121354601779,-0.110260030228919,0.962036835714704,-0.0338222867235581,-1.15896718583102,0.291402987320907,0.639501012242399,0.659214328504168,-0.120794800425433,-0.032760409760879,0.0166024429104969,0.0474069420323974,0.0218231814179018,0.271981707547564,-0.296521249575908,0.0694082468942881,-0.202117567812049,-0.0154723504914926,-0.603879976924974,0.0273310645660192,-0.441726144108552,0.384549741293304,0.969483111160807,0.309751038416289,0.170201694475115,-11912.7668689476,-9136.15943242418,-8882.62944992044,-8846.65700161626,-8845.05287432449,NA,NA,NA,NA,NA,12639.901019017,725.17041846897,56.8881676903237,32.9171235523325,NA,NA,NA,NA,0,"pruned_test1_too_close",10,1,-8844.9251796203,3,"test0_worse_conv",63
21,"logit_random",-0.024169129676555,-0.104030695548737,-0.0926644989606366,0.0780644680035071,-0.00366195637015529,0.187870794573531,-0.435394502029645,0.348332955524096,-0.0310872964830466,0.0145823309688296,0.0749560292699367,-0.0880721988355382,-0.346832455904872,0.702445471612737,0.637183884652331,0.422428469713777,-0.144730284755231,-0.0659790671447227,0.15717224179268,0.23296874763776,0.0224802501431699,0.0292120525741486,-0.327940608118141,0.544811357492666,-0.758126265819121,-0.384216644283786,-1.75227517488781,-0.0781185905416787,-0.937371413486944,0.920245715202764,0.73867963981349,0.790388852120377,0.645657335429759,-10217.7047731524,-8888.461835801,-8846.11812795534,-8845.00106428493,NA,NA,NA,NA,NA,NA,2437.70532358362,177.65730088537,23.7734129583512,NA,NA,NA,NA,NA,0,"pruned_test1_too_close",63,1,-8844.9251796203,3,"test0_worse_conv",63
22,"logit_random",-0.0210397454746102,-0.184647231588183,-0.170379100922395,-0.0427451356177151,0.0197457514060354,-0.332539200067357,-0.405563831025354,-0.141969910892968,-0.148811183850136,-0.0293627716076242,-1.30843606105943,-0.0824375775768003,-1.06444281319364,0.345048877596855,0.151578315692022,0.262139087626711,-0.0354492992362915,-0.0263143594961092,-0.164051180066307,-0.110462356531148,0.0136730183900446,0.126925403178309,0.204347833808777,0.237990983790062,-0.102018837475436,-0.00274563890414392,-1.9915117762955,-0.0470072737065605,-0.0892421491874262,0.909787122341804,0.937252587410621,0.535707601406612,-0.100926130381523,-10751.0201623093,-9012.90635750546,-8866.7086616683,-8848.31812871387,-8845.09048404386,NA,NA,NA,NA,NA,2063.87981953938,779.097639635463,165.251542938365,38.7544684286892,NA,NA,NA,NA,0,"pruned_test1_too_close",13,1,-8844.92122635432,1,"best",43
23,"logit_random",-0.110948656671453,-0.199080446159849,-0.0229502749329279,0.105761645779237,0.0354828650703596,0.335497322086969,-0.618093498001693,0.478351528289954,-0.147962615887963,-0.206758266940633,-3.18076424815352,-0.0754817382257684,0.29550097944595,0.0558168299356476,0.730788132119924,0.225994835509919,-0.0969511569658832,-0.0254619549730981,-0.0662959322158508,-0.00694453288281735,0.0201396786099324,0.227798045613325,-0.424102365762186,0.136499339023013,-0.387643770285418,-0.245410671523673,-2.68013661119108,-0.0206793280660138,0.145609434625186,0.933339432445355,0.251063805390149,0.555163060021587,1.15349469996222,-11986.9774203585,-9237.74573519246,-9057.67014419521,-8980.39998885685,-8973.794511104,-8973.49738139705,-8973.49732913986,NA,NA,NA,2170.52234711623,1324.07925173772,356.788208062779,99.4440223510933,2.38524635432185,3.7156722759289,NA,NA,3,"test0_worse_conv",0,1,-8973.49732913986,3,"test0_worse_conv",23
24,"logit_random",-0.113667792760491,0.0208501648210444,-0.156386249681062,0.0555012563981592,0.0355288951295535,-0.0672618613524734,-0.323823796885421,0.653918300164178,-0.37289934639035,-0.129083813895681,-1.28153437728993,0.0140469578581673,0.554362600001555,0.563009774871171,0.418306049727835,0.904563017897308,-0.222347469256983,0.0111644440032886,-0.0854322930352172,-0.0100693291288038,0.0133359159423631,0.0224810739164273,-0.124511330581827,1.00332302347089,-0.758305194411151,-0.131408753290115,0.150831483572782,-0.0293545013141217,-1.20705527886261,0.673187357499264,0.343719555772841,0.270765022723936,0.45770586305585,-11325.5517924464,-9020.91463528028,-8862.29627706883,-8846.1746253721,-8844.99655926799,NA,NA,NA,NA,NA,6425.00469451479,1326.14650941393,76.8775679988518,7.71130614105777,NA,NA,NA,NA,0,"pruned_test1_too_close",13,1,-8844.92122635432,1,"best",43
25,"logit_random",0.0444264677224167,0.0602784986077976,0.0452990206001027,0.161298455889508,-0.00757001227390251,0.228796754429988,-0.563250699928185,0.123772991046785,-0.0913145276052806,-0.186989250167275,-1.12053594816673,-0.0447159208476775,-0.357184557581327,0.0485966433258727,0.541452436181717,0.158915538922884,-0.0205598049278939,-0.0242765834531549,0.000379804129805719,0.13871963785425,0.0440900731138308,-0.0195226260134659,0.277817654413842,0.98934935337404,-0.202608540907363,0.0632371557007292,0.491005359004546,-0.130500270644589,-0.371144057443492,0.7370281275874,0.915879259668291,0.78438581104856,-0.216045353034152,-13609.1702531637,-9915.61807489392,-9184.32679826009,-8914.45133692062,-8849.08850185627,-8845.23988670236,NA,NA,NA,NA,37323.7563417234,15624.6057930881,1943.33035150979,658.89662705514,38.7635320730397,NA,NA,NA,0,"pruned_test1_too_close",5,1,-8844.92122635432,1,"best",43
26,"logit_random",-0.105257688336533,-0.0431626151098643,-0.0805579141274165,0.0496742553093281,0.00391442842133349,0.30427355624124,-0.56364359765081,0.36695942339149,-0.175641769108593,-0.295090602964937,-1.00191815366485,-0.0653311247650884,-0.504779674896986,0.747878790972754,0.753702301522717,0.348626171112992,0.00620998097513999,-0.126354021959697,-0.0667072271289267,0.130644431471484,0.0285354823453492,-0.0844969564381697,-0.186493415991828,0.395002922553837,-0.212051557046778,-0.242341714414664,-1.06804515987849,-0.158410076279885,0.0719219917488887,0.391210603988729,0.206422060304321,0.34655316030141,1.08154073992333,-10186.3165741271,-8893.07070857681,-8849.29125488275,-8845.18856129114,NA,NA,NA,NA,NA,NA,1485.5150146655,637.600001908626,130.621580013155,NA,NA,NA,NA,NA,0,"pruned_test1_too_close",15,1,-8844.9251796203,3,"test0_worse_conv",63
27,"logit_random",0.0105434649198022,-0.0577903453934501,-0.0814339722316185,0.0941664457812733,-0.000907872686507015,0.153017424576948,-0.39179244222157,0.12836776123638,-0.323720099820599,-0.108375727589746,-2.00624005776818,0.0059964901443898,0.00481198054458298,0.891290236748755,0.649886972974055,0.475485226963647,-0.0343350159340362,-0.0963957191773282,-0.130063705807895,0.159626566947209,-0.00808687962295347,0.179102702117559,-0.0894346627534502,0.571943150055979,-0.337715709946615,-0.030827096358382,-1.99935143505469,-0.0732156285708014,-1.23553161857539,0.439378596409224,0.303596415175125,0.695481105283834,0.0890046778791978,-11040.9787885135,-8890.13406093375,-8848.22465866154,-8845.17143491848,NA,NA,NA,NA,NA,NA,861.90357905247,459.357841936098,31.7373668443211,NA,NA,NA,NA,NA,0,"pruned_test1_too_close",7,1,-8844.92122635432,1,"best",43
28,"logit_random",-0.0582157285720307,-0.130797855062492,0.0342639380188395,0.0050624891620356,0.0380201742653392,0.0478670469255921,-0.461453644585763,0.565499469753155,-0.25555701080225,-0.285299843487795,-1.06685907292447,-0.148637457242313,-0.0136369334986451,0.876834738329053,0.401165138054639,0.82259398420807,-0.077442252734627,-0.0777417731968002,-0.175053895639204,0.0277484360316581,0.027375286701085,0.0511982664074967,-0.285470655579446,0.748856078938298,-0.46341784425102,-0.0985284780198475,-2.03715199265393,-0.0206381221543804,0.166592148579099,0.361892433557659,0.149837207053788,0.930292847538367,0.703328419985449,-9891.62586339364,-9113.16363213062,-8942.86560498647,-8868.70826736081,-8846.01114719312,-8844.99499583994,NA,NA,NA,NA,1919.79716244196,1683.54281494117,700.348507452584,112.181378813407,55.813480691356,NA,NA,NA,0,"pruned_test1_too_close",5,1,-8844.92122635432,1,"best",43
29,"logit_random",-0.0488625218021596,-0.118867165565008,-0.167937818385093,0.131608044211609,0.0408066413134838,0.147593820753496,-0.199677109665978,0.0307352390385724,-0.278054344274375,0.0995260657554874,-1.56613429521995,0.00252861051571992,-0.584276993681493,0.328423199541867,0.672523477170616,0.397645660187118,-0.151845282432807,-0.20107796411265,-0.00381722158139486,0.215132542230864,0.031347667635621,-0.00724207675764818,-0.163234432928606,-0.0909587754685495,-0.337023107104903,0.222471091467442,-2.30513766170807,-0.0809559980028346,0.00369078381487709,0.481455017374828,0.259778370810673,0.586745946467854,-0.592473350598777,-10263.2710700272,-8906.82569596916,-8847.29266938587,-8845.07241064584,NA,NA,NA,NA,NA,NA,3154.39750161856,335.752065010531,67.6502478181567,NA,NA,NA,NA,NA,0,"pruned_test1_too_close",7,1,-8844.92122635432,1,"best",43
30,"logit_random",-0.0407400330325382,0.0441117166680573,-0.0512726595739479,0.070754312567901,-0.00497573370422317,0.173897905685952,-0.218235231098253,1.06313128916867,-0.253109243140937,-0.225138421335186,-1.92088323986802,0.00844485327724143,-0.904181713506512,0.341455218982883,0.947242575157434,0.130779345566407,-0.0685035673302781,-0.129776615117045,-0.0874159262931858,0.049811409901858,-0.00592138621692298,0.0326702352474697,-0.322414763567363,0.397994557461295,0.10432749720687,0.00373059583420828,-1.89675962022623,-0.1269616664822,-0.647795669888285,0.394286924307235,0.668391944142058,0.340947004682384,0.459473676466188,-11170.4753715743,-8996.73165590454,-8873.17248815663,-8846.53881069271,-8845.03950435612,NA,NA,NA,NA,NA,2091.48034657216,1913.06753519412,129.681383437576,38.7843559303791,NA,NA,NA,NA,0,"pruned_test1_too_close",39,1,-8844.9251796203,3,"test0_worse_conv",63
31,"logit_random",-0.112891101508832,-0.0910280877972711,0.0316799301587887,-0.0350021581580139,0.0128790508336882,0.315928662012579,-0.164601614101839,0.382643318846126,0.178930737869829,-0.140982376110231,-0.50897473425789,-0.0351968022011762,-0.369688282608968,0.825676954202354,0.860774386990815,0.198823163900524,0.0140394779781699,-0.22802706225421,-0.267379418471038,0.0762955041287473,0.0401743255401829,0.138650089929651,-0.144173640582413,-0.0155086286796041,-0.382491788051622,-0.145300938515531,-1.80988523902653,-0.00198034233870407,-0.141629353122976,0.457063268702477,0.301455955435522,0.019935218221508,-0.992378045229456,-14721.6683617456,-9162.29679260338,-8882.4937141876,-8848.44348967836,-8845.08011048593,NA,NA,NA,NA,NA,3463.72293217808,1262.1874919962,633.460855462641,93.5989986445133,NA,NA,NA,NA,0,"pruned_test1_too_close",13,1,-8844.92122635432,1,"best",43
32,"logit_random",-0.143634736046879,0.0331075855874772,-0.165994009210147,0.11313103388947,-0.0119074139596556,0.0523370704066813,-0.0669557625279741,0.394497239557636,-0.667629029901515,-0.409222760972012,-0.879242848192543,0.0044647859829029,0.226739813400724,0.401425308245234,0.0368639501789585,0.344122224068269,-0.0526919043222117,0.0499656265076963,0.0205889042312253,0.0546411739839768,0.0533579548386334,0.106373112597988,-0.465780894655547,0.44636242689241,-0.732701088849287,-0.227953887505421,0.708426908308976,-0.0494565092466373,-0.527590006063083,0.50732396107167,0.196185758234933,0.357191786579788,-0.294935760962536,-13383.972860457,-9516.221789441,-8923.37796178711,-8851.21780890281,-8845.26756758958,NA,NA,NA,NA,NA,8091.53011415478,4720.20440439888,744.981566723114,47.4334976550148,NA,NA,NA,NA,0,"pruned_test1_too_close",10,1,-8844.9251796203,3,"test0_worse_conv",63
33,"logit_random",-0.129294605863711,-0.047790963321511,-0.279296892979448,0.0804873423433059,-0.00909033225705459,0.0607733617942073,0.230040525824407,0.483525005232411,-0.140379528488125,-0.19173478202128,-0.441693387093132,-0.0387075510050695,-0.456565182072894,0.726129382001236,0.798678785897791,0.974702604208142,-0.0029685371175623,-0.00111338704051185,-0.0959711455960588,0.294891710265412,0.0142687432321236,0.0836003390516546,-0.132318966140485,0.160842813967713,-0.335718804707759,-0.134955722913674,1.06070573670346,-0.0202342698543183,-0.747444340855285,0.276232982231304,0.0600920229312032,0.361916966144927,-0.58547445432897,-11150.1239336855,-9409.26971870799,-9231.58013025355,-9226.66122130282,NA,NA,NA,NA,NA,NA,2669.19430219397,2114.41078685745,NA,NA,NA,NA,NA,NA,5,"pruned_test3_bad_gradient",0,0,-9226.66122130282,5,"pruned_test3_bad_gradient",33
34,"logit_random",-0.123937628671425,-0.0999333030577616,-0.0386622619922269,0.0533573993025893,-0.00666007780656073,0.276383323408484,-0.0912036644372,0.26263412964184,-0.437293966476413,0.0696461813487758,-1.96563419007391,-0.078086929426934,-0.805567719187758,0.866726754261181,0.876879775319248,0.23812218690291,-0.152766133599755,0.0131089337105389,-0.199616597694243,0.0557598743702993,0.0262484909725954,0.10394587456294,-0.154567851508964,-0.240193909328279,-0.196002898558149,-0.0799264427697697,-1.82760952045436,0.0462769679541676,-0.923782475903395,0.059716818346642,0.712918669208884,0.734713263940066,0.485702240951389,-12793.6436073401,-9195.13255315106,-8906.86175405278,-8853.63467451412,-8845.20544460149,NA,NA,NA,NA,NA,11550.9204563589,481.007776102457,1348.11286893858,217.258171426106,NA,NA,NA,NA,0,"pruned_test1_too_close",43,1,-8844.92122635432,1,"best",43
35,"logit_random",-0.300527464203764,-0.0642372299697145,-0.129373527035116,0.233952581017301,0.041240808743521,0.134940545009954,-0.241321035489195,0.447191605923056,-0.424854086137348,-0.0637136612372308,-1.56555799744586,-0.0683580622463312,-0.527147306074735,0.744026414952241,0.103018557359464,0.255464644469321,-0.0547528684260156,-0.205374158358976,-0.0825144258858238,0.0477212332118802,0.010106685696407,0.0261574889934169,-0.225326140267996,0.170911726479572,-0.183084751034885,-0.121278034388647,0.558563196846249,-0.0673256646345168,-0.139856107217438,0.738220087047666,0.883135284110904,0.168030814905651,-0.673691725132924,-14815.2728575743,-9745.89394710457,-9283.5429401014,-9282.28199274407,-9282.28199274367,NA,NA,NA,NA,NA,13842.5252183288,109.949243345075,0.0315688097204706,0.0322511039530854,NA,NA,NA,NA,3,"test0_worse_conv",0,1,-9282.28199274367,3,"test0_worse_conv",35
36,"logit_random",-0.159411313715219,-0.22647204672111,-0.168036563221071,0.0781192792187482,-0.0111383308672378,-0.00047769647941745,-0.112305048912854,0.0668937032671993,-0.185695912574097,-0.0719729828718366,-1.68842188797697,-0.0473170620433407,-0.182539654498934,0.491129684126936,0.960222019422799,0.135947483940981,-0.111617013609103,0.0467962447608113,-0.476169825549851,0.0223582441459795,-0.0084109005450397,0.154943171942082,-0.223534904716626,0.637247726343908,-0.311032933494646,-0.163874950205027,-0.892232626920768,-0.0590066263762265,-0.256981229464068,0.29867052460555,0.352523636603728,0.354046729062684,0.536893156534283,-14757.2683332102,-9278.25680357701,-8960.79126559007,-8909.8824019724,-8868.09014016948,-8847.42460329794,-8845.044150741,NA,NA,NA,1655.00576362701,379.555302561173,2119.15611925464,1672.76311328157,413.040135679599,64.2870328984329,NA,NA,0,"pruned_test1_too_close",43,1,-8844.92122635432,1,"best",43
37,"logit_random",-0.0955623159147192,-0.260949677254639,0.0176001222263773,0.0900216891050512,0.0316561647506414,-0.0963415475577671,-0.0200010282703163,0.0468760067899792,0.299458382950453,0.071401052884289,-0.515974148142009,0.0582089077480289,-0.529551508868999,0.851189223555848,0.344119722368196,0.234076794818975,-0.008187843718566,-0.055691090374389,0.0972685987226138,0.0131911081885637,0.0203398910985741,0.0090675254584502,0.17554540296578,0.370835887946374,-0.0402980017296934,-0.0699615209873796,-2.50598968877213,-0.0608849738111181,-0.499748073218869,0.703745396407321,0.0110182966617867,0.653434688290581,-0.612739120149783,-12971.4423144106,-9341.12719175729,-8924.39438057523,-8855.48284376507,-8845.51177782226,NA,NA,NA,NA,NA,8469.96406892577,2993.78459956968,1036.08543513227,114.694525338701,NA,NA,NA,NA,0,"pruned_test1_too_close",10,1,-8844.9251796203,3,"test0_worse_conv",63
38,"logit_random",-0.117144662660394,-0.260118446311958,0.0133096713957547,0.186067235811776,0.0159089321075122,-0.0306200399001182,-0.0624420128338702,0.227199171948379,0.0660732255745611,-0.0431448345200215,-1.33972203099704,-0.0945841590497237,-1.25079411453717,0.105763487070799,0.980704872226343,0.728325690301135,-0.212820397108153,-0.27801089113691,-0.415830194821026,-0.0572092937938247,0.00443833547568289,0.117306604229728,-0.0224050491705177,0.0861540244479834,-0.0850335395155228,-0.114506867436473,-0.420895369477971,0.0162509797675423,-0.728309697832253,0.354663260541856,0.84004272592254,0.962938013700768,-0.449326861496392,-13025.3087582055,-9541.01570929048,-9481.24227567968,NA,NA,NA,NA,NA,NA,NA,14159.3831536065,Inf,NA,NA,NA,NA,NA,NA,5,"pruned_test3_bad_gradient",0,0,-9481.24227567968,5,"pruned_test3_bad_gradient",38
39,"logit_random",-0.120829268761915,-0.0762271540455742,-0.10176334816113,0.084388693707756,0.00387031711247403,0.0153070122487665,-0.344743114950914,0.312191003305413,0.124147340991699,-0.0494520135452367,-0.40717259301066,0.0109382502667209,0.0340540335106084,0.157098903539591,0.157955951439217,0.119132372611202,-0.00308428160909067,-0.155550527010301,-0.00717302504830403,0.0532776721033791,0.0278609948952382,-0.0662207007196623,-0.173972688023475,0.151207925655332,-0.276709246344308,-0.112703440083692,-1.55893087107541,-0.0782980451607835,-0.443244430641976,0.96635475164745,0.0882084965752438,0.674148298511282,0.653107963197563,-10876.6546967106,-8937.75980934372,-8874.41010494821,-8847.61731479854,-8844.97671524194,NA,NA,NA,NA,NA,629.043410192434,3212.40137985322,484.251051341752,36.5615658494608,NA,NA,NA,NA,0,"pruned_test1_too_close",63,1,-8844.9251796203,3,"test0_worse_conv",63
40,"logit_random",-0.0625422640340241,-0.106670468822296,-0.102985782799454,0.139144138369585,0.0232711433203639,0.267243815960071,-0.429096306119953,0.0910437909249451,0.297915137750491,-0.209938029972599,-1.38575186727286,0.0251791681580647,-0.180856883894903,0.734073960692622,0.804379433402792,0.266892727338709,-0.161864419192602,-0.0892546806627988,-0.0926738079971159,0.089032135144788,0.0323790124016915,0.103985639679897,-0.49791545432116,-0.0711991508933293,-0.00228975413347732,-0.0586874701544507,-2.63523411471273,-0.0460304980116366,-0.779534463995009,0.342326043802314,0.0381646108347923,0.231261977455579,0.468001691225473,-11415.9697231114,-9075.9779083156,-8911.19747178787,-8855.10110984213,-8845.6376503891,NA,NA,NA,NA,NA,1450.30701477457,567.720770360504,200.179437496465,102.495029116769,NA,NA,NA,NA,0,"pruned_test1_too_close",13,1,-8844.92122635432,1,"best",43
41,"logit_random",-0.106629392782575,-0.277439968145796,-0.128159943111727,0.11415494917983,0.0293873268280281,0.0881662391629593,-0.237869044232662,0.0396461453620152,-0.601888695908459,-0.0309892725469309,-3.22284201074186,-0.1419142081841,-1.09605668859862,0.543627531598322,0.505576451695524,0.446343467230909,-0.138750148432551,-0.0636931717594691,-0.0446750130839598,0.00811618697115389,0.0326537479436915,0.0874872569979763,-0.525363500523878,0.381359270429257,-0.350418332366653,-0.314489455684572,-1.20975930744516,-0.0480086724653693,-0.176955545890389,0.517738938238472,0.0382409658515826,0.673342138668522,0.439898297341581,-11469.5210212279,-9039.45598213655,-8968.30452646185,-8958.31599775238,NA,NA,NA,NA,NA,NA,455.900005343645,494.466497605089,371.59588183842,NA,NA,NA,NA,NA,0,"pruned_test1_too_close",64,1,-8956.24651072366,3,"test0_worse_conv",88
42,"logit_random",-0.0491807597714779,-0.23505835354312,0.0577884045777039,0.219511989858199,0.0214548883909724,0.21235071012558,-0.635226082424086,0.345226858002844,-0.5179368096408,-0.116561418335862,-0.613496436479942,-0.0076006603678155,0.0442762218383429,0.057935357587412,0.76130588142667,0.179654940110631,-0.139169940787738,-0.13516557751675,-0.27463324731697,0.143973840091572,0.0127507056688673,0.174979513382957,-0.295264924629494,0.330276891167832,-0.439414941132102,-0.112472728828691,0.245250649179974,-0.0853983272608656,0.102816679861785,0.218320897230878,0.406207624641247,0.657629744284786,0.157766552656949,-13082.615209076,-9422.58074359555,-8992.0131785511,-8961.13186811122,-8956.60258464615,-8956.25485023887,NA,NA,NA,NA,4687.87679231184,796.96919401011,260.28581254097,82.902332701675,27.7159763037201,NA,NA,NA,0,"pruned_test1_too_close",83,1,-8956.2477391229,3,"test0_worse_conv",83
43,"logit_random",-0.0878284637654204,-0.0671021490632055,-0.164200959871222,0.0923076633545622,0.0204381781903257,0.0592146828260812,-0.373568703267639,0.195138102227347,-0.487476599624027,-0.147813232584619,-0.853436150659576,-0.0209551427657548,-0.48315893262604,0.966876622163691,0.931857897094451,0.831617910945788,0.00862251440213288,-0.0986931289871936,0.144855464997493,0.0065219203722691,0.0234726793334033,-0.107028271588486,0.0835477669641111,0.184708034689518,-0.0942164249420346,-0.014223157753551,-0.110482387718826,-0.0757341726227191,-0.605970433440967,0.542506902990863,0.785531371776015,0.797792167556472,0.439366002944604,-9726.07522910522,-8976.34403038945,-8850.65080297106,-8844.98018441648,-8844.92122635432,-8844.92122635432,-8844.92122635432,-8844.92122635432,-8844.92122635432,NA,4084.044691334,398.565934841293,63.8513649967473,4.02788195061797,NA,NA,NA,NA,1,"best",0,1,-8844.92122635432,1,"best",43
44,"logit_random",-0.0795700669041592,-0.0042624781674544,-0.182976663649602,0.109172265866806,-0.0156205617362328,0.281094452178381,-0.230530437468423,0.228805095862794,0.043762739102487,-0.363705354283371,-1.76810405834797,-0.0788003763299671,-0.753693674965121,0.238284362507984,0.537353491196409,0.222192106507719,-0.0817485890868125,-0.121533909618279,-0.220820809674616,0.0691785655796009,0.0318610169269127,0.0909448016994964,-0.181457843528198,1.04698316881336,-0.150250600258083,-0.156297004520023,-3.14811696877422,-0.0777255637502144,0.341817686480421,0.055988833908923,0.591589301927015,0.950928353103809,0.155463126551045,-11982.6864301189,-9266.09751092699,-8922.83188462046,-8850.40388533632,-8845.18519166878,NA,NA,NA,NA,NA,11580.3488324359,2228.72865609626,199.435161920036,30.3330004050194,NA,NA,NA,NA,0,"pruned_test1_too_close",13,1,-8844.92122635432,1,"best",43
45,"logit_random",0.0142038564446635,0.0961265898570262,-0.18299144104117,0.0676489644570201,0.0449065342179587,0.0773833537231807,0.0621281234871981,0.505469077100747,-0.0750399277459452,0.0624968963960097,-2.26023276473326,-0.0937301974122556,0.193695743701452,0.752764041237533,0.626277578519657,0.917523740711622,-0.0745907489756558,-0.0166772645020573,-0.0754586924019099,-0.0279061653471158,0.0247438653020625,0.159578954639562,-0.392245563386585,0.682298184889988,-0.551093822944545,-0.312974501521985,0.868081986851498,0.0345849016701183,-0.287141635550788,0.152993772071786,0.4459046632424,0.535926840142347,0.203613835181194,-11338.2403191194,-8920.22973989265,-8852.92608565351,-8845.36601076594,NA,NA,NA,NA,NA,NA,917.202622993316,463.402902228401,126.988609479692,NA,NA,NA,NA,NA,0,"pruned_test1_too_close",16,1,-8844.92122635432,1,"best",43
46,"logit_random",0.0588409619886122,-0.1405997472582,0.170314650791761,0.171500531654391,0.0441447741890399,0.110133442551657,0.174850874720386,0.511428485613607,-0.298057624571977,-0.0588581119387727,-0.845144249979349,-0.0982343246302312,-1.09442032174759,0.469415761008859,0.864378981986083,0.67372168768663,-0.0343647867110115,-0.0672786293455446,-0.244018280485257,0.0677319958134593,0.00531322062623025,0.364701501258528,-0.119559556357082,0.314125068170722,-0.470736929427713,0.0558544412078112,-2.96163227482954,-0.0533173192716885,-0.46822322821739,0.0757053099246696,0.0786850701877847,0.821375940577127,-0.248625333841796,-14622.2940700513,-9085.89058417441,-9000.29610843722,-8978.05971367589,-8971.4844355705,-8961.85251771758,-8956.87233638928,NA,NA,NA,3151.37026240089,411.79963024607,152.379809392906,176.778819001169,361.170170345706,46.3440144078182,NA,NA,0,"pruned_test1_too_close",83,1,-8956.2477391229,3,"test0_worse_conv",83
47,"logit_random",-0.0610671507781778,0.0047392641917483,0.0373334474039135,-0.0176263690099173,-0.023215250985742,0.193902418902264,-0.534845608803258,-0.210041635814544,-0.298277666671263,-0.101531039831185,0.0115897569048242,-0.177129245494844,-0.170725714256734,0.0244289296073839,0.501636163643561,0.123168215383776,-0.115881448416687,-0.124079952141965,0.0705533162222263,-0.0572618950667804,0.0403850696367383,0.0871434117464914,-0.352193020437886,0.189353326255561,-0.136106336163808,-0.254156691189153,-1.75392696920882,-0.10529053574164,-0.119361199158684,0.906292225890793,0.374110111519694,0.505753222224303,0.265211499605285,-12363.8940313294,-9173.73756764031,-8877.2900466866,-8846.30698401763,NA,NA,NA,NA,NA,NA,4058.6895327891,1737.47571630726,390.580736365755,NA,NA,NA,NA,NA,0,"pruned_test1_too_close",75,1,-8844.9251796203,3,"test0_worse_conv",63
48,"logit_random",0.0495826550866543,-0.228866313641488,-0.182388852308357,0.052730514118771,-0.00235833667856967,0.209547035402518,-0.333678229020013,0.574986388309125,0.142478985948362,-0.0449681558499136,-0.657594558536645,-0.143763765465487,0.0689829585366623,0.238823549835943,0.333828787906095,0.243517146920785,0.00310232703103366,0.0369352642790794,-0.0997056704485612,0.0298076173222089,0.0200028971721214,0.274417541850914,-0.419790875583248,0.580436266014987,-0.330842385598499,-0.0559370523638318,-1.08357066390194,-0.0217265472277205,0.161099016963971,0.220310094016604,0.920585406553,0.59342929890845,0.00325528608926521,-13516.1028721058,-8900.54331954737,-8850.94268212754,-8845.33383743861,NA,NA,NA,NA,NA,NA,799.750987135417,238.070125202755,22.5557400342427,NA,NA,NA,NA,NA,0,"pruned_test1_too_close",26,1,-8844.9251796203,3,"test0_worse_conv",63
49,"logit_random",-0.0812301822235289,-0.0137906252023595,-0.00494789118866579,0.152141844921865,0.0015050920545718,0.163490328188909,-0.247844464947184,0.0418367040066326,-0.433558884892815,-0.188218434097391,-2.55684019053505,-0.123807208514638,-0.511667701736183,0.287013449245133,0.46598767049145,0.444476941367611,-0.106700096914053,-0.0678045355130346,-0.00692256545252457,-0.000626248171308616,0.0144490791807696,-0.000174407561718964,-0.303747691409517,0.0208213709104464,-0.256828852694116,-0.095144708934054,-0.748841700702518,-0.0290599049790891,-0.37906234400855,0.571909467238002,0.163213094114326,0.174910920443945,-0.371927055695955,-11402.1305725648,-8957.94628107902,-8848.98788393408,-8845.19543278534,NA,NA,NA,NA,NA,NA,2737.05892845389,181.997478429031,28.6773011363188,NA,NA,NA,NA,NA,0,"pruned_test1_too_close",18,1,-8844.92122635432,1,"best",43
50,"logit_random",-0.030114345262182,-0.132295790118077,-0.0978449576311355,0.0230007027746239,-0.0101896725855441,0.309782669429445,-0.134201256782,0.379749331496118,0.150491220934365,-0.235645689832181,-1.35948388406682,-0.114170372447176,-0.154292726806916,0.621857265471481,0.241960825934075,0.150758439623751,-0.119220997487646,-0.0148486573400911,0.0827617743931047,0.0889986062142195,0.0371020291706503,0.116933873040916,-0.500912296690578,0.405772767660023,-0.483714527901435,-0.00244119850673928,-0.793643692928294,-0.0996248117129587,-0.501626658083288,0.611201811586507,0.200675522894599,0.948442862969823,-0.136432675316548,-10606.7450550658,-9032.80757951885,-8924.69125541674,-8855.85372543571,-8846.07907263281,-8844.99833239262,NA,NA,NA,NA,1027.62787599536,229.987954106337,409.065223554474,81.9753166830999,42.7818977669039,NA,NA,NA,0,"pruned_test1_too_close",5,1,-8844.92122635432,1,"best",43
51,"logit_random",-0.13119658507087,-0.081186235753874,-0.334462199329324,0.028243978952294,0.00350111159374758,0.0620088878801135,-0.556826887752561,1.0674095987207,-0.111007472160606,0.0353577241011347,-1.27574397084113,-0.0536614320449658,-0.783647638577179,0.812537107928656,0.160298613528721,0.388775261030532,-0.186693243909521,-0.105631341854801,-0.0687741568965523,-0.0979268807567673,0.019573034945759,0.0665054886769327,-0.220820933338395,0.663543260750919,-0.400354814559059,-0.0540757676676163,-0.774145041343531,0.0547764167576494,-0.793252977698038,0.289688836988062,0.943596212905832,0.536710444069467,0.167183762591247,-13331.3576650131,-9072.80183590446,-8858.03806052356,-8845.50561360228,NA,NA,NA,NA,NA,NA,5281.85587492621,1540.6977585437,145.518534022939,NA,NA,NA,NA,NA,0,"pruned_test1_too_close",2,1,-8844.9251796203,3,"test0_worse_conv",63
52,"logit_random",-0.0451482510161962,-0.126934263826414,-0.161004486160589,-0.0482485611364341,-0.0269046540170078,0.392796449958251,-0.0658754680730587,1.03363209612108,-0.0416328797029812,-0.0943596984288917,-1.06387816718422,-0.122781261122786,-0.786234375620397,0.830101586584933,0.169089631852694,0.335508880070411,-0.119805778787171,-0.209459696976765,-0.221991340672878,0.0675692551792843,-0.0221429825006121,0.0624249561129677,-0.813583546256553,0.103520946048843,-0.316287981251478,0.0343315198807669,-0.730006705243137,-0.0549452193494613,-0.174526391454883,0.468774874005467,0.389541243761778,0.768533436688595,-0.75953684845326,-10568.6381152736,-8989.90131940903,-8860.50213035559,-8845.58068722772,NA,NA,NA,NA,NA,NA,2893.27047794635,861.079631200782,115.706994968845,NA,NA,NA,NA,NA,0,"pruned_test1_too_close",11,1,-8844.9251796203,3,"test0_worse_conv",63
53,"logit_random",0.0951374080220994,-0.0293956666079211,-0.330446171229379,0.0747406873406,0.0371349317976486,0.101474698683826,-0.273117881112238,0.514313593631528,-0.542646237211453,-0.0331701370047139,-0.803654765429875,-0.0740113613759717,0.142910915579633,0.14734029726591,0.726072094119154,0.68591073368676,-0.0453791980948085,0.129257642678339,0.00640756193941518,0.204434281652738,0.0147663984264714,0.073582904690889,-0.0838204471899879,0.14367872597213,-0.436047458774481,0.155465851323194,-0.101294934522618,-0.0294675760605562,-0.219353976692388,0.572218367187306,0.5864592877822,0.0568232957739383,-0.328424918091907,-18491.6829158864,-9186.27486102095,-8893.15106740613,-8847.36447306435,-8845.15933034657,NA,NA,NA,NA,NA,6090.38762456543,3523.96474844814,501.009592593009,113.37608153051,NA,NA,NA,NA,0,"pruned_test1_too_close",13,1,-8844.92122635432,1,"best",43
54,"logit_random",-0.0297027235710127,-0.124881821740024,-0.0731873732517184,0.109426945424476,0.0268360110549623,0.104818799158506,-0.178030303454656,0.317503370551468,-0.322199111213025,-0.126996311224751,0.493607936233462,-0.127677845630683,-0.671025063151016,0.749287427230738,0.614430673317984,0.205323245362379,-0.0609042909505368,-0.0755486766852365,-0.230943880116877,-0.0434774887929201,0.036777792228402,0.0637396696743968,-0.12601226927154,0.283917764870816,0.286871135055826,-0.0760689946480826,-2.90128381051107,0.0601273177364852,-0.58675071219089,0.964919267748482,0.229127978007309,0.120483290879056,-0.438904093034844,-12169.8115319699,-9272.52035114725,-9065.13754991386,-8906.08074676092,-8850.70442073471,-8845.1102410917,NA,NA,NA,NA,2025.64474578961,2360.65046921283,3014.88456134584,450.114056657566,36.3412500216027,NA,NA,NA,0,"pruned_test1_too_close",5,1,-8844.92122635432,1,"best",43
55,"logit_random",-0.0678899546876512,-0.111714766497084,-0.314689682665814,-0.0755955293712053,0.0750723657946094,0.350821387977819,-0.575511361133321,0.714207899854148,-0.0587265340956823,-0.273379909189963,-0.279766847273666,-0.0150118166329152,-0.360646804795141,0.848842931217514,0.542710392242298,0.909824640084989,-0.152330000157122,-0.0204614300630016,-0.207516647845682,0.0397462180338577,0.00416133205017825,-0.0289330771916121,-0.412363482697409,0.138288755354978,0.434273989521824,-0.239743559149483,-1.57998719329669,0.00993801711888979,-0.282745233207509,0.597087197410874,0.074525014036335,0.698359888042323,0.159662793450245,-10245.182606801,-9069.52981594036,-8925.61984578617,-8847.83734385588,-8845.05666297175,NA,NA,NA,NA,NA,1338.50614088403,3165.57828114192,305.556913894845,52.601426001066,NA,NA,NA,NA,0,"pruned_test1_too_close",13,1,-8844.92122635432,1,"best",43
56,"logit_random",-0.120760360960266,-0.20084905413903,0.0722181313806786,0.0563786169683876,0.0301144677542293,0.21634930915753,-0.730623297127724,-0.183517197344378,-0.721946929438873,-0.143978260317244,-0.145852417852258,-0.00335746295669966,-0.479361020887593,0.504962993036024,0.657066043079831,0.820363221857697,-0.105453946444205,-0.167034363231481,-0.0693395197966778,0.158285408391424,0.0112104889654241,-0.0357737998117207,-0.202576790560669,0.600418007882883,0.0568532185395081,-0.111033122297995,-0.726090322547603,-0.0972983250517426,-0.316175687819083,0.199734739004634,0.675357272680849,0.138032769374549,-0.082671507490931,-12236.9608215434,-9040.21094275526,-8854.28319386487,-8845.31873273615,NA,NA,NA,NA,NA,NA,4127.27409069398,885.608496001687,217.133189707676,NA,NA,NA,NA,NA,0,"pruned_test1_too_close",7,1,-8844.92122635432,1,"best",43
57,"logit_random",0.0162550664315046,0.0615939794048152,-0.323250344738509,0.063824472517738,0.0306816547511122,0.232667409242723,-0.44945353253492,0.337163975923205,-0.584877720406664,0.195753102333569,-0.957851330789936,-0.0714001568639489,-0.740937833689112,0.120794846317731,0.236383570837788,0.472079046629369,-0.124145611286926,-0.0754444833447223,-0.185910114782949,0.132860994576222,0.0564484168906845,0.107265595295569,-0.138851156684772,0.487896678289118,0.0304434689794224,-0.0690113220625639,-0.499004530512832,-0.138270239194485,-0.567094590458405,0.213499073414132,0.933167192540131,0.402806777190417,-0.04283058150848,-11982.4330958702,-8980.03638286099,-8870.50109991445,-8847.9589614433,-8845.0346197684,NA,NA,NA,NA,NA,1395.5539539893,501.669807526299,302.348766050303,35.0657682031689,NA,NA,NA,NA,0,"pruned_test1_too_close",13,1,-8844.92122635432,1,"best",43
58,"logit_random",-0.156707270786331,-0.11513001406,-0.263161796987705,-0.0101165731359425,0.00916336851146898,0.658572037537044,-0.118822497652342,-0.128777593951625,-0.138891127509888,-0.219127718418443,-2.16986547112048,-0.0147053980449839,-0.505748383724209,0.448479103371501,0.0252769644046202,0.802797893481329,-0.0288091169074078,-0.146821109448753,-0.163864105761048,0.114928480224489,0.0256650960122498,0.142715416536192,-0.371805617974951,0.419931468622442,-0.451348571913891,-0.133522224346914,-1.50514756859738,-0.106981871372697,-0.601205265299627,0.280945560201071,0.17592901380267,0.519498017178848,0.583809476393117,-10462.0609657814,-9014.50199259273,-8873.13285428936,-8846.58002726037,-8845.00151912745,NA,NA,NA,NA,NA,5814.44679661293,1183.1235818855,128.141162610953,33.3324057948706,NA,NA,NA,NA,0,"pruned_test1_too_close",39,1,-8844.9251796203,3,"test0_worse_conv",63
59,"logit_random",-0.0878012869023903,-0.246163326618447,-0.223420171434419,0.124370131373125,0.018394993962234,0.111007089297726,-0.29197567681348,-0.373863544981043,-0.450518501531415,-0.0252556820715402,-1.75630896267773,-0.136128827166703,-0.403154403102016,0.370508660306223,0.530894531486556,0.290136583573185,-0.0615226996865895,-0.135693157561202,-0.186014296302715,-0.0817812761356885,0.000111938680006474,0.222122794967251,-0.0727508534418382,0.335725485729402,-0.258683460073508,-0.392057484526564,-0.925878391594056,0.0534283356293239,-0.34897082322188,0.101381214512512,0.921460067890584,0.084820200977847,0.0223953815205307,-13863.17093411,-9181.94818704883,-8898.72293188212,-8849.19537263194,-8845.42112206321,NA,NA,NA,NA,NA,11750.1967191884,3660.2904491819,808.255998923263,138.219212000831,NA,NA,NA,NA,0,"pruned_test1_too_close",10,1,-8844.9251796203,3,"test0_worse_conv",63
60,"logit_random",-0.00125909807568382,0.0277007920658722,0.118343928061879,0.065930180497427,0.00283326828115263,0.282455065512142,-0.531587581561816,0.452490395343424,-0.554002076463463,-0.0684575570575341,-0.667335166606354,-0.106224096359406,-0.566657400143094,0.0357001658761874,0.211378705082461,0.955117324837483,-0.132111397596236,-0.124762409092436,-0.126011996133566,0.115408947335699,0.00605313222601676,0.133012506797692,-0.303252308334166,0.328469880817637,-0.127587637025798,-0.0701529704427577,0.579355598143204,-0.0294674291987872,-0.247053246347472,0.287682834272273,0.703307497357018,0.608858048100956,-0.822323366510422,-12328.4954328473,-9540.95677603849,-9282.4364535691,-9282.43635328791,NA,NA,NA,NA,NA,NA,7213.89020356295,15.4805175386124,15.8615209917253,NA,NA,NA,NA,NA,3,"test0_worse_conv",0,1,-9282.43635328791,3,"test0_worse_conv",60
61,"logit_random",0.078544455285972,-0.0564677616932057,-0.243196896581897,0.074898559298726,0.00947272328399944,0.200492275117437,-0.0242733691604433,0.280852048600653,-0.0603826941433176,-0.086492011967621,-1.36065241514115,-0.0671459648955478,-0.65889941894555,0.76515523779206,0.538771328115836,0.84902208251413,-0.087306275893424,-0.0321345872582764,0.0653117179534735,0.188308391733669,0.00160164087968788,0.0601741773333316,-0.326165889492342,0.244692166404457,-0.524384876165136,-0.0809755775631073,-2.41808289569365,-0.0360007763628957,-0.504229430251598,0.838283335296437,0.328085522968322,0.780242195748724,0.564504090889627,-11023.877666254,-8982.86839836738,-8854.83025126022,-8845.46385565991,NA,NA,NA,NA,NA,NA,3706.82989629652,1027.44312773316,68.3070980968942,NA,NA,NA,NA,NA,0,"pruned_test1_too_close",15,1,-8844.9251796203,3,"test0_worse_conv",63
62,"logit_random",-0.0639462030211476,0.166170072122728,-0.143458079190267,-0.0418385669127637,0.00832198458807411,0.271267948426782,-0.572160398733191,0.452396691751117,-0.098612100611301,-0.185408937948587,-0.565422744397349,-0.0162346166975556,-0.487009175407378,0.365277433181182,0.105805071787909,0.733497234401293,0.0539402338932401,0.0473170805504316,-0.220963068001501,-0.106442607608017,0.0117652471647243,-0.00153187112409289,-0.131314775931489,0.723119201041642,0.0329585618380817,-0.112646439766921,-3.44697466319229,-0.0335622355734605,-0.275716252368167,0.616962118158117,0.726004679645412,0.0659144656267017,0.198062173282839,-12267.847160329,-9006.80423232456,-8852.77685781154,-8845.14769774665,NA,NA,NA,NA,NA,NA,3068.60680325047,561.72874762494,32.1180302613974,NA,NA,NA,NA,NA,0,"pruned_test1_too_close",15,1,-8844.9251796203,3,"test0_worse_conv",63
63,"logit_random",-0.117774570737232,-0.0780591377970062,-0.217914103130256,-0.0174598476010711,0.00825791537518148,0.124563483168304,-0.249429031299325,0.528891915717272,-0.327531693544727,0.0643643531508935,-1.03681143409042,-0.00887398194954971,-0.617118252568002,0.780170053965412,0.339034503577277,0.833958888198249,-0.00965985251928988,0.0465188399945028,-0.0831109597784065,0.155708440446936,0.04096068697693,0.0984495672591576,-0.137725145463854,0.671423474185303,-0.661571824232113,-0.170534648653643,-1.7257748272298,-0.0365965734061202,-1.36830289045728,0.978301666895859,0.930368160028011,0.888861063844524,-0.539770339004215,-9466.00177146375,-8884.50606751197,-8847.16541308084,-8844.99507992185,-8844.92520497454,-8844.9251796203,NA,NA,NA,NA,1003.51559474038,82.061129211533,24.212771278797,2.63981924849288,7.31449509260981,NA,NA,NA,3,"test0_worse_conv",0,1,-8844.9251796203,3,"test0_worse_conv",63
64,"logit_random",-0.0444946370639717,0.0271586581358338,-0.135771065076587,0.05877931136082,0.00225509896448409,0.0377362087839957,-0.227478304476201,0.484372628499476,-0.303155934235978,-0.0360664230065035,-2.52965174147188,-0.123687862722753,-0.210597162706614,0.296289554378018,0.730375539851375,0.238639461081475,0.0491603369674223,-0.193864952067046,-0.200425008031327,0.261249417761388,0.0190783430143027,0.205010659984522,-0.382238533088094,0.0732064007215978,-0.515717146289386,-0.0516761646649144,-1.65735567016314,-0.0142253399895288,-0.617781511092543,0.745079727200791,0.347087342175655,0.600867436667904,-0.217606375531048,-13001.5892410816,-9056.67724919289,-8958.22090372231,-8956.49515300514,-8956.27978393217,NA,NA,NA,NA,NA,2611.21999021238,426.153017324773,59.8006596522876,62.7307885766833,NA,NA,NA,NA,0,"pruned_test1_too_close",88,1,-8956.24651072366,3,"test0_worse_conv",88
65,"logit_random",-0.124062381584777,-0.0269345130338201,-0.118628121502164,0.0490296149437225,-0.00938216678387242,0.0489367761906991,-0.44612219708686,0.322238302000449,-0.490017888925588,-0.135019125005043,-1.87052486635356,0.0216036571852084,-1.00651641417608,0.799925772720017,0.89497009631712,0.0307750572590157,0.00330309383368166,-0.0980234137549381,-0.091536091461616,0.0645271812208147,0.00806755330254939,0.182143913526668,-0.297562049646895,0.562576722932459,-0.672063361957564,0.167752221856662,1.15280270686896,-0.0285015330207328,-0.289235472215767,0.486580946748145,0.0393990029068664,0.528233667933382,0.977610209792344,-19661.0837036859,-8975.35842112399,-8912.74557085903,-8851.40698815369,-8845.4718072557,NA,NA,NA,NA,NA,1320.57036395993,2844.18760599903,974.593921437156,41.9220264699135,NA,NA,NA,NA,0,"pruned_test1_too_close",43,1,-8844.92122635432,1,"best",43
66,"logit_random",-0.0521536767707935,-0.121563727200309,-0.202443300347214,-0.0379758742640346,0.00746588404247708,0.0948446662976922,-0.443787676035993,0.2036880507638,-0.126001598893884,-0.187104600913722,-2.10252193156034,-0.0339573618474982,-0.30553854867239,0.524303104430437,0.839141205307096,0.106039580614306,-0.0425411926860326,-0.130205039459765,0.0772931496784015,0.00316835504837008,0.0350024475027578,0.106325942525859,-0.403922023149556,0.517033623970745,-0.0827435530523518,-0.103108827718352,-2.57439387901164,-0.0949349313344273,0.0202639646482179,0.736416557068005,0.280918376003392,0.333390137250535,0.19203815755362,-12884.1511038855,-9336.11594397723,-9188.48345606802,-9091.4453373066,-9017.47307474128,-8893.056919411,-8849.47275939538,-8845.04244810181,NA,NA,2930.90385804432,839.918946873683,321.781745875628,3654.9613886053,762.5746900773,389.440794861705,28.390389707901,NA,0,"pruned_test1_too_close",17,1,-8844.9304733633,3,"test0_worse_conv",17
67,"logit_random",-0.0559987425914325,0.00314883215911753,-0.193380448756675,0.0997905632078941,-0.0105765685017193,0.0496796265683119,-0.0375384069902917,-0.178192819083788,-0.416374114435507,-0.280367345946083,-1.70089426323172,-0.060345164757687,0.240683340474347,0.70204521374777,0.7017182488041,0.551092561492696,-0.166957359366589,-0.146233031652946,-0.084074966770996,0.0802900723525332,0.0298150271552586,0.0404659355569526,-0.608041310477583,0.203838981891989,-0.283522705954346,-0.35583073696002,-2.16273309747703,-0.142557171862661,-0.157692722060255,0.949997097989544,0.632693290580064,0.790411240556277,0.161239243243291,-10153.1119274433,-8896.24484444739,-8847.00096323657,-8845.02192829699,NA,NA,NA,NA,NA,NA,2045.9253185032,261.610972244346,37.7907863804142,NA,NA,NA,NA,NA,0,"pruned_test1_too_close",7,1,-8844.92122635432,1,"best",43
68,"logit_random",-0.0886172477540002,-0.183010185246378,-0.246960151915796,0.207102789291339,0.0423503164867552,0.188234367169041,0.0510087675721171,0.523773929101774,-0.054549630619267,-0.0833300123391695,-1.6225641531055,-0.0752996831008904,0.158016608129716,0.636571257230826,0.419037404083647,0.237021699673496,-0.096090965095425,-0.035625937145665,-0.16969353250561,0.163673983128206,0.0253950237694268,0.0783042093158628,-0.463996931351794,-0.0843593465504341,-0.0591278615889059,-0.192069184021453,-0.558073798803418,0.0186897434689927,-1.2740857312021,0.0144868867006153,0.888353622369468,0.32026436726097,-0.190500453371015,-12410.7197250586,-8958.95393224867,-8849.9778637027,-8845.02565412002,NA,NA,NA,NA,NA,NA,2376.3105652806,422.675941783674,68.2677574005025,NA,NA,NA,NA,NA,0,"pruned_test1_too_close",7,1,-8844.92122635432,1,"best",43
69,"logit_random",-0.00620841089150316,-0.100403126469013,0.0435446652967477,0.095957054123266,0.000259765115713337,0.263025883856299,-0.00820661386117122,0.28103013407358,-0.396468202204028,-0.0382923368565582,-0.607143268170814,-0.0114497412824605,0.0284333043981689,0.294801667346619,0.647633420145139,0.313858307874762,-0.0901911683801997,-0.168804552161851,-0.0310644870442473,0.0482455263979575,0.0270515044360811,0.252980366551864,-0.404143356400564,0.262790473786924,-0.442634805140386,-0.192167324490109,-0.584983524663099,-0.0926158437504866,-0.474939753387162,0.478874351060949,0.647569964947179,0.328278618892655,-0.722885682900748,-10118.9267237153,-8935.42284915505,-8865.52462234474,-8847.25795248117,-8845.03803103934,NA,NA,NA,NA,NA,4297.40518652076,1587.23018727648,76.3998086682808,31.5787187474413,NA,NA,NA,NA,0,"pruned_test1_too_close",13,1,-8844.92122635432,1,"best",43
70,"logit_random",-0.00534582148097024,0.0500059513011922,-0.107508398646005,0.100862061411833,0.00585081425054866,0.312572660074053,-0.106821884700311,0.394640522550628,-0.462845472829737,-0.108907057329755,-1.50833881244196,-0.180290994797975,-0.400809722476267,0.187082792241126,0.969837488248013,0.646827476155013,-0.0658475157017906,-0.0349229432604471,-0.0947091026750367,-0.0973815113822326,0.0137437151189884,0.350051207046982,-0.251235172682991,0.279624358419387,-0.460995235831782,-0.0872237481751951,-4.25276760310511,-0.108639564072389,-0.058362580662264,0.108158072442748,0.483155949357897,0.786075977324508,0.359188155194426,-11199.2182665514,-9169.21277568182,-8907.27392780861,-8851.00484867891,-8845.75036277317,NA,NA,NA,NA,NA,3947.47254954311,1149.12372327286,130.192412128874,110.089079086142,NA,NA,NA,NA,0,"pruned_test1_too_close",13,1,-8844.92122635432,1,"best",43
71,"logit_random",-0.102634540753975,-0.189131478341488,-0.175539491642145,-0.0400488869661246,0.0105848110012149,-0.0117088382209734,-0.313215053027238,0.889617313462115,-0.181433938836556,-0.0729586730439327,-2.23903433764778,-0.0838631545852227,-0.79723623372589,0.718853290015832,0.988228449067101,0.911589120132849,-0.0853575007411749,0.0289995962711388,-0.134759668635209,0.0986855816076289,-0.0242844171805985,0.191812475644149,-0.572017126448056,0.308207281500733,0.028038217534845,-0.156199156197996,-0.963860737836111,-0.0185985478844488,-0.624285407286487,0.632094387141988,0.837212321534753,0.791631080145016,-0.249972095547573,-9673.92171528075,-8979.23548568173,-8861.83989858668,-8845.80177630636,NA,NA,NA,NA,NA,NA,1095.66962546305,617.253700662663,35.8961320362795,NA,NA,NA,NA,NA,0,"pruned_test1_too_close",21,1,-8844.9251796203,3,"test0_worse_conv",63
72,"logit_random",-0.0290073637052329,-0.167376416882207,0.0205042394414848,0.0623135629348982,0.0168285800017615,0.190438201324513,0.0958929315025559,0.343537769664738,-0.381712975154929,-0.0709874172726674,-1.39375683888492,-0.0170393543753658,-0.34145656400678,0.593285651719198,0.175302388360724,0.917660102760419,-0.0599061267636216,-0.142275224716495,-0.309238462786144,0.221620324887683,0.00285185796618525,0.0720570135165563,-0.414212093257322,0.689604948102937,-0.107554070491873,-0.273004780624959,-2.01710521650078,-0.176382667657673,-0.0948456710025441,0.858815230000764,0.809644850809127,0.374613700276241,0.277654828477421,-10037.0729340394,-8941.52201315763,-8859.616378596,-8845.21397823345,NA,NA,NA,NA,NA,NA,1526.23450658266,508.448574363867,36.0790671022783,NA,NA,NA,NA,NA,0,"pruned_test1_too_close",7,1,-8844.92122635432,1,"best",43
73,"logit_random",-0.184190759586547,-0.146641438278062,-0.103524421732059,0.154346318240237,0.00750379356632755,0.145795492602206,-0.00536653064090326,-0.18953146531679,-0.449107073486052,-0.126569183120829,-1.38072237372161,-0.0564924890360409,0.158356460200735,0.917375736082904,0.311958989524283,0.596628007898107,-0.0751630489107958,-0.110921042514079,0.0162882346335269,0.0632844339466065,0.0204736987394208,0.5375301619018,-0.60998522445888,0.515326028751684,0.0888935310908841,0.101333480418389,-0.667556515116303,-0.0553763702528628,-0.447227612987361,0.567853998532519,0.199084521965124,0.790593819711357,0.03294226929952,-10618.5793269447,-9041.01637211599,-8904.51436399134,-8846.56556108196,-8845.03503469176,NA,NA,NA,NA,NA,2174.71409236128,1455.91647415224,265.774044902632,27.6001114845524,NA,NA,NA,NA,0,"pruned_test1_too_close",39,1,-8844.9251796203,3,"test0_worse_conv",63
74,"logit_random",-0.169217543931384,-0.299612819824138,-0.188321530605089,0.0138361695965621,0.0255941953853404,0.447516060109294,-0.250748986362043,0.139629843171981,0.417319565536915,-0.255603423251289,-2.09249113938982,-0.101164370920436,-0.317264569130885,0.043091751569882,0.198671776135452,0.806467632390559,-0.0149747426613442,-0.120059870231602,-0.0642961130960841,0.196191097254131,-0.0178646134155232,0.14341409860804,-0.103444400720383,0.496486978705775,-0.146040478980925,-0.402814801460806,0.011026619838395,-0.0726074141380419,-0.447299051825195,0.870067339353263,0.867676177960821,0.771031231335364,-1.18845610676579,-10272.7168925688,-9070.77449675401,-8876.76813016109,-8846.93334008302,-8845.00724377588,NA,NA,NA,NA,NA,1484.54069532562,1287.65054432151,179.047520328129,52.9330554567194,NA,NA,NA,NA,0,"pruned_test1_too_close",39,1,-8844.9251796203,3,"test0_worse_conv",63
75,"logit_random",-0.284972691942718,-0.188178935968807,0.0398966878928673,0.176937119128922,0.00481705978724506,0.185912708137891,-0.190204597122388,0.371070446482642,-0.00175123310310837,-0.186760013301951,-1.59588884652321,-0.0278388932254037,-0.268130158987904,0.582435357519425,0.412068288540468,0.397612513117492,-0.00965246110013463,-0.148336425288047,-0.160015650676148,-0.0518786297243621,-0.00800208474596852,0.0571347512153902,-0.34655536966929,0.00844846461227433,-0.0948572644868308,-0.163132762783773,-2.35145336617753,-0.124778439246509,-0.298618151659608,0.416045975228772,0.96742045762483,0.146127105299383,-0.14308759806478,-13072.4278034699,-8934.93733549949,-8856.89321755315,-8845.32289907742,NA,NA,NA,NA,NA,NA,1661.41873927326,543.554682751188,23.6598499492493,NA,NA,NA,NA,NA,0,"pruned_test1_too_close",15,1,-8844.9251796203,3,"test0_worse_conv",63
76,"logit_random",-0.0557554374843205,-0.17071848976255,0.135104255402684,0.025164178112878,0.00147006245675826,0.00359608227299468,-0.0883273474081963,0.369869375698856,0.0496083166138777,-0.253597626126297,-1.80091544061847,-0.158821895826625,-1.03750754285759,0.152291396958753,0.1372010227805,0.0540885455906391,-0.112459415373491,0.0154243228282257,-0.204586469636838,0.1766944894127,0.045790967492257,0.023109391923535,-0.402370786968107,0.269902242581293,0.443231209324268,0.0919470995871427,-1.15792992549718,-0.0174560388861058,0.16672624664115,0.0772291859332472,0.364381262562238,0.907270316006616,-0.374148566263576,-13376.2802878672,-9236.81225607035,-8932.49323774754,-8853.3639022568,-8845.32812203606,NA,NA,NA,NA,NA,3250.69587910538,1158.16005601431,511.227637106284,87.2287840975249,NA,NA,NA,NA,0,"pruned_test1_too_close",10,1,-8844.9251796203,3,"test0_worse_conv",63
77,"logit_random",-0.0900121828158626,-0.0433098886348717,-0.185497565830232,0.0696285856774265,-0.00140454726065826,0.403950017009492,-0.289400079970621,0.467502438637115,0.268952088324137,-0.0658002383217998,-0.638480577246981,-0.0449536360811015,-0.552051243218735,0.400367721612565,0.731079924949445,0.0503214121935889,-0.0744462929755665,-0.109131933964313,-0.184793059896496,0.105451920930662,-0.00635381783501762,0.127601852550785,-0.371928444628289,0.172947189122551,-0.320663624322378,-0.147731176811836,1.4251313059914,-0.0466852370332584,-0.0358167717426934,0.233369187675416,0.751617841850966,0.759397027683444,-0.352454152781278,-13359.2900769593,-9596.71443787828,-9047.73572969028,-8940.17178585658,-8901.48790755246,-8849.85544844935,-8845.28055039665,NA,NA,NA,7023.97956090008,5795.93946750085,2428.88428552229,1184.95710655598,264.258690352278,65.5372775455451,NA,NA,0,"pruned_test1_too_close",36,1,-8844.92122635432,1,"best",43
78,"logit_random",-0.22648933055259,0.0727057885583466,-0.0937868669460457,0.0211895764938917,0.0350078028323066,0.00278547850465996,-0.195912549810768,-0.188250984442061,-0.0904713213155671,-0.232558409710733,0.762007561697951,-0.00783482982150008,0.16502816023738,0.24486907850951,0.875317984316498,0.97058683230076,-0.0378559694773761,-0.174184014350895,-0.125534757679088,0.0039123143502765,0.0462817934729399,0.248419222884385,0.0249060729056141,0.533565678793376,0.0826894154494731,-0.0616955263723791,-0.772004127306209,-0.100260523652412,-0.209604278919928,0.322805890548043,0.714438513610512,0.0832958343951031,0.11038409914505,-13808.9469527363,-9401.92827853415,-9097.64597416741,-8898.16796666004,-8850.31437339444,-8844.99082738393,NA,NA,NA,NA,5069.51748696636,2907.44032940631,1564.26915036141,684.298416419928,113.477349252152,NA,NA,NA,0,"pruned_test1_too_close",5,1,-8844.92122635432,1,"best",43
79,"logit_random",-0.043767499183986,-0.0855592460446938,-0.139419326005228,0.00638592616271463,0.0113182335538811,0.0308168646283776,-0.346616093346555,0.253985781413938,-0.49610016028991,-0.311760992042017,-0.607613400121167,-0.00866156478453969,-0.701285348454569,0.751773602343164,0.0755857316730544,0.14059863677714,-0.0480033062046253,0.0128454410009398,-0.16323698848469,0.161943548857091,-0.00326588540139989,-0.017239814097868,-0.156581608788852,0.608400940588866,-0.296241079818999,-0.18033225620213,-1.45780854780123,-0.0976542262292879,-0.247495792480903,0.963213386442512,0.592532639312558,0.0450507381139323,-0.370071579058945,-14075.6131780187,-9160.43799016664,-8873.79456983331,-8846.75679478689,-8844.98101691927,NA,NA,NA,NA,NA,6364.52169178511,1220.98358162127,256.729620167334,26.4794848345341,NA,NA,NA,NA,0,"pruned_test1_too_close",43,1,-8844.92122635432,1,"best",43
80,"logit_random",-0.108205960949523,-0.0923506657304856,-0.216765907813351,0.128872790212246,0.018144570248146,-0.0811731960459116,-0.273663928696403,0.338736830377018,-0.166085074617205,-0.0841509276491157,-3.02282736366631,-0.115926770238486,-0.395533662757087,0.967210436207242,0.707670040163212,0.811210442278534,-0.103346488377967,0.0989015566238918,-0.186527632542038,0.0452967910168531,0.00789159541376421,0.227271490509438,-0.144466163166646,0.425631326253685,-0.530194882101341,0.00740834352731802,0.19264333615501,-0.0061374854940846,-0.18941537014449,0.0291633477108553,0.1319198063761,0.599577593514696,0.790939192857915,-10521.8248770046,-9034.46393159,-8892.15795189202,-8849.4556684458,-8845.09592092295,NA,NA,NA,NA,NA,1315.46184158056,2226.57460335429,358.396168238806,26.0815857987531,NA,NA,NA,NA,0,"pruned_test1_too_close",13,1,-8844.92122635432,1,"best",43
81,"logit_random",0.054161950114633,-0.102247859626011,-0.209313635280715,0.101310480674339,0.020876537431929,0.100711932783642,0.133376752319001,0.1668805365376,-0.206506311304512,-0.240520672681898,-0.687499219388324,-0.155006031537523,0.00467949433367026,0.76331284772139,0.0910178836248815,0.147111779833212,-0.0306829814815649,-0.0288398157967051,0.218981151011994,0.141817379674911,0.00809389092989006,0.0791737003991734,-0.0595245002367435,0.796450294468671,-0.0650118028144059,-0.106465423547024,-0.672447373486259,-0.0896220598920776,-0.179684246827769,0.713709654565901,0.896059259953909,0.583751501836814,-0.29114814817624,-14029.5575705188,-9211.11635215665,-8974.78070639585,-8853.95302186798,-8845.41608872973,NA,NA,NA,NA,NA,2366.8240681818,5682.70764131509,185.958171415197,67.9051912038027,NA,NA,NA,NA,0,"pruned_test1_too_close",13,1,-8844.92122635432,1,"best",43
82,"logit_random",-0.18777281686449,-0.129260156950292,-0.121783581295018,0.107558279135106,0.0188882343855207,-0.0894225804815157,-0.156624776427013,0.220761272259702,-0.0684387610734327,-0.0618684018946263,1.36043586629452,0.0227534662979403,-0.364137319629135,0.367565063801594,0.732271740660071,0.124458096185699,-0.130863259413352,-0.0780541186301964,0.0657628201960432,-0.0639662154174287,0.0163194582067808,0.110281791440722,-0.270696566558893,0.322071539816777,-0.309520472317061,-0.38597260722188,-2.91518115294439,-0.0129469716938567,-0.531627460154921,0.948991370294243,0.841195742692798,0.852390457377769,1.10176753193757,-11467.0764960674,-9194.96804121601,-8878.16755524159,-8847.85743201648,-8845.03103323224,NA,NA,NA,NA,NA,899.731406141422,2587.96746515311,283.028439969971,16.0979215224457,NA,NA,NA,NA,0,"pruned_test1_too_close",39,1,-8844.9251796203,3,"test0_worse_conv",63
83,"logit_random",-0.0236327272098651,-0.130002053430568,0.0207134882954149,0.0844194850884047,0.0213357216413932,0.253111723316135,-0.352368327911278,0.221120301029016,-0.433903108669729,-0.0921376815577314,-0.270941436381372,-0.0722131511086948,-0.0937398812908816,0.761491902130656,0.643830470270477,0.735568904005922,-0.128907717196591,-0.147353253173805,-0.150185580856101,0.205732995426536,-0.00724774548216196,0.0994662449571684,-0.288678931876817,0.703584971490296,0.00365247177078115,-0.242647057239644,-3.59817352484076,0.0142137159128455,-0.127168594328997,0.674762204391882,0.200156886060722,0.200090502020903,0.294062366425876,-10239.4447491137,-9048.9921245895,-8969.12989622729,-8957.39141663469,-8956.38578039287,-8956.248499538,-8956.2477391229,NA,NA,NA,1001.38229028492,324.580880431045,297.508648283374,167.165394853944,11.694489186072,9.05930412930461,NA,NA,3,"test0_worse_conv",0,1,-8956.2477391229,3,"test0_worse_conv",83
84,"logit_random",0.0122374118387791,0.0080621982261929,-0.213832398431333,0.0559460252074287,0.0171328887419769,0.256502606779091,-0.219963804983607,-0.0923467691163684,-0.0418018520635701,-0.222590400752561,1.28557303054815,-0.117514497271828,-0.196528186798871,0.975255343704484,0.0368823206983507,0.33247410567943,0.00118965709119315,-0.0562545434052984,-0.131467026309884,0.161480133035678,0.0193760449701661,-0.0564102666767383,-0.820174269151899,0.0583602833590628,-0.0147672054801729,-0.182684344574241,-0.60393785846709,-0.100864050826946,-0.706498803405853,0.858316196738742,0.443884116713889,0.185047262893058,0.363828111458528,-14179.353092835,-10133.6152286963,NA,NA,NA,NA,NA,NA,NA,NA,NA,NA,NA,NA,NA,NA,NA,NA,5,"pruned_test3_bad_gradient",0,0,-10133.6152286963,5,"pruned_test3_bad_gradient",84
85,"logit_random",-0.0776815178224438,-0.0869556180247421,0.0126363110035788,0.076679583590509,0.0326831582761585,-0.00250497259602886,-0.296186092347231,0.0364150869090981,-0.219623896007706,-0.104951238313383,0.641340014750398,-0.0708326070521913,0.123761895805197,0.36372991012875,0.760814363076352,0.853849155930802,-0.104918069667144,-0.182204492999384,0.0114667496626997,0.148694552024231,0.00858274161307502,0.117822227098036,-0.320634003861029,0.239712215904505,-0.416263620928452,-0.125049804910108,-0.954343407850583,-0.161663115877193,0.227918480139164,0.517068036994897,0.966319697042927,0.924847202538513,0.312489509041263,-10559.8894498672,-8906.16433792358,-8846.43291876428,NA,NA,NA,NA,NA,NA,NA,1293.7945269819,133.095221591225,NA,NA,NA,NA,NA,NA,0,"pruned_test1_too_close",21,1,-8844.9251796203,3,"test0_worse_conv",63
86,"logit_random",-0.150795225237859,-0.150745206067856,-0.123275640669558,0.0583808816483154,0.0254642268421374,0.0791934963496351,-0.35927636571558,-0.396600119623413,0.101071364793192,-0.000708527162121192,-0.0800814241191019,-0.00141104610160447,-0.997042061673041,0.775660531716421,0.600298174405471,0.82447769750841,0.00529090449997772,-0.147131562488246,-0.143613364713314,0.0483929853865206,0.0117022624703098,-0.0507056393675249,-0.419259971456897,0.25502540890857,-0.471848738740228,-0.0467612247845517,1.28969469852629,-0.0360670495833432,-0.174773026320642,0.160500326445326,0.534551227740012,0.0410509838024154,0.2474499839434,-13849.2392045275,-9297.63303808199,-9191.94060187454,-9173.00904791347,-9081.66362512742,-8981.38909008807,-8973.82684918699,NA,NA,NA,2363.29361714338,1553.13175235303,710.280225904199,1995.6873633287,502.779933762599,109.561161316354,NA,NA,0,"pruned_test1_too_close",23,1,-8973.49732913986,3,"test0_worse_conv",23
87,"logit_random",-0.0353913492345429,-0.0557451747065594,-0.129797784276442,0.0579440585794942,0.00037981077749848,0.200743927998698,-0.0891692767493132,-0.174749003209725,-0.285504077645469,-0.113165614406108,-0.289500661127557,0.025974401769756,-0.855461065607934,0.327944090664387,0.440440599806607,0.834638154301792,-0.114626530248957,-0.0599176584542495,0.011922210764375,0.064789055916458,0.0411962140842424,0.0185778886358579,0.114090737652434,0.472842778236393,-0.367051603998274,-0.29304302258582,-1.95933178053239,-0.0637374707795072,-1.11841828721598,0.766260091816075,0.9703000278119,0.544814849086106,-0.506900667808459,-9858.62501267129,-8961.09882359753,-8855.58011186623,-8845.24590690689,NA,NA,NA,NA,NA,NA,4536.61140574191,627.589847274095,87.715717904479,NA,NA,NA,NA,NA,0,"pruned_test1_too_close",7,1,-8844.92122635432,1,"best",43
88,"logit_random",-0.00787137574504203,-0.000217112679011311,-0.0747266232296767,0.0906920768658288,0.0282800742798413,0.0859066640455353,-0.079409412168289,0.374583346809697,0.514518487636863,-0.160214766330145,-2.31553108828294,-0.0809521295535914,-0.98225036151578,0.599535165238194,0.448772546127439,0.908675871002488,-0.205527026989819,-0.0793221554587504,-0.0937368496186474,0.122734188111194,0.00659622053847186,0.174234519490073,-0.13219322749236,0.516824988346628,-0.265258123760562,-0.0922814087497789,-1.2292370705961,-0.105583899062566,-0.418812449404196,0.780374102471396,0.536163350511342,0.29088267089799,0.379848664190936,-10201.3725824903,-9011.28531543772,-8960.52353720555,-8956.73562133604,-8956.26491890933,-8956.24651072366,NA,NA,NA,NA,1112.98280239968,558.79505199948,130.705617163768,22.0185715931611,3.9260493427405,NA,NA,NA,3,"test0_worse_conv",0,1,-8956.24651072366,3,"test0_worse_conv",88
89,"logit_random",-0.0567646159841047,-0.0514069951820892,0.00614440218528227,0.0897173650112506,0.00851243681853034,0.486707553282136,-0.0833978297979088,0.230520430112619,-0.00268690679963879,-0.215677532322124,0.0755285862039259,0.0285765823292538,-0.791899630746625,0.75028199698776,0.39730184938293,0.443455493622459,-0.0467598640917098,-0.109691020769319,-0.133133327500503,0.108902623998524,0.0247693340208769,0.129774190344601,-0.287906801422531,0.341971438586111,-0.0379636918387923,-0.0796848924507685,-1.51643586075206,-0.0926684162497768,-0.585389183284673,0.546306153708138,0.855415365980007,0.65915521865245,0.688415518355891,-9379.68577887593,-8869.44157011845,-8846.49721161101,-8845.02598964728,NA,NA,NA,NA,NA,NA,1046.03412936366,131.412646609969,45.4973752169521,NA,NA,NA,NA,NA,0,"pruned_test1_too_close",21,1,-8844.9251796203,3,"test0_worse_conv",63
90,"logit_random",-0.0907000355013562,-0.178130017688537,0.0380458659737128,0.0812114599428383,0.0213533811708592,0.232397236269588,-0.141254606926878,0.326906646501605,-0.168625374591181,-0.0371698668871232,-1.92454939696341,0.0203890284030319,-0.807718778884641,0.919090459132567,0.427491859551519,0.981352135324851,-0.074069674638705,-0.14074778499862,-0.183518817067316,-0.0110632549651855,0.0111418384762828,0.106422001786305,-0.397318123210643,0.488517091230148,-0.464128417456742,-0.15663243965328,-2.41317976177051,-0.0929434703675012,-0.246383395640024,0.272642850046977,0.35743620774243,0.966724287704565,0.300730857738747,-9833.42690655851,-9021.903825608,-8851.54218485233,-8845.29111290753,NA,NA,NA,NA,NA,NA,5310.73119875071,143.870038653421,39.3806943802208,NA,NA,NA,NA,NA,0,"pruned_test1_too_close",7,1,-8844.92122635432,1,"best",43
91,"logit_random",-0.0631551134426816,-0.192743761321256,-0.13012072551597,0.0500266253864273,-0.0110710202388598,-0.0360410369265372,-0.195574520144366,0.441597406554897,-0.504117283295705,-0.268810365401754,-2.18687905255871,0.0337487876447716,-0.396624234978695,0.330831252657808,0.112651976179332,0.256603470412083,-0.153861270846896,0.0557719407301538,-0.129636778931727,0.112709649660696,0.0276756387548571,0.0664961183907456,-0.29739402140503,0.0895668819712073,0.244198956329016,-0.0715556035186512,0.274784331279019,-0.0389757812392592,-0.746571245354957,0.710906831398606,0.923006288753822,0.293937603780068,0.393160639727765,-11771.6852450455,-9260.14600613248,-9033.47025964244,-8968.54276325978,-8958.99277624173,-8956.70923808117,-8956.32625488547,-8956.24964144251,-8956.247215764,NA,3372.44746475114,2442.73921038496,508.993700577271,180.592093008923,52.8434199030307,34.124876823464,17.2496890751106,3.05315820228392,3,"test0_worse_conv",0,1,-8956.247215764,3,"test0_worse_conv",91
92,"random",-0.372872099166,0.546317278304212,0.18206862820899,0.36648983842854,-0.286231096758837,0.0821999122417171,-0.00525279400893007,0.0630909197626253,-1.26055257013676,1.07161374932612,0.0595165438970343,-0.252390140799216,0.332816496580064,0.765959254852496,0.848593106893823,0.0565635506715626,-0.263912123492301,0.075250186630516,-0.295566396242833,-0.0146643842485482,-0.852188562359934,0.375141869269752,0.412696594332067,0.486161276223396,-0.209854361397694,-0.642065758089217,-0.437292041400159,0.284488353060977,0.391897089545549,0.629735862165689,0.648071229523048,0.0862480761855841,0.269126539303185,-51470.305209978,-9595.90073988285,-9282.58620192993,-9282.27937751991,-9282.2793775079,NA,NA,NA,NA,NA,3120.38474912955,21.9954370651054,0.11398618848975,0.116063268768057,NA,NA,NA,NA,3,"test0_worse_conv",0,1,-9282.2793775079,3,"test0_worse_conv",92
93,"random",-0.858990968582657,0.590511175317137,0.990451102479502,0.351871001441632,0.329924406425033,-0.75757887988706,-0.626487070983889,0.603143500930813,-0.247394987830321,0.280464181920299,0.365675670526629,0.408560243856126,0.233896033405122,0.826536703910679,0.44839141997043,0.89688545005396,-0.851546454840517,0.117796307856185,0.498115529673469,-0.226152790985988,-0.0454067501212678,0.783379957877196,0.82028671534029,0.31076838340309,-0.361697424996017,0.445136416878993,-0.676437300186415,-0.363653599408503,-0.434561523557251,0.689356502215378,0.523945660456084,0.358395743202418,-0.115736657563224,-59781.3354774991,-9287.74414821865,-9282.29639136998,-9282.29639118521,NA,NA,NA,NA,NA,NA,209.184497310129,0.972232955086581,1.00903177962384,NA,NA,NA,NA,NA,3,"test0_worse_conv",0,1,-9282.29639118521,3,"test0_worse_conv",93
94,"random",0.233394618874304,-0.294918288389428,-0.582819570070311,-0.452748452474345,-0.153439877714771,0.0289942454754532,-0.0384155136825731,-0.0926931976284609,-0.450387370146933,0.0352818727973025,-0.140799395620963,0.269986693854801,0.407257895232842,0.796114344811067,0.166938133966178,0.113707315069623,0.238615159753761,0.116825931892607,0.429197604953388,0.13246324628938,-0.0713650931632831,-0.681988955970253,0.00976333488034167,0.985448903470457,-0.424821523327646,0.158788713365977,0.44623062470218,-0.430525873648253,0.0335926915824013,0.380671908352524,0.222797968569212,0.197312212353572,0.476176766513518,-122145.645387967,-10512.3071012585,-9293.73214785965,-9289.38058006889,NA,NA,NA,NA,NA,NA,3336.53592224102,2311.04249196209,NA,NA,NA,NA,NA,NA,5,"pruned_test3_bad_gradient",0,0,-9289.38058006889,5,"pruned_test3_bad_gradient",94
95,"random",0.399176227458526,-0.0379226219957604,0.0964546846287763,0.438613441869785,0.206353025072277,0.277827631084837,0.512988299490793,0.660182938325843,-0.0468106408624591,0.940733334342866,-0.289627915764292,-0.331804522650359,0.012075441758362,0.295363741670735,0.251627468490042,0.641261690682732,-0.103617095056715,-0.950026407901732,0.54550374120115,0.613035107158576,0.0374829174714502,-0.231396282461935,-0.427745131999637,-0.442932609585281,0.44544189379651,-0.135991566837964,1.17664278578456,-0.366658598494139,-0.386794351052305,0.902370792543516,0.0756096445396543,0.340564747466706,-0.344122062064989,-52951.8012251573,-9273.06847019236,-8934.99864711712,-8889.73367145655,-8851.70599545731,-8845.34187372922,NA,NA,NA,NA,3127.24052809855,1402.89753384923,1016.68155249415,630.300946538767,42.3587094737644,NA,NA,NA,0,"pruned_test1_too_close",8,1,-8844.9251796203,3,"test0_worse_conv",63
96,"random",0.528978094422497,0.664274962288711,0.320234969656815,0.833156547779232,0.254872034782274,0.155815706209778,-0.367789534308775,-0.172951040543921,-1.07864457287065,-0.466885401086323,-0.258120703312585,-0.486499715054467,-0.337350688751471,0.744174773478881,0.457323667067103,0.56291300078854,-0.327939803836324,0.0168798224629384,0.268233939819409,0.740062854942183,0.251086080350339,-0.429420397561608,0.428558522684403,0.10016189388061,-0.533907171308676,0.698400526022991,0.105405994565127,-0.536555413690063,-0.215926038174419,0.619542490583844,0.519192473213188,0.38552844747901,0.40218083890256,-31412.0796491154,-10202.5225826153,-9283.30514715435,-9282.2816873298,-9282.28168731323,NA,NA,NA,NA,NA,12409.098282319,99.834857937222,0.264445969650769,1.06652080306477,NA,NA,NA,NA,3,"test0_worse_conv",0,1,-9282.28168731323,3,"test0_worse_conv",96
97,"random",0.139160853280761,0.0640438283141084,0.328655249273824,0.150901572561401,0.754049016757704,0.400019659756607,0.043062438160476,0.35220040451471,-0.213703724972092,0.0165788948120331,0.879644332761355,-1.04154687380758,-0.234672979842782,0.026079065031372,0.373209571139887,0.547464465484954,-0.0389535232937239,-0.583188325470433,-0.27966952576707,0.790759890973077,-0.00225283755552905,0.676156826984259,-0.185150399611855,0.210761059539118,-0.361293514997718,0.573192203425825,-0.541682279247386,0.7498357094216,0.268654354999027,0.787459454885684,0.801486259251833,0.160103210080415,0.239246492667787,-22291.6161902252,-9997.11505815002,-9091.922587971,-8893.37856414497,-8847.69443128755,-8845.21395719154,NA,NA,NA,NA,16465.6089686772,2446.04315990661,442.715411774805,198.825848872605,37.7711629990977,NA,NA,NA,0,"pruned_test1_too_close",8,1,-8844.9251796203,3,"test0_worse_conv",63
98,"random",0.120660235319021,-0.488245857049083,-1.19771817708054,-0.0354811907433081,-0.483572016314918,-0.653074446316719,0.174968005909005,-0.0972202063702433,0.340524393843035,0.047713055349344,0.455599517637994,0.286186056796284,-0.0952890820631237,0.26207706969697,0.698903035102412,0.891437130398117,-0.174635533580828,-0.965360172412656,-0.055042964766618,-0.294350269782761,0.0486193638094098,-0.0279884734614287,0.590021864527799,0.19394616473227,-0.577382541324246,-0.569156027754532,-0.919639187356435,-0.698686165323259,0.119887938428285,0.299671093286015,0.156318504316732,0.747608180223033,-0.567546444896032,-22202.231996417,-9533.7075304331,-8987.29184690786,-8877.53816869662,-8849.69699452043,-8845.00999709661,NA,NA,NA,NA,7583.36899068218,1552.03950255164,757.196654037829,234.329486441713,55.6477093273782,NA,NA,NA,0,"pruned_test1_too_close",8,1,-8844.9251796203,3,"test0_worse_conv",63
99,"random",-0.0836206950036896,-0.121270623553088,0.571955048251646,0.0105637909857362,-0.385588864766096,-0.0562813352807105,-0.488714602934202,-0.693090596227938,0.411773082812344,-0.630625299852018,0.277541615854362,0.0668517887641813,0.422460926297994,0.483999948669225,0.0266670891316608,0.420395525577478,-0.299183689625702,0.395026518970365,-0.042110160946609,0.00777579268816585,0.211962697867563,0.0849826753687053,0.0171218391645408,0.313439513098329,0.616233665676624,-0.179593035764278,-0.0394409769048924,0.995210552588279,0.554578899651754,0.611688681803644,0.183104166388512,0.318106270809658,0.42084948857392,-29873.1986447086,-10221.3602066451,-9095.92540367312,-8900.25708923576,-8847.85690262458,-8845.00743545225,NA,NA,NA,NA,7125.00454648153,6990.02597454809,2805.74989982811,640.983379170275,29.3867279514883,NA,NA,NA,0,"pruned_test1_too_close",8,1,-8844.9251796203,3,"test0_worse_conv",63
100,"random",-0.233793638794281,0.114455970512062,0.196918365637098,-0.584738294278587,0.1709041837395,-0.523678571191849,-0.065389556641106,-0.38030943544208,-0.727297048510637,0.29567786233056,0.092170900925607,0.162152684793538,1.00460017860347,0.869898899686523,0.497776101580821,0.0868198679853231,-0.477967981818648,-0.419923988687993,-0.35512126099484,-1.44864180346546,0.187963896788985,0.000279717078803286,-0.670527179144661,0.901949586503508,-0.0346328864618793,0.0745887399923105,-0.74003659880585,-0.331787996260709,-0.658137794983821,0.452884205197915,0.942367004491389,0.878352130316198,0.778813101933025,-26271.8841658725,-9452.72150878259,-9145.77018750821,-8960.20132506097,-8930.08062198111,-8878.98555875101,-8846.49316094324,-8844.961503148,NA,NA,3136.14128004648,1592.33212866085,709.960544727709,1260.32417098168,1568.70729586194,255.233635387737,7.14931649781099,NA,0,"pruned_test1_too_close",17,1,-8844.9304733633,3,"test0_worse_conv",17
101,"random",-0.690995339159994,-0.891472286149811,0.115862121191606,0.530982253652263,0.365849642129128,-0.217804952558083,-0.392457239274624,0.588607690924815,-0.124310520126458,0.332447007525987,-0.356207620767389,-0.0507142114383824,0.60287939575414,0.203070869455114,0.870827238964848,0.507521660635248,0.873707601406759,-0.239797292485462,-0.708826462432431,-0.411122011892974,0.248178087914552,0.385197999224369,-0.68384383706851,0.0640905789376193,-0.430784314867339,-0.0623422436599352,0.019024442964926,-0.682528347404244,0.426997510392329,0.0777039727382362,0.937854474680498,0.498164094178937,0.552118355308552,NA,NA,NA,NA,NA,NA,NA,NA,NA,NA,NA,NA,NA,NA,NA,NA,NA,NA,-4,"removed_nonfinite_LL",0,0,Inf,-4,"removed_nonfinite_LL",101
