"row_num","gen_method","b_Price_1","b_Acceleration_1","b_OpCost_1","b_hev_1","b_phev20_1","b_phev40_1","b_bev_1","b_bevRangeRel_1","b_noBEVFC_1","b_american_1","b_chinese_1","b_japanese_1","b_skorean_1","b_Price_2","b_Acceleration_2","b_OpCost_2","b_hev_2","b_phev20_2","b_phev40_2","b_bev_2","b_bevRangeRel_2","b_noBEVFC_2","b_american_2","b_chinese_2","b_japanese_2","b_skorean_2","class_intercept_2","LL1","LL2","LL3","LL4","LL5","LL6","gradNorm1","gradNorm2","gradNorm3","gradNorm4","gradNorm5","gradNorm6","stop_ef","stop_status","pruned_optima_row","end_conv","end_LL","end_ef","end_outcome_status","end_index"
1,"beta_var_val",-0.065961032,-0.086724325,-0.123458989,0.078787462,0.017337116,0.133321046,-0.225292786,0.305755872,-0.261643415,-0.113318709,-1.203619405,-0.05776064,-0.392742187,-0.06530142168,-0.086724325,-0.123458989,0.078787462,0.017337116,0.133321046,-0.225292786,0.305755872,-0.261643415,-0.113318709,-1.203619405,-0.05776064,-0.392742187,0,-9336.01250131243,-8914.69201233038,-8907.25938775741,NA,NA,NA,NA,130.056323804436,33.6308490240253,NA,NA,NA,0,"pruned_test1_too_close",4,1,-8907.05057532203,1,"best",4
2,"logit_random",-0.132912054426738,-0.0317514846597768,-0.296309833138667,0.132786088475688,0.0422129712608777,0.298561928959281,-0.403804848689593,0.582043518948123,-0.0697289753289601,-0.0357137987946508,-0.19267666316203,-0.088615234118855,-0.879291385688933,0.0161034727754064,-0.14300643230027,-0.219085681403495,0.0448505584388168,0.0445819028584534,-0.0968963278223813,0.0742113348941331,0.199852991309441,-0.40901879834951,-0.156459617862327,-0.626120200083052,-0.129548362074685,-0.572308082491704,-0.411438444428943,-10041.83384346,-8949.25767249981,-8909.32884221762,-8907.10385518913,NA,NA,NA,1003.84228212784,455.572951189763,36.4282569040816,NA,NA,0,"pruned_test1_too_close",4,1,-8907.05057532203,1,"best",4
3,"logit_random",-0.0712139533661922,-0.234805109101998,-0.273897049079491,0.114851146604367,0.0381744072562988,0.378571213963414,-0.370823364526657,0.227134972848306,-0.373269956840957,0.0891524688009366,-1.16545357121991,-0.108728817826955,-0.542250373874088,-0.0299624723483824,-0.0970688627563771,0.00586526524147778,0.191129935593897,0.020672750306152,0.0504392782720251,-0.190651426552813,0.629343808184064,-0.487523458800146,-0.0115171395524975,-1.5219504580417,-0.0285121492537339,-0.353570165570644,0.31192601720029,-9514.9849992871,-8954.61888444546,-8911.43219230776,-8907.28047205532,NA,NA,NA,1568.81034503928,333.68887940766,167.627580675217,NA,NA,0,"pruned_test1_too_close",2,1,-8907.05057532203,1,"best",4
4,"logit_random",-0.0813290964109317,-0.0850170225917828,-0.271688291044229,0.224291546742349,0.0277198951181197,0.431341707455648,-0.369073102379234,0.173860428772547,-0.228024405738469,-0.149035340552226,-0.931048438553067,-0.0276163435266425,-0.590285913209914,-0.0440562393955509,-0.0780637282607297,-0.201727401215915,0.0959757444715244,0.0337021090202143,-0.00105971253718584,-0.262822318655547,-0.000399982881298278,-0.352756893328809,-0.21892063776043,-1.18147131991273,-0.0484970163280335,-0.244347778067525,0.248445438112449,-9545.67770016178,-8914.21642694273,-8907.09798350031,-8907.05057532203,-8907.05057532203,-8907.05057532203,NA,289.522746212687,48.8151798931093,7.79195364664528,NA,NA,1,"best",0,1,-8907.05057532203,1,"best",4
5,"logit_random",-0.119868868325778,-0.112637238243265,0.172004990918167,-0.189186355726188,0.0313139797071506,-0.071663683817945,-0.249324755441883,0.420117241747908,-0.197547071821742,-0.170530928177282,-0.864594689040799,0.000910093078184897,-0.290098474826986,0.00662183290845868,0.00744485085009712,-0.225399439073841,0.144085190572459,0.0462963139127159,0.150599942831282,0.0315487990285536,0.268173850945952,-0.581733690849808,-0.0762506212467041,-2.22519719161509,-0.00124432398992742,-0.258966711873023,-0.362393592877076,-10067.8909089195,-9016.70201330535,-8956.89244056975,-8909.04116652378,-8907.11603656741,NA,NA,920.479057643118,3095.69387320777,97.1412816589817,30.7602862101613,NA,0,"pruned_test1_too_close",27,1,-8907.05300046905,3,"test0_worse_conv",42
6,"logit_random",-0.0150331234486085,-0.125035907847423,-0.356581028866325,0.0808707887999832,0.0309006254005847,-0.0532538010989543,-0.269500461194808,-0.137209704362502,-0.430794888604484,-0.0443790838185552,-1.93844873713301,-0.0209083487276567,-0.711581961994509,-0.131717494616134,0.0604026347388314,-0.352962593358962,0.0616107832310273,0.0250164051736542,-0.165708018034767,-0.196237410898384,0.152522383324248,-0.256450036097228,0.0192838301582185,-1.84172349106688,-0.0275634180492898,-0.252604282823492,0.974167328804263,-10142.4844831454,-8947.65368404552,-8912.29312305011,-8907.21791934774,NA,NA,NA,993.045960034017,287.3853744217,21.4833900630908,NA,NA,0,"pruned_test1_too_close",10,1,-8907.05300046905,3,"test0_worse_conv",42
7,"logit_random",-0.0768849661652772,-0.0354723896420691,-0.0562927682073148,0.10796401963052,0.0185786177913368,0.231726483651997,-0.0574577462969998,0.154006055417125,-0.0344897094090248,0.0681299810604298,-1.6982422303855,-0.130301785656572,-1.3695024135264,-0.111699396472288,-0.0255700033633223,-0.226505027683829,-0.0327153770901309,0.00350040127762792,0.114338037414419,-0.738329751476687,0.1431641699757,-0.944853944104429,-0.188270665191689,-1.45499687734375,0.0174994100972843,-0.238201900659664,0.0243714461139861,-9546.27335693518,-8996.14930758586,-8920.22274581945,-8907.51353928383,NA,NA,NA,1414.01627644196,613.498026279974,66.5493934967939,NA,NA,0,"pruned_test1_too_close",6,1,-8907.05300046905,3,"test0_worse_conv",42
8,"logit_random",-0.00178923084774839,-0.185097531433486,-0.220358442049782,0.0156518250567884,-0.000126554478172395,0.20343364969201,-0.0384464571662388,0.776440620180598,-0.303334158763296,-0.276792064469876,-1.87471503022261,-0.0321885877326055,-0.02328686331162,-0.122737494794386,-0.0430189442287779,-0.0857939961226245,0.275003126649363,0.0355740339951453,0.345935654942174,-0.258698810632898,0.16875359039754,-0.0973447416537145,-0.173387458705918,-2.00591779801492,0.0792438172815093,-0.033052636033593,0.244916468545395,-9544.59892548381,-8930.66587558075,-8908.16596565258,NA,NA,NA,NA,486.146761342337,135.227951296906,NA,NA,NA,0,"pruned_test1_too_close",16,1,-8907.05300046905,3,"test0_worse_conv",42
9,"logit_random",0.0472633207333241,-0.124774153224788,0.0491830334351064,0.0789696282619649,0.00768180766790008,0.156342663689968,-0.0480607777235375,0.837521445185013,-0.0774713260657001,-0.1836797675187,0.644691656313983,-0.0890116111213439,-0.309425480854696,-0.139698040242505,-0.0469450019352201,-0.115145765483664,0.0889403339528782,0.00224321282912058,-0.0735708974014849,0.0273353967508481,0.146179308271307,-0.146344146430437,-0.121412310246954,1.31967267315926,-0.038773772255293,-0.94669174002542,1.02048694176939,-12728.6537727531,-8988.39070664442,-8914.21972245739,-8907.23906577539,NA,NA,NA,1108.00221802212,107.517665039018,174.250053756803,NA,NA,0,"pruned_test1_too_close",2,1,-8907.05057532203,1,"best",4
10,"logit_random",-0.0491253357788771,-0.0568129866068393,-0.0202182725856738,-0.00593229816861381,-0.0309705889812255,0.254414500826644,-0.362349033772183,0.383907160590111,-0.151277340273099,0.104522641184453,-1.61636152243747,-0.0211079770420123,-0.70606135101813,-0.0191963149437918,0.0289751709096559,-0.287995380957043,0.138986089280855,0.00553305544596435,0.0672569877021545,-0.39650979082303,-0.0663545517514517,-0.478897668007193,-0.175385080232819,1.99775943482175,-0.122201722333,-0.515551363786241,0.586027588327361,-10256.0181075998,-8964.36908129231,-8910.92532103752,-8907.13357283717,NA,NA,NA,1201.99387420446,251.829312996713,10.1293252357216,NA,NA,0,"pruned_test1_too_close",12,1,-8907.05300046905,3,"test0_worse_conv",42
11,"logit_random",-0.0417809629912746,-0.125698268753003,-0.269967530623023,0.151437675894396,0.0111494948484412,-0.104761992242752,-0.251729757074729,-0.306753575555337,-0.320560748428287,-0.134548953657592,-2.56519973957376,-0.0240609370063418,-0.848475616178635,-0.101983972247497,-0.0503698233023267,-0.199371426825293,0.00582726213241534,0.0249370123140418,0.267844345757474,-0.304907231297736,-0.0820429308376872,-0.235262230198676,-0.00411154116699461,0.261537776790055,-0.0565956342225046,-0.236923981162368,-0.342254561685454,-9882.08801759593,-9019.90659820715,-8914.26412479366,-8907.23867487922,NA,NA,NA,2014.20302704407,337.570137886915,33.0855405961747,NA,NA,0,"pruned_test1_too_close",2,1,-8907.05057532203,1,"best",4
12,"logit_random",0.0119250445977048,-0.0829240458664507,-0.277316080229864,0.0929837391404516,0.0236499043084351,-0.135861591463261,0.0366566405786292,0.0853094305974864,-0.194906881377083,-0.229529270218293,-0.274713988960326,-0.14104192225175,-0.186457331519967,-0.0918999749822627,-0.143245948506139,-0.234709923060758,0.0890349916957481,0.00856722066228933,0.224822152152868,0.282951719126838,0.246000812393834,-0.161254567697093,-0.045814000456244,0.140046903221885,-0.0351763461193315,-0.162825665507211,-0.696924403836978,-10546.5907700903,-8928.99112990234,-8907.67031944916,-8907.11521622627,NA,NA,NA,437.93845065534,48.1139662936266,18.2775961989305,NA,NA,0,"pruned_test1_too_close",17,1,-8907.05300046905,3,"test0_worse_conv",42
13,"logit_random",-0.0235354193568555,-0.135983011900542,-0.251308872131483,0.257138373878214,0.032457458464313,-0.121480950701091,-0.461702631617235,0.276988687423819,-0.0209034544781351,-0.101937335493971,-2.58602590134598,-0.0847227389438767,0.064957293745821,-0.0547311135639413,0.0310753253241518,-0.0544665698826692,0.0241906332431508,0.011663100669453,0.194477456307949,-0.117072144302034,0.32730073713093,-0.431795856983861,-0.0710031481444429,-2.07630640952533,-0.0680587451142013,-0.491131121177517,-0.426079345491125,-10015.6912019797,-8948.96928478145,-8907.95391387258,-8907.13324221797,NA,NA,NA,1597.96059049902,207.811894981043,17.8269632250221,NA,NA,0,"pruned_test1_too_close",12,1,-8907.05300046905,3,"test0_worse_conv",42
14,"logit_random",0.0194797351503173,0.0715354533960555,-0.2968212068271,0.103190993128058,0.0709388398020382,-0.103052472464117,-0.197661050658359,-0.0123392839733669,-0.25200939347501,-0.193267364649529,-1.2223900238944,-0.13127896121978,-0.388212283879798,-0.0206507330943231,-0.121188419235655,-0.11631493018755,0.0343001738648657,0.00855259064540781,-0.13838706059125,-0.44913094845824,0.509412061365683,-0.0844890867419388,-0.102211422932753,-1.19000293700117,-0.199838944715161,-0.302115023154427,0.962497780749347,-10438.8114562331,-8931.1419865069,-8908.93707946235,-8907.13203267545,NA,NA,NA,714.776453981281,220.619488410777,13.6437694586269,NA,NA,0,"pruned_test1_too_close",12,1,-8907.05300046905,3,"test0_worse_conv",42
15,"logit_random",-0.053565761945061,-0.0491724694359778,-0.191989496214545,0.155568154022611,-0.00461400094506979,0.156720615508058,0.17919470473392,0.173249624011332,-0.0824773513039554,-0.00567485429403736,2.02374284350926,-0.0492039367138917,-1.19414652691998,0.0129242303864324,-0.00425642109442183,-0.249770053438265,0.0442305587899073,0.0169786019607876,0.195290483866003,-0.371926178867619,0.30504827424497,-0.352181580990277,-0.1049004825941,-0.586932240440092,-0.0357582653953,0.189044297325412,0.244917739841636,-12068.3178666796,-8957.27845900847,-8908.8575502366,-8907.08967592834,NA,NA,NA,1875.904756779,86.1281332388965,12.2020887975945,NA,NA,0,"pruned_test1_too_close",4,1,-8907.05057532203,1,"best",4
16,"logit_random",0.0389964983824896,-0.204146136436769,-0.166861724173665,0.0564605405806175,0.0339303522555182,0.255327910044233,-0.141836629235888,0.646036299993212,0.0673618536460235,-0.130911279809532,-1.28035601800897,-0.0370064029949582,-1.03083835888006,-0.0925534697782152,-0.187230952260612,-0.165061407207593,0.128381239615635,0.0438458349710777,0.318648057942399,-0.429772529279609,0.138002278068201,-0.378792231648682,-0.135950033263964,-2.41229007288748,-0.0412747482360986,-0.789022809749412,0.188362383424978,-9796.54467078463,-8915.63773654634,-8907.47609301277,NA,NA,NA,NA,307.895691698302,26.6259338726266,NA,NA,NA,0,"pruned_test1_too_close",22,1,-8907.05300046905,3,"test0_worse_conv",42
17,"logit_random",-0.0696006995384394,0.0133959514026156,-0.0411325700302075,0.0823877388536409,0.0240276411896053,0.282650452017381,-0.144151895471512,0.211847431037675,-0.548005002780358,-0.0159918802068074,-1.64467260764266,-0.062711587361955,-0.559534706603868,-0.0819444856267984,-0.122272295668461,0.101979506288797,0.200561625664361,0.00364479969468684,-0.180117996252606,-0.297698245658102,-0.00351316319059364,-0.152502204019415,0.0413637614349131,0.151616904209906,-0.0574179719489991,-1.12475119803816,0.209471401516149,-9783.48765943275,-8961.08101527157,-8910.03929977222,-8907.06603593919,NA,NA,NA,1683.72674390494,222.517303522495,17.0308035721847,NA,NA,0,"pruned_test1_too_close",42,1,-8907.05300046905,3,"test0_worse_conv",42
18,"logit_random",-0.0106546115804034,-0.00687403470110205,-0.174834803315553,0.134465983820282,0.0296829676066257,0.0261773251989581,-0.380077999135782,0.179135101920185,-0.0622163362500894,0.0332681401656361,-0.28144105005009,-0.0384719516158043,-0.274976106725655,0.00956828093951062,-0.15000963288938,-0.018262935097566,0.19983643872901,0.0230031146336528,0.263483701904426,0.0816913814163857,0.225782306608563,-0.159946876375058,0.022204381142858,-3.0433813342752,-0.0869246617379796,-0.563122011077727,0.183204917690315,-10882.1652647257,-8967.75444146005,-8915.99584681779,-8907.66684240069,NA,NA,NA,1772.02190597818,494.762557319961,133.882069678893,NA,NA,0,"pruned_test1_too_close",2,1,-8907.05057532203,1,"best",4
19,"logit_random",-0.0554488140775502,-0.125633840672868,-0.196317540606642,0.121510997660085,0.0126211968033934,0.0933761901088763,0.315178369231409,0.372937905193187,0.256239817013093,-0.211281074460377,-0.214251303543499,-0.151678864141618,-0.326305587533153,-0.0667831298006422,-0.185019872889413,0.0929426242913811,-0.0185478367607697,0.00652892122364135,0.442075994818049,-0.202665845907385,0.470167426625674,-0.443912106185945,-0.199505789207248,-2.37241653784839,-0.0263402960564159,-0.540796773326135,0.376859570898723,-9580.62008742409,-8959.90639317062,-8909.46129025701,-8907.09783129597,NA,NA,NA,1140.1977254355,104.659491411772,11.6181621398311,NA,NA,0,"pruned_test1_too_close",4,1,-8907.05057532203,1,"best",4
20,"logit_random",-0.0246724336891311,0.0928447828879054,-0.281175193618649,0.140077057306027,0.0426076017844324,0.207210901877177,-0.216270778966504,-0.0298838232561201,-0.645121354601779,-0.110260030228919,0.962036835714704,-0.0338222867235581,-1.15896718583102,-0.149844911125291,-0.032793314419913,0.00624483533110227,0.0685224466664784,0.0218199890751965,0.10919035944819,-0.345749129783494,0.417725278796859,-0.345573208207444,-0.0181362123186357,-3.09164480153901,0.0855064073829395,0.376160648785184,0.253278936826767,-10410.6606522213,-9154.85842990095,-9039.45576834317,-8919.75213663433,-8907.21320330964,NA,NA,1252.12908062317,2445.83503568622,492.446377846573,61.5454195930104,NA,0,"pruned_test1_too_close",5,1,-8907.05300046905,3,"test0_worse_conv",42
21,"logit_random",-0.024169129676555,-0.104030695548737,-0.0926644989606366,0.0780644680035071,-0.00366195637015529,0.187870794573531,-0.435394502029645,0.348332955524096,-0.0310872964830466,0.0145823309688296,0.0749560292699367,-0.0880721988355382,-0.346832455904872,-0.0235211113259237,-0.141948279418049,-0.0804284578306562,0.0392860287143377,0.0455283651241568,0.00536136586235106,0.00426510297472155,0.24384583116169,-0.469094192525804,-0.0350153163712984,-0.38063922263229,-0.0525564748417825,-0.840027236219612,-0.32179604774486,-10408.4101833551,-8956.742378748,-8911.8618666961,-8907.26860857523,NA,NA,NA,2102.3504345007,652.986376606552,39.7053806319903,NA,NA,0,"pruned_test1_too_close",2,1,-8907.05057532203,1,"best",4
22,"logit_random",-0.0210397454746102,-0.184647231588183,-0.170379100922395,-0.0427451356177151,0.0197457514060354,-0.332539200067357,-0.405563831025354,-0.141969910892968,-0.148811183850136,-0.0293627716076242,-1.30843606105943,-0.0824375775768003,-1.06444281319364,-0.173406586958935,-0.168411536433177,-0.315649893420648,0.0247248911574116,0.0228677409262322,0.135863704169775,-0.0631445159169778,0.0928037829264544,-0.706147798866628,-0.15109096938797,-1.30426913532206,-0.181373502044419,-0.705701921281682,-0.734033866856918,-9692.74171128356,-8928.12268894401,-8907.32892941776,NA,NA,NA,NA,1184.28792029856,75.0564859261614,NA,NA,NA,0,"pruned_test1_too_close",38,1,-8907.05300046905,3,"test0_worse_conv",42
23,"logit_random",-0.110948656671453,-0.199080446159849,-0.0229502749329279,0.105761645779237,0.0354828650703596,0.335497322086969,-0.618093498001693,0.478351528289954,-0.147962615887963,-0.206758266940633,-3.18076424815352,-0.0754817382257684,0.29550097944595,-0.112918457755034,-0.154715455678164,-0.18166975691356,0.125209412142992,0.0108444851234924,0.276962680097994,-0.120581685797105,0.179581337823003,-0.538862090632604,-0.257902532160028,-0.272001653794961,-0.0979012123528242,-0.182100025422449,0.661786152897481,-9773.6462147468,-8989.73310607795,-8912.53802247993,-8907.29821761502,NA,NA,NA,1696.64359977743,407.026740068184,29.073583898617,NA,NA,0,"pruned_test1_too_close",2,1,-8907.05057532203,1,"best",4
24,"logit_random",-0.113667792760491,0.0208501648210444,-0.156386249681062,0.0555012563981592,0.0355288951295535,-0.0672618613524734,-0.323823796885421,0.653918300164178,-0.37289934639035,-0.129083813895681,-1.28153437728993,0.0140469578581673,0.554362600001555,-0.0704150351820529,-0.0468250619878499,-0.17051559029623,0.00421907788786406,0.0303119039125198,0.0816391832014629,-0.0990560096497179,0.580180210811915,-0.469351237541204,-0.12924247008864,-2.03622109425289,-0.0979512363632413,-0.190880695243655,-0.301721066027719,-9619.06156666259,-8955.87115298424,-8908.82008461406,NA,NA,NA,NA,2165.884330778,194.347757880544,NA,NA,NA,0,"pruned_test1_too_close",73,1,-8907.05057532203,1,"best",4
25,"logit_random",0.0444264677224167,0.0602784986077976,0.0452990206001027,0.161298455889508,-0.00757001227390251,0.228796754429988,-0.563250699928185,0.123772991046785,-0.0913145276052806,-0.186989250167275,-1.12053594816673,-0.0447159208476775,-0.357184557581327,-0.112801048328403,-0.14845792399776,-0.124491435370917,0.125848069221244,0.0213744090172197,-0.164785165418073,-0.271988401101033,0.802800572501527,-0.291771564087687,-0.123003525071729,-2.12068326450977,-0.0444595562573705,-1.3876822210641,-0.440429019418667,-10289.714655733,-8982.06880054868,-8916.12222049522,-8907.40597674247,NA,NA,NA,1643.91332309609,710.852796130333,114.887919964729,NA,NA,0,"pruned_test1_too_close",2,1,-8907.05057532203,1,"best",4
26,"logit_random",-0.105257688336533,-0.0431626151098643,-0.0805579141274165,0.0496742553093281,0.00391442842133349,0.30427355624124,-0.56364359765081,0.36695942339149,-0.175641769108593,-0.295090602964937,-1.00191815366485,-0.0653311247650884,-0.504779674896986,-0.0446067307835523,-0.179011754223631,-0.161377049288649,0.183920526450382,0.0157501825956251,0.166991861789474,-0.766157320092549,0.439898969522453,-0.664311170630897,-0.112410171878419,0.128982197799821,-0.0796175963269774,-0.314508699817105,0.339003273817181,-9648.44767490875,-9004.33957126826,-8919.59879435001,-8908.51882564901,-8907.06762533216,NA,NA,964.017455502069,665.084548080082,328.348904304065,8.55393454794196,NA,0,"pruned_test1_too_close",4,1,-8907.05057532203,1,"best",4
27,"logit_random",0.0105434649198022,-0.0577903453934501,-0.0814339722316185,0.0941664457812733,-0.000907872686507015,0.153017424576948,-0.39179244222157,0.12836776123638,-0.323720099820599,-0.108375727589746,-2.00624005776818,0.0059964901443898,0.00481198054458298,-0.00120503754845963,-0.124360843658151,-0.113258634419712,0.0283204863218476,-0.00875154966572433,0.375017201707624,-0.413526177203416,0.165254141506439,-0.481044548910431,0.0289427673546637,-0.494773263568497,-0.139155581555004,-0.658183401535991,-1.02684135475017,-11457.4438435166,-8980.91219899326,-8934.71256576398,-8907.94192627822,-8907.07476413671,NA,NA,431.213669268563,2640.58907447517,94.0664046044676,6.76005576992231,NA,0,"pruned_test1_too_close",42,1,-8907.05300046905,3,"test0_worse_conv",42
28,"logit_random",-0.0582157285720307,-0.130797855062492,0.0342639380188395,0.0050624891620356,0.0380201742653392,0.0478670469255921,-0.461453644585763,0.565499469753155,-0.25555701080225,-0.285299843487795,-1.06685907292447,-0.148637457242313,-0.0136369334986451,-0.0203530283291441,-0.159927497674609,-0.142103399741548,0.0568051869962422,0.0369615584681981,0.107087431364136,-0.184533442641875,1.23276113044137,-0.708405360245147,-0.0356481823386886,0.408930524775328,0.0516515475162502,-0.21782434264831,0.0206392254928025,-10270.9436679909,-9131.76499406968,-9005.83098995606,-8928.58362286413,-8907.74118764956,NA,NA,1011.50722014713,2724.52252289776,877.123401039553,87.4189619130484,NA,0,"pruned_test1_too_close",20,1,-8907.05300046905,3,"test0_worse_conv",42
29,"logit_random",-0.0488625218021596,-0.118867165565008,-0.167937818385093,0.131608044211609,0.0408066413134838,0.147593820753496,-0.199677109665978,0.0307352390385724,-0.278054344274375,0.0995260657554874,-1.56613429521995,0.00252861051571992,-0.584276993681493,-0.0644724469757616,-0.00503083557387161,-0.0283112762623199,0.0485027292772704,0.0256452485284447,0.33198686234884,-0.682733094528902,0.328903080890883,-0.120134988552672,-0.0426302782704026,-0.671819523594494,-0.2053221479416,0.00359799681905998,-0.128519820227424,-9305.27539596087,-8922.09026736047,-8907.36572895004,NA,NA,NA,NA,835.374706344799,97.0059277587398,NA,NA,NA,0,"pruned_test1_too_close",22,1,-8907.05300046905,3,"test0_worse_conv",42
30,"logit_random",-0.0407400330325382,0.0441117166680573,-0.0512726595739479,0.070754312567901,-0.00497573370422317,0.173897905685952,-0.218235231098253,1.06313128916867,-0.253109243140937,-0.225138421335186,-1.92088323986802,0.00844485327724143,-0.904181713506512,-0.073931858017523,-0.0109156171761909,-0.0182489608667958,0.0228139965370555,0.0122035320529281,-0.0877869778302879,-0.554571261789891,0.131031717823191,-0.402471521688495,-0.223506262753061,-0.436365059069294,-0.0831517837302482,-0.767281529214857,-0.580133800859102,-9827.38782327958,-9115.24749167929,-9023.02883820465,-9018.25080192205,-9018.18375934934,-9018.18373040143,NA,2328.97159849639,882.574939388613,13.3399148174954,3.19603686454332,6.57417117950167,3,"test0_worse_conv",0,1,-9018.18373040143,3,"test0_worse_conv",30
31,"logit_random",-0.112891101508832,-0.0910280877972711,0.0316799301587887,-0.0350021581580139,0.0128790508336882,0.315928662012579,-0.164601614101839,0.382643318846126,0.178930737869829,-0.140982376110231,-0.50897473425789,-0.0351968022011762,-0.369688282608968,-0.191948782533671,0.0697496997050555,-0.212615979382184,0.171587638987457,0.0059445349171547,0.298995468986386,0.144460030738426,0.0529986261806722,-0.467292666879148,-0.126606718718722,2.03896468957304,0.0468671357551126,-0.377833665229509,0.348893304453467,-11145.8145254381,-9045.67382665696,-8923.2293200006,-8907.76980119473,NA,NA,NA,2721.5715573237,328.855408119363,185.279574553824,NA,NA,0,"pruned_test1_too_close",6,1,-8907.05300046905,3,"test0_worse_conv",42
32,"logit_random",-0.143634736046879,0.0331075855874772,-0.165994009210147,0.11313103388947,-0.0119074139596556,0.0523370704066813,-0.0669557625279741,0.394497239557636,-0.667629029901515,-0.409222760972012,-0.879242848192543,0.0044647859829029,0.226739813400724,-0.0882685647465738,-0.0313943846268478,-0.140748299640407,0.058430559368741,0.00872408660053861,0.17844159520185,-0.533152321959313,0.292639585917144,-0.431938501520346,-0.162540031845642,-1.47512583380722,-0.0753013107535915,0.465021736565661,0.0958732708531415,-9834.4925982494,-8926.30770379924,-8907.66728240859,NA,NA,NA,NA,866.662337788432,40.5394438074837,NA,NA,NA,0,"pruned_test1_too_close",1,1,-8907.05057532203,1,"best",4
33,"logit_random",-0.129294605863711,-0.047790963321511,-0.279296892979448,0.0804873423433059,-0.00909033225705459,0.0607733617942073,0.230040525824407,0.483525005232411,-0.140379528488125,-0.19173478202128,-0.441693387093132,-0.0387075510050695,-0.456565182072894,-0.101032167674421,-0.149859981257767,-0.0715705661385795,-0.000668065053862132,0.017045619668546,0.00662026454741838,0.150838228394209,0.569719773385047,0.0289246277475739,-0.0288882349930616,0.380390177307128,-0.0314473498670506,-0.251905700482842,-0.367896578469455,-10652.6177121385,-9016.83686245808,-8917.87124305745,-8907.35022753255,NA,NA,NA,1739.9066531769,233.584272339181,40.4589274572371,NA,NA,0,"pruned_test1_too_close",2,1,-8907.05057532203,1,"best",4
34,"logit_random",-0.123937628671425,-0.0999333030577616,-0.0386622619922269,0.0533573993025893,-0.00666007780656073,0.276383323408484,-0.0912036644372,0.26263412964184,-0.437293966476413,0.0696461813487758,-1.96563419007391,-0.078086929426934,-0.805567719187758,-0.0612395301322322,-0.198861866279818,-0.0907551397842778,0.169244772047071,0.0117511655811608,0.274034507249128,-0.493025180804493,-0.039537451518431,-0.181845799757251,-0.00115292054473594,-1.36277655689635,-0.0919186833559763,-0.475684352472491,-0.345335389542844,-9499.7688188056,-8917.61246281157,-8907.37212423204,NA,NA,NA,NA,556.31798210258,26.3403054301839,NA,NA,NA,0,"pruned_test1_too_close",1,1,-8907.05057532203,1,"best",4
35,"logit_random",-0.300527464203764,-0.0642372299697145,-0.129373527035116,0.233952581017301,0.041240808743521,0.134940545009954,-0.241321035489195,0.447191605923056,-0.424854086137348,-0.0637136612372308,-1.56555799744586,-0.0683580622463312,-0.527147306074735,-0.0420055038857105,-0.150328643111041,-0.195387062694713,0.247425178057852,0.00848050379292153,0.0766494491066391,-0.348035671731019,0.521219978738037,-0.167775546452111,-0.068890676831852,-2.43901742579251,0.00377616959506436,0.0628597086738517,0.446871385998453,-9468.86841057531,-8954.1045077274,-8911.58781088542,-8907.37959011311,NA,NA,NA,419.33500763134,313.177503215098,26.9930568824503,NA,NA,0,"pruned_test1_too_close",2,1,-8907.05057532203,1,"best",4
36,"logit_random",-0.159411313715219,-0.22647204672111,-0.168036563221071,0.0781192792187482,-0.0111383308672378,-0.00047769647941745,-0.112305048912854,0.0668937032671993,-0.185695912574097,-0.0719729828718366,-1.68842188797697,-0.0473170620433407,-0.182539654498934,-0.124902883436747,-0.0533488824799568,-0.0580093017236699,0.131374479186277,0.0654253473919174,0.239977794934405,-0.345406876928971,0.181575411619678,-0.0691286827005188,0.0685416036210783,-0.299069125899662,-0.0542673937623765,-0.219420234509595,-0.275805634183396,-10557.7166520886,-9314.70145436124,-9310.08201657042,-9310.08201137498,NA,NA,NA,47.6364786078001,1.61970924751098,1.42534313636853,NA,NA,3,"test0_worse_conv",0,1,-9310.08201137498,3,"test0_worse_conv",36
37,"logit_random",-0.0955623159147192,-0.260949677254639,0.0176001222263773,0.0900216891050512,0.0316561647506414,-0.0963415475577671,-0.0200010282703163,0.0468760067899792,0.299458382950453,0.071401052884289,-0.515974148142009,0.0582089077480289,-0.529551508868999,-0.0495693394059665,0.0388477253229617,-0.24741032107369,0.0866641858014601,0.0439091824192517,-0.108241115167702,-0.238517070790444,0.252918097474873,-0.314373022593114,-0.107271824597172,-1.42386479218512,-0.196737370310179,-0.95122645643002,0.387925655828462,-9519.85311078747,-8919.23822433397,-8907.59958648465,NA,NA,NA,NA,667.266296501737,27.3950878818536,NA,NA,NA,0,"pruned_test1_too_close",1,1,-8907.05057532203,1,"best",4
38,"logit_random",-0.117144662660394,-0.260118446311958,0.0133096713957547,0.186067235811776,0.0159089321075122,-0.0306200399001182,-0.0624420128338702,0.227199171948379,0.0660732255745611,-0.0431448345200215,-1.33972203099704,-0.0945841590497237,-1.25079411453717,-0.184679106349681,-0.00971555866349018,-0.243713169330023,0.0237071904084434,0.0135839504585757,0.348133287336746,-0.544768755171594,0.228113935300542,-0.335256813659371,0.0341240192851102,0.0168022034857132,-0.123681688963457,-1.1740875342164,0.623039806283704,-10910.5823096322,-8913.60629664725,-8907.15344070088,NA,NA,NA,NA,828.086185812281,16.6203160253044,NA,NA,NA,0,"pruned_test1_too_close",91,1,-8907.05300046905,3,"test0_worse_conv",42
39,"logit_random",-0.120829268761915,-0.0762271540455742,-0.10176334816113,0.084388693707756,0.00387031711247403,0.0153070122487665,-0.344743114950914,0.312191003305413,0.124147340991699,-0.0494520135452367,-0.40717259301066,0.0109382502667209,0.0340540335106084,-0.13434233790188,-0.233767241856539,0.00224916790410969,0.106468700908932,0.0162125622279472,0.27325033321337,-0.198797261130418,-0.129370199191946,-0.952508069548361,-0.205008031379019,-0.0679325144627028,-0.0931175862636125,-0.197065512869877,-0.373120959419306,-10605.3049546282,-8943.10129818268,-8907.88550564266,-8907.08262767522,NA,NA,NA,1094.59161077857,81.3315790343008,9.07809921902621,NA,NA,0,"pruned_test1_too_close",17,1,-8907.05300046905,3,"test0_worse_conv",42
40,"logit_random",-0.0625422640340241,-0.106670468822296,-0.102985782799454,0.139144138369585,0.0232711433203639,0.267243815960071,-0.429096306119953,0.0910437909249451,0.297915137750491,-0.209938029972599,-1.38575186727286,0.0251791681580647,-0.180856883894903,-0.111494941751184,0.091728523258881,-0.198358297196221,-0.00795452311207885,0.0362844863091875,0.251615075636931,-0.33905434791822,0.270211184716794,-0.372367785159897,-0.137795693848819,-1.9149076300852,-0.0637401963649532,-0.311403185750624,-0.899422823891779,-9426.4576366985,-8950.81099294595,-8910.70204539268,-8907.14460264842,NA,NA,NA,1185.49783464035,216.51942162208,19.8625067777302,NA,NA,0,"pruned_test1_too_close",10,1,-8907.05300046905,3,"test0_worse_conv",42
41,"logit_random",-0.106629392782575,-0.277439968145796,-0.128159943111727,0.11415494917983,0.0293873268280281,0.0881662391629593,-0.237869044232662,0.0396461453620152,-0.601888695908459,-0.0309892725469309,-3.22284201074186,-0.1419142081841,-1.09605668859862,0.0646968282776655,-0.00814238673658362,0.0100029938653366,0.0239085923388049,0.0145068745369883,0.081888707505182,-0.298516720730888,-0.116287318808878,-0.486906894146114,-0.132120344915902,-2.17061185420055,-0.0238350603759487,0.420828639316861,0.187788695006295,-11053.3060905654,-9072.69426804808,-8968.4418759597,-8929.24940432272,-8907.84705280031,NA,NA,3927.99972444222,507.858377893222,570.436390019076,111.235632892875,NA,0,"pruned_test1_too_close",5,1,-8907.05300046905,3,"test0_worse_conv",42
42,"logit_random",-0.0491807597714779,-0.23505835354312,0.0577884045777039,0.219511989858199,0.0214548883909724,0.21235071012558,-0.635226082424086,0.345226858002844,-0.5179368096408,-0.116561418335862,-0.613496436479942,-0.0076006603678155,0.0442762218383429,-0.0878625314491013,-0.190027494537033,-0.216713130786989,0.103140827930723,0.0363484458638315,0.109633493513659,0.0847520149257272,0.0426061654194914,0.132499094841199,-0.0513932506869308,-1.68852112409823,-0.149369443770237,-0.639331872972664,-0.051737920316562,-9380.63204371677,-8948.10235695207,-8908.03545968925,-8907.05302159265,-8907.05300046905,NA,NA,1448.33872053308,118.627509384389,2.13926890171021,5.05277232159708,NA,3,"test0_worse_conv",0,1,-8907.05300046905,3,"test0_worse_conv",42
43,"logit_random",-0.0878284637654204,-0.0671021490632055,-0.164200959871222,0.0923076633545622,0.0204381781903257,0.0592146828260812,-0.373568703267639,0.195138102227347,-0.487476599624027,-0.147813232584619,-0.853436150659576,-0.0209551427657548,-0.48315893262604,0.0763300969359447,-0.125101877554302,-0.3885697785981,0.0855121975508246,0.0215109407040293,0.207685968345384,-0.364868841363673,0.399586029644474,-0.153522392328057,-0.0350926405431015,-1.22024789002278,-0.0470375393130258,-0.401101256295704,-0.413977918722557,-9794.55177684957,-8927.84436255287,-8908.11810015066,-8907.09847023961,NA,NA,NA,892.755631431001,140.1813538158,24.7436056218004,NA,NA,0,"pruned_test1_too_close",17,1,-8907.05300046905,3,"test0_worse_conv",42
44,"logit_random",-0.0795700669041592,-0.0042624781674544,-0.182976663649602,0.109172265866806,-0.0156205617362328,0.281094452178381,-0.230530437468423,0.228805095862794,0.043762739102487,-0.363705354283371,-1.76810405834797,-0.0788003763299671,-0.753693674965121,-0.0145919540254808,-0.00359732467957964,-0.0884042858182977,0.057922639239018,0.015978566653654,0.184280739283466,-0.128712414496299,0.297621582806271,-0.334360101197017,-0.0998965587583798,-0.174641644172893,-0.0406168621836978,-0.494814501928865,-0.302176155334989,-9318.97790159891,-9021.83588715129,-8957.17249685275,-8907.87534224083,NA,NA,NA,974.090960382782,1107.34641866278,52.9438974349817,NA,NA,0,"pruned_test1_too_close",33,1,-8907.05057532203,1,"best",4
45,"logit_random",0.0142038564446635,0.0961265898570262,-0.18299144104117,0.0676489644570201,0.0449065342179587,0.0773833537231807,0.0621281234871981,0.505469077100747,-0.0750399277459452,0.0624968963960097,-2.26023276473326,-0.0937301974122556,0.193695743701452,-0.0484925818414056,0.0334129379572209,-0.140036264313893,0.0297081373497386,0.00890302614897178,-0.0187208051469309,-0.305799332380691,0.244066131585535,-0.4614247639435,-0.0455840640920966,-2.13509661484458,-0.0798384489108045,-0.787422912363141,-0.304557137589725,-10337.9221251298,-8959.93514666257,-8914.81349712242,-8907.45736639914,NA,NA,NA,586.484920663447,885.229945973171,40.2308522098449,NA,NA,0,"pruned_test1_too_close",6,1,-8907.05300046905,3,"test0_worse_conv",42
46,"logit_random",0.0588409619886122,-0.1405997472582,0.170314650791761,0.171500531654391,0.0441447741890399,0.110133442551657,0.174850874720386,0.511428485613607,-0.298057624571977,-0.0588581119387727,-0.845144249979349,-0.0982343246302312,-1.09442032174759,0.0299381942508461,0.119064431009022,-0.29089040416452,0.208242711393482,0.0164695804601619,0.190722838451854,-0.0909454934880193,0.152500893693691,-0.345378068878758,-0.193442296127958,1.12337091502322,-0.0364732133934172,0.0896623955808143,0.162609510219596,-15937.6484628609,-8995.68544237579,-8912.9865397949,-8907.35331734319,NA,NA,NA,3762.90756598281,547.860153611351,39.0939881298625,NA,NA,0,"pruned_test1_too_close",6,1,-8907.05300046905,3,"test0_worse_conv",42
47,"logit_random",-0.0610671507781778,0.0047392641917483,0.0373334474039135,-0.0176263690099173,-0.023215250985742,0.193902418902264,-0.534845608803258,-0.210041635814544,-0.298277666671263,-0.101531039831185,0.0115897569048242,-0.177129245494844,-0.170725714256734,-0.0674966354750171,-0.20357720503505,-0.374021010322138,0.197403870342539,0.0396882702596394,0.0788775518237616,-0.137866668644606,0.706683490349511,-0.329800553657436,0.0134056761133833,-2.75544857068364,-0.027511122040936,-0.847149216552284,-0.373168843436521,-9776.49626480907,-9044.79135068425,-8915.41493368186,-8907.49290529637,NA,NA,NA,3267.28826031038,513.182388056852,60.5853334907598,NA,NA,0,"pruned_test1_too_close",2,1,-8907.05057532203,1,"best",4
48,"logit_random",0.0495826550866543,-0.228866313641488,-0.182388852308357,0.052730514118771,-0.00235833667856967,0.209547035402518,-0.333678229020013,0.574986388309125,0.142478985948362,-0.0449681558499136,-0.657594558536645,-0.143763765465487,0.0689829585366623,-0.087502401255354,-0.132224602881482,-0.461241885444771,0.101987018010307,0.030641461553583,0.244344215715097,0.329872271635347,0.637980113978103,-0.83161428675172,-0.283507923092208,-1.39056862056808,-0.0846700419728759,-0.613564335445844,0.569654879203826,-10900.4881578374,-8985.11089467281,-8911.11662164208,-8907.26435088561,NA,NA,NA,986.415667345314,182.261332432459,10.4735878308458,NA,NA,0,"pruned_test1_too_close",6,1,-8907.05300046905,3,"test0_worse_conv",42
49,"logit_random",-0.0812301822235289,-0.0137906252023595,-0.00494789118866579,0.152141844921865,0.0015050920545718,0.163490328188909,-0.247844464947184,0.0418367040066326,-0.433558884892815,-0.188218434097391,-2.55684019053505,-0.123807208514638,-0.511667701736183,-0.138027589538848,-0.161762430865399,-0.187969210826261,0.17023597559723,0.0234129380607006,0.141583576772661,0.00612750317671887,0.690003796956482,-0.221238564321881,0.115246572554557,-1.45023570587803,-0.122040024224358,-0.00504235117554963,-0.307419887395944,-9619.42508284483,-8944.68155702333,-8907.95223586187,NA,NA,NA,NA,1667.69895700334,112.302100421719,NA,NA,NA,0,"pruned_test1_too_close",83,1,-8907.05300046905,3,"test0_worse_conv",42
50,"logit_random",-0.030114345262182,-0.132295790118077,-0.0978449576311355,0.0230007027746239,-0.0101896725855441,0.309782669429445,-0.134201256782,0.379749331496118,0.150491220934365,-0.235645689832181,-1.35948388406682,-0.114170372447176,-0.154292726806916,-0.046672764682457,-0.0292409435862727,-0.395845328471594,-0.0969804369512259,0.0265821821765453,0.0291739571092276,-0.0183858125390619,0.380805405419292,-0.10852185507074,-0.0692005125887203,1.20665418202315,-0.0691551611659239,-0.44262853305536,0.84749019641633,-10326.4246018625,-8940.05528070459,-8910.41724911708,-8907.14659942525,NA,NA,NA,1665.29515288125,156.77139843437,20.2830635290925,NA,NA,0,"pruned_test1_too_close",10,1,-8907.05300046905,3,"test0_worse_conv",42
51,"logit_random",-0.13119658507087,-0.081186235753874,-0.334462199329324,0.028243978952294,0.00350111159374758,0.0620088878801135,-0.556826887752561,1.0674095987207,-0.111007472160606,0.0353577241011347,-1.27574397084113,-0.0536614320449658,-0.783647638577179,-0.100729768052462,-0.169722488642642,-0.0594014336355741,0.0304426651235389,-0.00155471860017378,-0.0456752305280613,0.133436334338201,0.426805743663337,-0.128093204194859,-0.12844678829761,0.90797069105368,-0.0866317675849535,-1.15509965067465,-0.0528318098391975,-10739.8559322579,-8994.62219054433,-8909.21754804377,NA,NA,NA,NA,1678.1969852319,417.695548796275,NA,NA,NA,0,"pruned_test1_too_close",13,1,-8907.05300046905,3,"test0_worse_conv",42
52,"logit_random",-0.0451482510161962,-0.126934263826414,-0.161004486160589,-0.0482485611364341,-0.0269046540170078,0.392796449958251,-0.0658754680730587,1.03363209612108,-0.0416328797029812,-0.0943596984288917,-1.06387816718422,-0.122781261122786,-0.786234375620397,0.042440727008655,-0.125448442820482,-0.156190811824043,0.0613829051469264,0.00277717491566012,0.173178058233262,-0.040631214871097,0.341601880561738,-0.171106694900038,-0.140362110542582,-1.11539377297104,0.0106239970215194,0.0738956888744503,1.17304648585223,-11222.861988165,-8971.88433809882,-8927.62183770182,-8907.58412562686,NA,NA,NA,1011.55339708238,1551.28384435445,29.3156609783858,NA,NA,0,"pruned_test1_too_close",2,1,-8907.05057532203,1,"best",4
53,"logit_random",0.0951374080220994,-0.0293956666079211,-0.330446171229379,0.0747406873406,0.0371349317976486,0.101474698683826,-0.273117881112238,0.514313593631528,-0.542646237211453,-0.0331701370047139,-0.803654765429875,-0.0740113613759717,0.142910915579633,-0.0257130364117496,0.107016834869159,-0.297555599317022,0.0598962034069917,0.015653434277218,0.0546251982989025,-0.0735917246204245,0.435710773896127,-0.0426939480338526,-0.0642193859479575,-0.640802557530056,-0.00139894917253332,-0.196899478322459,0.334083620780508,-11489.2950709534,-9144.86402868279,-8953.56867194192,-8907.81804694628,NA,NA,NA,3931.77427580802,1612.68681283426,127.529057393176,NA,NA,0,"pruned_test1_too_close",2,1,-8907.05057532203,1,"best",4
54,"logit_random",-0.0297027235710127,-0.124881821740024,-0.0731873732517184,0.109426945424476,0.0268360110549623,0.104818799158506,-0.178030303454656,0.317503370551468,-0.322199111213025,-0.126996311224751,0.493607936233462,-0.127677845630683,-0.671025063151016,-0.05783508489848,0.0136182364640593,0.0138826564261581,0.0674468713326844,0.0253802919556857,0.288351258885403,-0.273047026345167,0.78289677201417,-0.386318061742946,-0.1739204473461,0.0519909760791704,-0.0245983270161631,-0.530764673207753,-0.0912656532734356,-10743.9160172481,-9064.38031672338,-8931.27754628337,-8908.86874074669,-8907.11853645353,NA,NA,3292.39721271718,2035.06639426105,193.870326473338,27.3292897204264,NA,0,"pruned_test1_too_close",5,1,-8907.05300046905,3,"test0_worse_conv",42
55,"logit_random",-0.0678899546876512,-0.111714766497084,-0.314689682665814,-0.0755955293712053,0.0750723657946094,0.350821387977819,-0.575511361133321,0.714207899854148,-0.0587265340956823,-0.273379909189963,-0.279766847273666,-0.0150118166329152,-0.360646804795141,-0.00642803380692585,0.00690033922103585,-0.325549675305336,-0.00845203903521272,0.0118876332266317,0.0893801574164493,0.000564567153811396,0.71535454383282,-0.277622130999815,-0.183904453014875,-3.43029438402006,-0.13131927064288,-0.0310221265638301,-0.0637471145738942,-10332.8397945766,-9085.05288188784,-9021.83833324416,-9018.69450657092,-9018.21864745642,NA,NA,1371.15178814763,379.708861270222,13.6641462175797,14.3930357667766,NA,0,"pruned_test1_too_close",90,1,-9018.18366436434,3,"test0_worse_conv",90
56,"logit_random",-0.120760360960266,-0.20084905413903,0.0722181313806786,0.0563786169683876,0.0301144677542293,0.21634930915753,-0.730623297127724,-0.183517197344378,-0.721946929438873,-0.143978260317244,-0.145852417852258,-0.00335746295669966,-0.479361020887593,-0.0414832547701015,-0.00942307594373043,-0.20789063869144,0.0241337697792592,0.0260679911683804,0.27842143381438,0.00866265204194977,0.356817560138102,-0.290029037157116,-0.041688279113274,-0.393138939487168,-0.0709253214157778,-0.295171382479975,0.408367459981828,-9679.40890998324,-8938.73279047648,-8907.60591151293,NA,NA,NA,NA,2501.18461375426,78.2305225350929,NA,NA,NA,0,"pruned_test1_too_close",4,1,-8907.05057532203,1,"best",4
57,"logit_random",0.0162550664315046,0.0615939794048152,-0.323250344738509,0.063824472517738,0.0306816547511122,0.232667409242723,-0.44945353253492,0.337163975923205,-0.584877720406664,0.195753102333569,-0.957851330789936,-0.0714001568639489,-0.740937833689112,-0.134550972173838,-0.187861647765194,-0.156721480767801,-0.0271975623201613,-0.0188200712331083,0.159029186982593,0.00646804563667078,0.473752700882751,-0.278814632500164,-0.114353500501414,-1.63048425399047,-0.108081860331204,-0.378954487339745,0.683950801969788,-9612.62574046818,-8977.58647416059,-8911.52764727208,-8907.32783248552,NA,NA,NA,2104.49148272476,327.360790807061,31.1424842432268,NA,NA,0,"pruned_test1_too_close",2,1,-8907.05057532203,1,"best",4
58,"logit_random",-0.156707270786331,-0.11513001406,-0.263161796987705,-0.0101165731359425,0.00916336851146898,0.658572037537044,-0.118822497652342,-0.128777593951625,-0.138891127509888,-0.219127718418443,-2.16986547112048,-0.0147053980449839,-0.505748383724209,-0.0790473542796823,0.0372756684986877,0.0403078655140332,-0.0531372390564751,-0.0176633364412184,0.26389584768217,-0.39646038361692,0.664287060290698,-0.254533734185405,-0.0325610076059987,-1.66858354298281,-0.00119723668855088,0.140974070090493,0.314480357327436,-9782.27009609792,-8931.33858722816,-8907.21538467128,NA,NA,NA,NA,807.672510343264,25.5804374692141,NA,NA,NA,0,"pruned_test1_too_close",4,1,-8907.05057532203,1,"best",4
59,"logit_random",-0.0878012869023903,-0.246163326618447,-0.223420171434419,0.124370131373125,0.018394993962234,0.111007089297726,-0.29197567681348,-0.373863544981043,-0.450518501531415,-0.0252556820715402,-1.75630896267773,-0.136128827166703,-0.403154403102016,-0.019413848404476,-0.0282272830801938,-0.19846576683858,0.1620107069138,0.0199550960051801,-0.106786052882683,0.00666248649410855,0.39069505812654,-0.663671185987566,0.0758164810696126,-1.76153815040455,-0.120613176325562,-0.5284301216868,0.139852162836532,-9769.70230253974,-9012.21387716035,-8926.86693845219,-8907.22973346148,NA,NA,NA,2152.9972810802,2233.2921686559,20.8479324111851,NA,NA,0,"pruned_test1_too_close",2,1,-8907.05057532203,1,"best",4
60,"logit_random",-0.00125909807568382,0.0277007920658722,0.118343928061879,0.065930180497427,0.00283326828115263,0.282455065512142,-0.531587581561816,0.452490395343424,-0.554002076463463,-0.0684575570575341,-0.667335166606354,-0.106224096359406,-0.566657400143094,-0.0819893794629495,-0.150153820031252,-0.420447497604092,0.154254289001005,0.0268745513289408,0.104488560906269,-0.0287662022470262,0.203765506366251,-0.0680296833354008,-0.0702985729849463,-2.61995642821717,0.0147249082605819,-0.385057998104015,-0.0654823011637928,-10115.5374031376,-9055.75287630201,-9027.01208020674,-8914.27625884825,-8907.64315715041,NA,NA,559.018993412702,4882.09239979703,179.415191183212,83.6228927167492,NA,0,"pruned_test1_too_close",5,1,-8907.05300046905,3,"test0_worse_conv",42
61,"logit_random",0.078544455285972,-0.0564677616932057,-0.243196896581897,0.074898559298726,0.00947272328399944,0.200492275117437,-0.0242733691604433,0.280852048600653,-0.0603826941433176,-0.086492011967621,-1.36065241514115,-0.0671459648955478,-0.65889941894555,0.0463660694438027,-0.0579675604745771,-0.0384296851176767,0.0657960267629013,0.00727385620270412,0.229172749278292,-0.140787929183529,0.532571284243579,-0.0287257326465799,0.0234766414611984,-2.77658824144962,-0.0231028208396213,-0.400152790283376,0.0162127506563999,-16563.8342739846,-9027.15569957519,-8978.97619262462,-8930.51509857841,-8907.17779770718,NA,NA,800.544393168867,678.387501933539,3467.88658706309,61.2534903478684,NA,0,"pruned_test1_too_close",5,1,-8907.05300046905,3,"test0_worse_conv",42
62,"logit_random",-0.0639462030211476,0.166170072122728,-0.143458079190267,-0.0418385669127637,0.00832198458807411,0.271267948426782,-0.572160398733191,0.452396691751117,-0.098612100611301,-0.185408937948587,-0.565422744397349,-0.0162346166975556,-0.487009175407378,-0.190697477330265,0.0305020979897556,0.0692468105807798,0.0673214854805453,0.016186310786511,0.148267370796296,-0.20473276615727,-0.204379151207132,0.151326502332293,-0.0154134738617391,-0.98241516650053,-0.0791813050087517,-0.295740923055443,-0.66897773722257,-9841.85021083607,-8933.66647707352,-8907.5284885538,NA,NA,NA,NA,574.965517995996,75.5462092431985,NA,NA,NA,0,"pruned_test1_too_close",22,1,-8907.05300046905,3,"test0_worse_conv",42
63,"logit_random",-0.117774570737232,-0.0780591377970062,-0.217914103130256,-0.0174598476010711,0.00825791537518148,0.124563483168304,-0.249429031299325,0.528891915717272,-0.327531693544727,0.0643643531508935,-1.03681143409042,-0.00887398194954971,-0.617118252568002,0.0129396473707903,-0.10998641686567,-0.360375168389426,0.0724775686697888,0.0455394613207039,0.198838104905255,-0.452339892013768,0.834264051433688,-0.511028579550253,-0.14856308068988,-3.21574094500022,-0.0705495862921723,-0.541128971761278,0.00627021500379709,-9822.70800130231,-9046.20268524982,-9021.18229437258,-9018.32395894383,NA,NA,NA,1053.85917968074,176.507141033142,30.349957970206,NA,NA,0,"pruned_test1_too_close",90,1,-9018.18366436434,3,"test0_worse_conv",90
64,"logit_random",-0.0444946370639717,0.0271586581358338,-0.135771065076587,0.05877931136082,0.00225509896448409,0.0377362087839957,-0.227478304476201,0.484372628499476,-0.303155934235978,-0.0360664230065035,-2.52965174147188,-0.123687862722753,-0.210597162706614,0.0571488738418851,-0.135434698234388,-0.176129615888023,0.198179358793565,0.0381444860238303,0.323430492380092,-0.113301124290084,-0.230677208970811,0.023143465298601,-0.0804515508417946,-2.14802656464959,0.0723857382340934,-1.04848208447503,-0.557944909957053,-10559.6395164257,-8976.17101197604,-8913.18162537269,-8907.38546959603,NA,NA,NA,1698.6076759032,421.794705779755,136.464312031933,NA,NA,0,"pruned_test1_too_close",2,1,-8907.05057532203,1,"best",4
65,"logit_random",-0.124062381584777,-0.0269345130338201,-0.118628121502164,0.0490296149437225,-0.00938216678387242,0.0489367761906991,-0.44612219708686,0.322238302000449,-0.490017888925588,-0.135019125005043,-1.87052486635356,0.0216036571852084,-1.00651641417608,0.0879039937433678,-0.160422962638406,-0.0466370544631377,0.168170056444491,0.0104318584754126,0.167818533006437,0.00902315800072251,0.209088236171341,-0.463892350908574,-0.0875378493690788,-0.164340217576267,-0.0289796706545885,0.185836965634324,-0.0623614660328705,-10283.7650916553,-9015.17311516555,-8928.70432359984,-8908.92148398226,-8907.10049798584,NA,NA,1762.10579483162,980.862500369216,461.178813815083,4.65628525756805,NA,0,"pruned_test1_too_close",4,1,-8907.05057532203,1,"best",4
66,"logit_random",-0.0521536767707935,-0.121563727200309,-0.202443300347214,-0.0379758742640346,0.00746588404247708,0.0948446662976922,-0.443787676035993,0.2036880507638,-0.126001598893884,-0.187104600913722,-2.10252193156034,-0.0339573618474982,-0.30553854867239,-0.00783112772497575,-0.192210765547535,-0.0939264609421934,0.257877073952772,0.0512645806787199,0.172871339352465,-0.401221537538341,0.166447486153002,-0.0570772910866576,-0.328347226707822,-4.08097314966717,-0.0840901493754428,-0.531165618917941,-0.693367359701218,-9993.66562662762,-9075.98924486849,-8957.98252345652,-8915.39684245531,-8907.27280158408,NA,NA,1274.44087183146,1290.64221601846,490.24995874801,73.5082231762133,NA,0,"pruned_test1_too_close",4,1,-8907.05057532203,1,"best",4
67,"logit_random",-0.0559987425914325,0.00314883215911753,-0.193380448756675,0.0997905632078941,-0.0105765685017193,0.0496796265683119,-0.0375384069902917,-0.178192819083788,-0.416374114435507,-0.280367345946083,-1.70089426323172,-0.060345164757687,0.240683340474347,-0.0177736239538727,-0.0470788609022271,-0.0374605881287885,0.0528828621240574,-0.0243071504043864,0.105144426197413,-0.236100473404131,0.888842195750521,-0.319631628447431,-0.0441847273564948,-0.0291629184034434,-0.0955709041317468,-0.319624912058145,0.38638583765458,-9799.49006906406,-9009.62547598928,-8951.32618842875,-8907.6689271389,NA,NA,NA,1252.3963734803,1607.23235272427,92.9685647789296,NA,NA,0,"pruned_test1_too_close",2,1,-8907.05057532203,1,"best",4
68,"logit_random",-0.0886172477540002,-0.183010185246378,-0.246960151915796,0.207102789291339,0.0423503164867552,0.188234367169041,0.0510087675721171,0.523773929101774,-0.054549630619267,-0.0833300123391695,-1.6225641531055,-0.0752996831008904,0.158016608129716,-0.0590528596613526,-0.128757130082673,-0.036247122349378,0.115267042795733,-0.00152813873043935,0.1548725300321,-0.0656406748411439,0.0359416560128951,-0.406480722651639,-0.167889918424418,-2.6066397071288,-0.128617406222217,-0.140608631246758,0.685375342202779,-9651.28956506263,-8930.73360401897,-8907.69561664987,-8907.05844796136,NA,NA,NA,1257.69835668504,34.0710791213086,4.32588976680635,NA,NA,0,"pruned_test1_too_close",4,1,-8907.05057532203,1,"best",4
69,"logit_random",-0.00620841089150316,-0.100403126469013,0.0435446652967477,0.095957054123266,0.000259765115713337,0.263025883856299,-0.00820661386117122,0.28103013407358,-0.396468202204028,-0.0382923368565582,-0.607143268170814,-0.0114497412824605,0.0284333043981689,0.0088166113160322,-0.295291184949437,0.0158934759007132,0.103054847368844,-0.00221574756587857,0.102552135130429,-0.41259589274933,0.442531320206374,0.335283311243432,-0.328424721327941,-1.39576356669259,0.0072382706585836,-0.199595278798894,-1.0367018349656,-11423.2270350185,-9010.20555470779,-8939.08719871368,-8908.57146127467,-8907.08312490139,NA,NA,695.751836137524,2712.8329135184,46.7684693056997,17.7459532451557,NA,0,"pruned_test1_too_close",4,1,-8907.05057532203,1,"best",4
70,"logit_random",-0.00534582148097024,0.0500059513011922,-0.107508398646005,0.100862061411833,0.00585081425054866,0.312572660074053,-0.106821884700311,0.394640522550628,-0.462845472829737,-0.108907057329755,-1.50833881244196,-0.180290994797975,-0.400809722476267,-0.093949502569555,-0.0273046919750197,-0.0345596515106993,0.157817302490921,0.030525141842456,0.339049162833795,-0.483575913259472,0.988551686958044,0.32332567085436,-0.0877504915917568,0.671676092942464,0.0235629167008423,-0.887333687733511,0.0274965744340925,-10136.189691986,-8983.29545019246,-8915.18420104286,-8907.50047244116,NA,NA,NA,2056.31218387711,392.004645512885,28.8246896148632,NA,NA,0,"pruned_test1_too_close",10,1,-8907.05300046905,3,"test0_worse_conv",42
71,"logit_random",-0.102634540753975,-0.189131478341488,-0.175539491642145,-0.0400488869661246,0.0105848110012149,-0.0117088382209734,-0.313215053027238,0.889617313462115,-0.181433938836556,-0.0729586730439327,-2.23903433764778,-0.0838631545852227,-0.79723623372589,-0.112120917850254,0.0082472386431489,-0.179875021307205,0.115004567923735,0.0287481993413516,0.219435594385853,-0.593372890998951,0.358412396962585,-0.185272345058345,-0.0918402960226642,-2.57404265089587,-0.0512545508382561,-1.07710579039635,0.591563873362156,-10004.8664386619,-9045.20872549342,-8926.4409259733,-8908.90055906851,-8907.07060808808,NA,NA,2586.54726725365,1073.49074718769,114.156711137215,6.62367863485338,NA,0,"pruned_test1_too_close",42,1,-8907.05300046905,3,"test0_worse_conv",42
72,"logit_random",-0.0290073637052329,-0.167376416882207,0.0205042394414848,0.0623135629348982,0.0168285800017615,0.190438201324513,0.0958929315025559,0.343537769664738,-0.381712975154929,-0.0709874172726674,-1.39375683888492,-0.0170393543753658,-0.34145656400678,-0.129616854186305,-0.0455990237905573,-0.137226989469919,0.0745725491877562,0.0351256943375778,-0.0621874624480936,-0.147928580093463,0.490135583747771,-0.0338598960619861,-0.146265894978358,-0.327431292715781,-0.0959471224823573,-0.497828038045912,-1.07295505737889,-9317.48830295321,-8971.18743763987,-8925.92636355336,-8907.81086362973,NA,NA,NA,499.81996497034,1893.56589290166,45.3825053524348,NA,NA,0,"pruned_test1_too_close",6,1,-8907.05300046905,3,"test0_worse_conv",42
73,"logit_random",-0.184190759586547,-0.146641438278062,-0.103524421732059,0.154346318240237,0.00750379356632755,0.145795492602206,-0.00536653064090326,-0.18953146531679,-0.449107073486052,-0.126569183120829,-1.38072237372161,-0.0564924890360409,0.158356460200735,-0.0459070278318796,-0.102848099200678,-0.110671610553835,0.0458612913002721,0.0061060204515718,0.210513781965728,-0.364068098402357,0.224085538408556,0.117529192780835,-0.20070794381769,-1.04652434832985,-0.0977611381007654,-0.140328452567085,0.712088431155855,-9194.46768908624,-8910.60497160063,-8907.57586642532,NA,NA,NA,NA,283.266230658482,164.439749235809,NA,NA,NA,0,"pruned_test1_too_close",1,1,-8907.05057532203,1,"best",4
74,"logit_random",-0.169217543931384,-0.299612819824138,-0.188321530605089,0.0138361695965621,0.0255941953853404,0.447516060109294,-0.250748986362043,0.139629843171981,0.417319565536915,-0.255603423251289,-2.09249113938982,-0.101164370920436,-0.317264569130885,-0.0383186047695315,-0.201659922320692,-0.286250508833895,0.155138898865453,0.0473397383968453,0.241061076066016,-0.462823607164804,0.389978301821734,-0.601122668383537,-0.145965926183529,2.36298599855865,-0.110621535408331,-0.550458507842034,0.504698736139183,-11198.4675403221,-9113.26660138318,-8928.32810608845,-8907.78127983943,NA,NA,NA,1130.83414283174,1751.24954589715,128.342213935542,NA,NA,0,"pruned_test1_too_close",6,1,-8907.05300046905,3,"test0_worse_conv",42
75,"logit_random",-0.284972691942718,-0.188178935968807,0.0398966878928673,0.176937119128922,0.00481705978724506,0.185912708137891,-0.190204597122388,0.371070446482642,-0.00175123310310837,-0.186760013301951,-1.59588884652321,-0.0278388932254037,-0.268130158987904,-0.206012928694119,-0.0909769723838946,-0.184747355464485,0.101788957933008,0.0109609596459911,-0.0455349900300693,-0.395377721934243,0.173946880381984,-0.182712323664479,0.0451846162330652,0.0396246796128366,-0.0910238312337811,-0.863273027435011,-0.324708538235396,-13855.0327034979,-9336.93294312706,-9336.05967275082,-9336.05955309115,NA,NA,NA,47.879173992583,0.711178803323459,1.99940757094809,NA,NA,3,"test0_worse_conv",0,1,-9336.05955309115,3,"test0_worse_conv",75
76,"logit_random",-0.0557554374843205,-0.17071848976255,0.135104255402684,0.025164178112878,0.00147006245675826,0.00359608227299468,-0.0883273474081963,0.369869375698856,0.0496083166138777,-0.253597626126297,-1.80091544061847,-0.158821895826625,-1.03750754285759,-0.118990658285458,0.0186452946916782,-0.324614698016327,-0.0130578176334908,0.0167887627267213,0.30893737478377,-0.216287492464969,0.415846636482131,-0.536557975188991,-0.165658576292132,-1.54331999283547,-0.0868548058451463,-0.0134652936863465,0.319691698764493,-9536.60260261682,-8941.07681894953,-8908.46570652265,NA,NA,NA,NA,1355.52348445085,108.325574552415,NA,NA,NA,0,"pruned_test1_too_close",49,1,-8907.05300046905,3,"test0_worse_conv",42
77,"logit_random",-0.0900121828158626,-0.0433098886348717,-0.185497565830232,0.0696285856774265,-0.00140454726065826,0.403950017009492,-0.289400079970621,0.467502438637115,0.268952088324137,-0.0658002383217998,-0.638480577246981,-0.0449536360811015,-0.552051243218735,-0.149828855965448,-0.0699781064139979,0.0711300518440678,0.170714084808609,0.0120237452468819,0.410318437709442,-0.270830795003333,-0.0206223164592056,-0.141322654019046,-0.317335490638262,-2.42122174588763,0.0339967862325614,-0.336278434638364,-0.171674731575352,-9758.90548748777,-9033.39416285153,-8941.14211463249,-8908.24514182657,-8907.0613455862,NA,NA,991.614631436114,1415.83401499606,69.3779837162405,7.41740133778881,NA,0,"pruned_test1_too_close",42,1,-8907.05300046905,3,"test0_worse_conv",42
78,"logit_random",-0.22648933055259,0.0727057885583466,-0.0937868669460457,0.0211895764938917,0.0350078028323066,0.00278547850465996,-0.195912549810768,-0.188250984442061,-0.0904713213155671,-0.232558409710733,0.762007561697951,-0.00783482982150008,0.16502816023738,-0.0242763672814181,-0.00394240081050003,-0.00158499519468494,0.0963292986470664,0.0648906775079243,0.109725502950557,-0.309313403347109,0.431935195666036,-0.385649365020351,-0.145401028099662,-1.43343785283241,0.0509023383547588,-0.137582467835072,-0.451571241384472,-9855.40371368787,-8990.87881006268,-8909.53977396672,-8907.16937344075,NA,NA,NA,891.302424361753,380.259642618133,32.6620996755656,NA,NA,0,"pruned_test1_too_close",2,1,-8907.05057532203,1,"best",4
79,"logit_random",-0.043767499183986,-0.0855592460446938,-0.139419326005228,0.00638592616271463,0.0113182335538811,0.0308168646283776,-0.346616093346555,0.253985781413938,-0.49610016028991,-0.311760992042017,-0.607613400121167,-0.00866156478453969,-0.701285348454569,0.00128584273834668,-0.202882869598476,0.0186616119845401,0.0301861835543411,0.0122699143437735,0.201848812246972,-0.274932467136937,0.401740143850806,-0.728827133405363,-0.0848895640078209,-0.848942053251919,-0.087705378571507,0.314659214337804,-0.676067285971745,-9870.10389754548,-8969.90413771409,-8917.07801271575,-8907.33356306823,NA,NA,NA,405.404947822632,1387.76436250446,17.5934119255019,NA,NA,0,"pruned_test1_too_close",2,1,-8907.05057532203,1,"best",4
80,"logit_random",-0.108205960949523,-0.0923506657304856,-0.216765907813351,0.128872790212246,0.018144570248146,-0.0811731960459116,-0.273663928696403,0.338736830377018,-0.166085074617205,-0.0841509276491157,-3.02282736366631,-0.115926770238486,-0.395533662757087,-0.0789224867558269,-0.0727151941550197,-0.29236648377171,0.10491693411535,0.0105010179901139,0.0777196108417466,-0.406383296763641,0.305710605289613,-0.377033129336285,-0.0792946676103412,-1.28815971235988,0.0268049581090672,-0.457779359262444,0.321949217773442,-9605.25169495492,-9001.16392903451,-8917.5131319961,-8907.31427673884,NA,NA,NA,1628.95771233463,1026.5611327136,41.0630361801549,NA,NA,0,"pruned_test1_too_close",2,1,-8907.05057532203,1,"best",4
81,"logit_random",0.054161950114633,-0.102247859626011,-0.209313635280715,0.101310480674339,0.020876537431929,0.100711932783642,0.133376752319001,0.1668805365376,-0.206506311304512,-0.240520672681898,-0.687499219388324,-0.155006031537523,0.00467949433367026,0.0680464212609255,-0.148234294364988,0.0666181843117985,-0.14630098118869,0.00491991317495629,-0.064679157621525,-0.188754601378088,0.308141578769459,0.0220229631725268,-0.134709488026275,-1.74060463449314,-0.0428174615212562,-0.401214243652616,0.172837247983156,-16732.170010737,-8913.85117569652,-8907.17897365863,NA,NA,NA,NA,379.178297822315,48.8658066075956,NA,NA,NA,0,"pruned_test1_too_close",4,1,-8907.05057532203,1,"best",4
82,"logit_random",-0.18777281686449,-0.129260156950292,-0.121783581295018,0.107558279135106,0.0188882343855207,-0.0894225804815157,-0.156624776427013,0.220761272259702,-0.0684387610734327,-0.0618684018946263,1.36043586629452,0.0227534662979403,-0.364137319629135,-0.127952315159788,-0.0108739626401672,-0.079280706006414,0.219648541220786,0.00290269247197832,0.156412148178969,-0.435262799384938,0.849753006458326,-0.205952718010005,-0.0174532102452822,-0.74309921995074,-0.120260248094687,-0.413986025259004,-0.136229172420009,-11026.6236483626,-8950.20154513942,-8907.98062374121,-8907.06816180736,NA,NA,NA,415.790001260811,94.2371755002157,14.9605611941951,NA,NA,0,"pruned_test1_too_close",4,1,-8907.05057532203,1,"best",4
83,"logit_random",-0.0236327272098651,-0.130002053430568,0.0207134882954149,0.0844194850884047,0.0213357216413932,0.253111723316135,-0.352368327911278,0.221120301029016,-0.433903108669729,-0.0921376815577314,-0.270941436381372,-0.0722131511086948,-0.0937398812908816,-0.122024803487855,-0.282638644161239,-0.395770662392033,-0.107794215487398,-0.0125888578919019,0.0341304475390803,-0.252354816421359,0.581104754642007,-0.449562544591791,-0.0368283334002483,-1.21623947950467,-0.0201983997708014,0.110498175484159,-0.427210931165198,-9598.42888993842,-8926.79697725985,-8907.54110142663,-8907.06044917595,NA,NA,NA,1435.59838512748,86.3962583838716,7.01880930392507,NA,NA,0,"pruned_test1_too_close",42,1,-8907.05300046905,3,"test0_worse_conv",42
84,"logit_random",0.0122374118387791,0.0080621982261929,-0.213832398431333,0.0559460252074287,0.0171328887419769,0.256502606779091,-0.219963804983607,-0.0923467691163684,-0.0418018520635701,-0.222590400752561,1.28557303054815,-0.117514497271828,-0.196528186798871,-0.1389190721577,-0.00409611665070722,-0.221438573354234,0.152997335579781,0.0117237077831781,0.214248839428301,-0.562488730605618,0.375404890002457,-0.393894194677113,-0.119843775025257,-1.19708430048375,-0.0748117257457088,-0.532385816609215,-0.0642943963159929,-10220.0340122883,-9209.3195905561,-9051.03022229857,-8908.63033159569,-8907.15536935997,NA,NA,2173.88568551254,3754.94161732753,264.493017727755,53.9388835600709,NA,0,"pruned_test1_too_close",5,1,-8907.05300046905,3,"test0_worse_conv",42
85,"logit_random",-0.0776815178224438,-0.0869556180247421,0.0126363110035788,0.076679583590509,0.0326831582761585,-0.00250497259602886,-0.296186092347231,0.0364150869090981,-0.219623896007706,-0.104951238313383,0.641340014750398,-0.0708326070521913,0.123761895805197,0.0124075116539497,-0.214965955332252,-0.127061151967997,0.0984335509407401,0.0195914478719072,0.248992035459674,-0.274865269989497,-0.0642337009439961,-0.584213833177329,-0.000991700793742764,-0.623351417710337,-0.126462574783464,-0.312983347445411,-0.492425170758406,-10528.6710033735,-9009.17288293457,-8911.12642581755,-8907.15639292286,NA,NA,NA,2512.4872290902,99.9427974320978,20.508536693871,NA,NA,0,"pruned_test1_too_close",2,1,-8907.05057532203,1,"best",4
86,"logit_random",-0.150795225237859,-0.150745206067856,-0.123275640669558,0.0583808816483154,0.0254642268421374,0.0791934963496351,-0.35927636571558,-0.396600119623413,0.101071364793192,-0.000708527162121192,-0.0800814241191019,-0.00141104610160447,-0.997042061673041,-0.0288000205731192,-0.184268774812113,-0.0906723066639886,0.129064801535754,0.00178596024576326,0.251104729972004,-0.302745088745975,-0.101484788519469,-0.196947580309256,-0.151767446674406,-3.34036290097373,-0.0580552885353236,-0.326433900646111,0.274717929792466,-10105.4811450371,-9109.62486807672,-8968.58665453107,-8908.86536197325,-8907.08267485764,NA,NA,1753.78480601949,1211.06436653177,109.078380092663,24.7668855797786,NA,0,"pruned_test1_too_close",4,1,-8907.05057532203,1,"best",4
87,"logit_random",-0.0353913492345429,-0.0557451747065594,-0.129797784276442,0.0579440585794942,0.00037981077749848,0.200743927998698,-0.0891692767493132,-0.174749003209725,-0.285504077645469,-0.113165614406108,-0.289500661127557,0.025974401769756,-0.855461065607934,-0.0238898348930426,-0.184826285011848,-0.192418972967724,-0.017686972376961,0.0316813247091654,0.098051914575153,-0.154896157269705,0.21079325627574,-0.240660128064624,-0.190312199695149,-1.19463379124373,0.0117693636362159,-0.580664026828201,0.630895894641674,-10098.063963832,-8992.43478335781,-8911.04026411501,-8907.12332765776,NA,NA,NA,1947.22947497275,375.556390463947,21.4122984990081,NA,NA,0,"pruned_test1_too_close",2,1,-8907.05057532203,1,"best",4
88,"logit_random",-0.00787137574504203,-0.000217112679011311,-0.0747266232296767,0.0906920768658288,0.0282800742798413,0.0859066640455353,-0.079409412168289,0.374583346809697,0.514518487636863,-0.160214766330145,-2.31553108828294,-0.0809521295535914,-0.98225036151578,-0.190678090995489,0.0114512321797854,-0.140497535449316,0.250016912521243,0.00143514319622064,0.180503041056651,-0.631447470480265,0.724898509707467,-0.365227262221351,-0.0408054742789027,-0.15107186468697,-0.00530195292370474,-0.514952822310871,-0.271460838049678,-9739.21946077179,-8967.99819211648,-8914.04202899511,-8907.14393062589,NA,NA,NA,1112.00959803488,467.841622535506,39.92743009838,NA,NA,0,"pruned_test1_too_close",10,1,-8907.05300046905,3,"test0_worse_conv",42
89,"logit_random",-0.0567646159841047,-0.0514069951820892,0.00614440218528227,0.0897173650112506,0.00851243681853034,0.486707553282136,-0.0833978297979088,0.230520430112619,-0.00268690679963879,-0.215677532322124,0.0755285862039259,0.0285765823292538,-0.791899630746625,-0.0483608125961368,-0.108567180099044,-0.173013207202133,0.016654353598698,0.0152226862716703,0.24500869137172,-0.296902351219561,0.365246418934493,0.372644456434461,-0.0650740781980734,-1.66011516759931,-0.151075373291492,-0.528493241990863,0.935168028537282,-9497.21415922128,-8994.28603901316,-8909.78751955434,-8907.08304697196,NA,NA,NA,1539.54238196657,131.25626933817,11.8496816961291,NA,NA,0,"pruned_test1_too_close",17,1,-8907.05300046905,3,"test0_worse_conv",42
90,"logit_random",-0.0907000355013562,-0.178130017688537,0.0380458659737128,0.0812114599428383,0.0213533811708592,0.232397236269588,-0.141254606926878,0.326906646501605,-0.168625374591181,-0.0371698668871232,-1.92454939696341,0.0203890284030319,-0.807718778884641,-0.0738824176803548,-0.0990611259255236,-0.0237414152800796,0.109419670920897,-0.00614072865728466,0.190278360262115,-0.180920816461594,0.0791760824782118,0.0605738362733785,-0.238680727179587,-3.32427175200225,0.0416584934778566,0.235159269687839,0.134440041004829,-10138.7606168678,-9078.70789792929,-9019.7704105649,-9018.25932679549,-9018.18466122062,-9018.18366436434,NA,726.18656035703,96.0623114483832,13.6029394683497,10.9858276602629,4.51557687327864,3,"test0_worse_conv",0,1,-9018.18366436434,3,"test0_worse_conv",90
91,"logit_random",-0.0631551134426816,-0.192743761321256,-0.13012072551597,0.0500266253864273,-0.0110710202388598,-0.0360410369265372,-0.195574520144366,0.441597406554897,-0.504117283295705,-0.268810365401754,-2.18687905255871,0.0337487876447716,-0.396624234978695,-0.0774825085934468,-0.0456385612228442,-0.0957764913166712,0.0018504914838911,0.0149043697882978,0.0408582449075032,0.165705851913043,0.449251615484866,-0.254481671702678,-0.203877866069637,0.593260282317134,-0.142126136325303,-0.362529926533712,-0.0960948985312214,-9313.46907970977,-8915.51786158895,-8907.13272504754,-8907.13260999127,NA,NA,NA,166.153489657098,10.7746306423495,29.6907086745649,NA,NA,4,"dup_best_test0_conv",12,1,-8907.05300046905,3,"test0_worse_conv",42
92,"random",0.348041281138606,-0.221968010096157,0.299241426971716,0.454401675032311,-0.923858098564775,0.354571682509618,0.00936709848649227,-0.0399761130570268,0.554159568241221,-0.0136656758399007,0.804428102061457,-0.121124649923145,0.307340088964466,0.514284596755453,-0.588641408523314,-0.186898964331672,0.376065246298268,-0.163208023723967,-0.0541562322046004,0.989752231341293,-0.100926130381523,-0.294935760962536,0.157766552656949,-0.75953684845326,0.198062173282839,0.277654828477421,1.10176753193757,-72268.4033958903,-9337.3522521056,-9335.64609237167,-9335.64609237065,NA,NA,NA,184.845433910359,0.0347083845372573,0.0237009035567097,NA,NA,3,"test0_worse_conv",0,1,-9335.64609237065,3,"test0_worse_conv",92
93,"random",0.705095126391363,-0.26539430343859,-1.1220382904805,0.233152834279134,-0.0331900458712315,0.755086472647669,-0.818901257428868,0.974962047229528,0.581584998511181,0.0715239276301048,-0.205508323618824,0.118225283930754,-0.200830628483878,-0.0720143568085672,-0.35820655753624,0.320907468851082,-0.60604737717023,0.380317550151185,-0.591028350897768,-0.0184107857346101,1.15349469996222,-0.58547445432897,0.439366002944604,-0.328424918091907,-0.539770339004215,0.03294226929952,0.294062366425876,-15527.1426765548,-9491.25684112529,-9336.04896478323,-9336.04896350875,NA,NA,NA,7694.5189992241,1.58199710375952,0.955325311591952,NA,NA,3,"test0_worse_conv",0,1,-9336.04896350875,3,"test0_worse_conv",93
94,"random",0.0174158053861549,0.0557253145027175,-0.10464570538632,0.184913155916068,-0.245258852577343,0.094955530268794,-0.270053293855871,-0.432340632892357,-0.743145029021405,-0.549051762948957,-0.420041953783075,-0.737572425156919,-0.296714080995009,0.0442449645849493,-0.251099070042491,-0.191219219150132,-0.561672073736447,0.68797665239309,-1.01405050506505,-0.371238038969409,0.45770586305585,0.485702240951389,0.155463126551045,-0.438904093034844,-0.217606375531048,-1.18845610676579,0.363828111458528,-14303.7425069585,-9006.84602982873,-8914.76209581304,-8907.38111492931,NA,NA,NA,1205.59644438242,510.789864603114,45.6360047827578,NA,NA,0,"pruned_test1_too_close",2,1,-8907.05057532203,1,"best",4
95,"random",-0.138620798436517,0.185476561310344,0.425698610189967,0.258855330017691,0.186329348112501,0.483943326586459,-0.190371193945883,-0.296672629606895,-0.234982950579381,-0.653191909446933,-0.534153500936877,0.734814159153635,0.630315827131052,0.0463151741974092,0.192727261474618,0.95853698043249,0.0249462012289455,-0.720502402496887,0.0343736807369984,-0.574823191706138,-0.216045353034152,-0.673691725132924,0.203613835181194,0.159662793450245,0.977610209792344,-0.14308759806478,0.312489509041263,-17794.9973294739,-9155.73291642367,-8932.88060914298,-8909.67426593103,-8907.13414401704,NA,NA,4708.26894407937,768.214635509539,145.753058369966,12.8862751922671,NA,0,"pruned_test1_too_close",4,1,-8907.05057532203,1,"best",4
96,"random",-0.509890207819765,-0.141934387165285,-0.294777627602413,0.271244021172891,-0.450459703677004,-0.14986229916205,-0.207449104916371,-0.286459406087792,-1.03151970965042,-0.0256077644935973,0.222483931426367,-0.430594714795705,-0.0215483877385856,-0.186563794775453,-0.253797914663603,-0.376412523421629,0.141067036910387,0.128758033600227,-0.425537802378237,0.890133924369634,1.08154073992333,0.536893156534283,-0.248625333841796,-0.082671507490931,0.19203815755362,-0.374148566263576,0.2474499839434,-14795.967041587,-8982.96038223945,-8910.63134055576,-8907.12426959383,NA,NA,NA,1919.47699335548,432.594796495284,23.8317624471899,NA,NA,0,"pruned_test1_too_close",2,1,-8907.05057532203,1,"best",4
97,"random",0.277810485820202,0.148985694057655,0.379251995148481,-0.176814813575045,-0.173666106628369,0.69636781995848,-0.39876378681399,0.151885878052085,0.864829885443701,0.898885360788345,-0.438974935087085,-0.14319856303378,0.450045587508261,0.285557903669428,0.0457298428354943,0.207387486597223,-0.789990639705142,0.539221838225553,0.356678799138128,0.266419100138147,0.0890046778791978,-0.612739120149783,0.265211499605285,-0.04283058150848,0.161239243243291,-0.352454152781278,-0.506900667808459,-56815.9341279096,-9049.21717635279,-8990.79657903426,-8913.38036300242,-8907.2467039457,NA,NA,1131.63268144453,3956.91730863164,295.125018547897,151.642613765273,NA,0,"pruned_test1_too_close",4,1,-8907.05057532203,1,"best",4
98,"random",0.220740495988037,-1.2419861371517,-0.0693653849660937,0.338101687903219,0.601068939828636,0.22927565303646,-0.837702599279491,0.33737289513772,0.552981598307208,0.244378317137632,0.287366343122798,-0.380045709397992,0.575611567013165,-0.300864525437949,-0.312345770406806,0.876103973642565,0.130463959279149,-0.460319130082123,0.236406018564386,-0.0804046095135674,0.703328419985449,-0.449326861496392,0.00325528608926521,0.583809476393117,-0.190500453371015,0.11038409914505,0.379848664190936,-26271.1400502236,-9164.24008007136,-9131.72184216263,-9131.7217905803,NA,NA,NA,187.550818199029,250.952523948412,Inf,NA,NA,5,"pruned_test3_bad_gradient",0,0,-9131.7217905803,5,"pruned_test3_bad_gradient",98
99,"random",-0.24699221475651,-0.286497518654066,-0.069456333736303,-0.399443485817648,-0.135659004491587,-0.140975667569852,-0.749078472955562,0.323588631819137,-0.51061707020827,-0.43322934904206,-0.1933165691516,0.232362776746601,-0.177074604575433,0.214530313191475,-0.201571395945037,0.473017502736737,-0.219970474437428,-0.928295530130917,-0.0883844847101298,-0.997198197105603,-0.592473350598777,0.653107963197563,-0.371927055695955,0.0223953815205307,-0.722885682900748,-0.370071579058945,0.688415518355891,-15663.3249837199,-9336.34882100826,-9336.34881697311,NA,NA,NA,NA,2.70083735821079,1.66025983538989,NA,NA,NA,3,"test0_worse_conv",0,1,-9336.34881697311,3,"test0_worse_conv",99
100,"random",0.140037099951896,0.131774377963925,0.119829290633847,0.790162971643232,-0.527518486109044,-0.18046764517433,-0.395277017266277,-1.30306995809508,0.396474146740248,-0.0113954197561136,0.511788340475952,-0.478437208399991,0.289662143475432,-0.434543231992202,0.77352470588473,0.120646540917585,-0.238619046283849,-0.281650491687663,0.153713998886893,0.170201694475115,0.459473676466188,0.468001691225473,-0.136432675316548,-0.822323366510422,0.359188155194426,0.790939192857915,0.300730857738747,-22828.164189092,-9137.09434342807,-8921.82131459223,-8908.33475155389,-8907.07815895884,NA,NA,5200.87680846111,791.998456542463,71.5615482388956,17.8335879925914,NA,0,"pruned_test1_too_close",4,1,-8907.05057532203,1,"best",4
101,"random",0.0974767948482669,0.525798049355235,0.712259151371929,0.277496495021756,0.851544887994166,-0.136886529893261,0.144188918456333,-0.640316514889636,-0.309432102924432,1.01739904228863,-0.949826066233257,0.272984866159645,-0.576615067767822,-0.0791810018336968,-0.209372814013126,0.861715847520321,0.406540634982279,0.990900777373094,-0.37415591328665,0.645657335429759,-0.992378045229456,0.439898297341581,0.167183762591247,0.564504090889627,-0.249972095547573,-0.29114814817624,0.393160639727765,-28516.7492836823,-9340.26529841156,-9336.04865931166,-9336.04865918518,NA,NA,NA,925.338743974522,0.478375247312521,0.293580815295403,NA,NA,3,"test0_worse_conv",0,1,-9336.04865918518,3,"test0_worse_conv",101
