"row_num","gen_method","b_Price_1","b_Acceleration_1","b_OpCost_1","b_hev_1","b_phev20_1","b_phev40_1","b_bev_1","b_bevRangeRel_1","b_noBEVFC_1","b_american_1","b_chinese_1","b_japanese_1","b_skorean_1","lambda_ICE_1","lambda_BEV_1","alpha_PHEV_ICE_logistic_1","b_Price_2","b_Acceleration_2","b_OpCost_2","b_hev_2","b_phev20_2","b_phev40_2","b_bev_2","b_bevRangeRel_2","b_noBEVFC_2","b_american_2","b_chinese_2","b_japanese_2","b_skorean_2","lambda_ICE_2","lambda_BEV_2","alpha_PHEV_ICE_logistic_2","class_intercept_2","LL1","LL2","LL3","LL4","LL5","LL6","LL7","LL8","LL9","LL10","LL11","gradNorm1","gradNorm2","gradNorm3","gradNorm4","gradNorm5","gradNorm6","gradNorm7","gradNorm8","gradNorm9","gradNorm10","gradNorm11","stop_ef","stop_status","pruned_optima_row","end_conv","end_LL","end_ef","end_outcome_status","end_index"
1,"beta_var_val",-0.065961032,-0.086724325,-0.123458989,0.078787462,0.017337116,0.133321046,-0.225292786,0.305755872,-0.261643415,-0.113318709,-1.203619405,-0.05776064,-0.392742187,1,1,0.5,-0.06530142168,-0.086724325,-0.123458989,0.078787462,0.017337116,0.133321046,-0.225292786,0.305755872,-0.261643415,-0.113318709,-1.203619405,-0.05776064,-0.392742187,1,1,0.5,0,-9336.01250131243,-8872.81839806143,-8838.1854562317,-8833.56121069983,-8833.06521635227,-8832.9208332848,-8832.89413310699,NA,NA,NA,NA,NA,2568.87371412506,1466.88608726185,314.399280260154,166.995784162297,86.1266616074836,33.5892606171008,NA,NA,NA,NA,0,"pruned_test1_too_close",29,1,-8832.88038177849,3,"test0_worse_conv",30
2,"logit_random",-0.132912054426738,-0.0317514846597768,-0.296309833138667,0.132786088475688,0.0422129712608777,0.298561928959281,-0.403804848689593,0.582043518948123,-0.0697289753289601,-0.0357137987946508,-0.19267666316203,-0.088615234118855,-0.879291385688933,0.885853732856922,0.48685960337054,-0.324488586681244,-0.115881448416687,-0.124079952141965,0.0705533162222263,-0.0572618950667804,0.0403850696367383,0.0871434117464914,-0.352193020437886,0.189353326255561,-0.136106336163808,-0.254156691189153,-1.75392696920882,-0.10529053574164,-0.119361199158684,0.48931577314157,0.711718644252978,-0.0541562322046004,-0.372872099166,-11414.7530857866,-9091.57749007555,-8849.92048047899,-8836.45673933122,-8833.40042818619,-8833.01955021565,-8832.93627246294,-8832.9362058572,NA,NA,NA,NA,6472.25418226505,699.908999908369,463.517839795542,233.494378430351,24.5850700490766,6.82907760733056,6.13495578415297,NA,NA,NA,3,"test0_worse_conv",0,1,-8832.9362058572,3,"test0_worse_conv",2
3,"logit_random",-0.0712139533661922,-0.234805109101998,-0.273897049079491,0.114851146604367,0.0381744072562988,0.378571213963414,-0.370823364526657,0.227134972848306,-0.373269956840957,0.0891524688009366,-1.16545357121991,-0.108728817826955,-0.542250373874088,0.67419874003157,0.215430199909024,-0.0596403474825378,0.00310232703103366,0.0369352642790794,-0.0997056704485612,0.0298076173222089,0.0200028971721214,0.274417541850914,-0.419790875583248,0.580436266014987,-0.330842385598499,-0.0559370523638318,-1.08357066390194,-0.0217265472277205,0.161099016963971,0.49862176975701,0.186397380270064,-0.591028350897768,-0.858990968582657,-13925.525062303,-9298.56201660454,-8932.45006547836,-8844.31069651028,-8833.8935216326,-8833.16092399022,NA,NA,NA,NA,NA,NA,7238.52342269854,2647.55324308274,1098.64444043934,492.05960597093,274.83290065969,NA,NA,NA,NA,NA,0,"pruned_test1_too_close",12,1,-8832.9362058572,3,"test0_worse_conv",2
4,"logit_random",-0.0813290964109317,-0.0850170225917828,-0.271688291044229,0.224291546742349,0.0277198951181197,0.431341707455648,-0.369073102379234,0.173860428772547,-0.228024405738469,-0.149035340552226,-0.931048438553067,-0.0276163435266425,-0.590285913209914,0.701687556202523,0.36959819230251,0.0499317621628665,-0.106700096914053,-0.0678045355130346,-0.00692256545252457,-0.000626248171308616,0.0144490791807696,-0.000174407561718964,-0.303747691409517,0.0208213709104464,-0.256828852694116,-0.095144708934054,-0.748841700702518,-0.0290599049790891,-0.37906234400855,0.555736332214437,0.278203713805415,-1.01405050506505,-0.690995339159994,-11605.2870245397,-9248.00771462961,-9105.5460247267,-8928.73681485744,-8871.21252895186,-8842.47707579681,-8837.95843149133,-8837.1519273047,-8834.89932822441,-8832.96849857882,-8832.83870648623,NA,739.014647793006,4424.55688170436,1255.10608044439,792.470123952599,443.645624560419,27.5264553104368,128.729018901625,47.6581527920703,17.1150077165186,12.1297632173327,3,"test0_worse_conv",0,1,-8832.83870648623,3,"test0_worse_conv",4
5,"logit_random",-0.119868868325778,-0.112637238243265,0.172004990918167,-0.189186355726188,0.0313139797071506,-0.071663683817945,-0.249324755441883,0.420117241747908,-0.197547071821742,-0.170530928177282,-0.864594689040799,0.000910093078184897,-0.290098474826986,0.221902657710016,0.742886021682061,0.542922506748234,-0.119220997487646,-0.0148486573400911,0.0827617743931047,0.0889986062142195,0.0371020291706503,0.116933873040916,-0.500912296690578,0.405772767660023,-0.483714527901435,-0.00244119850673928,-0.793643692928294,-0.0996248117129587,-0.501626658083288,0.114980680178851,0.309009046815336,0.0343736807369984,0.233394618874304,-15500.8119027562,-9504.65827625697,-9285.94079078615,-9285.94077552516,NA,NA,NA,NA,NA,NA,NA,NA,5368.51300810255,2.79544658594099,2.75291535170378,NA,NA,NA,NA,NA,NA,NA,3,"test0_worse_conv",0,1,-9285.94077552516,3,"test0_worse_conv",5
6,"logit_random",-0.0150331234486085,-0.125035907847423,-0.356581028866325,0.0808707887999832,0.0309006254005847,-0.0532538010989543,-0.269500461194808,-0.137209704362502,-0.430794888604484,-0.0443790838185552,-1.93844873713301,-0.0209083487276567,-0.711581961994509,0.624987461329438,0.140049960147589,0.848245055460688,-0.186693243909521,-0.105631341854801,-0.0687741568965523,-0.0979268807567673,0.019573034945759,0.0665054886769327,-0.220820933338395,0.663543260750919,-0.400354814559059,-0.0540757676676163,-0.774145041343531,0.0547764167576494,-0.793252977698038,0.143358053257689,0.662739232121967,-0.425537802378237,0.399176227458526,-13863.1429557151,-9445.0803357208,-9295.51386551816,-9269.18064749337,-9248.09834759111,-9247.12888036244,-9247.12351815456,NA,NA,NA,NA,NA,2244.87178908712,1911.72978095933,328.03907977109,28.7522801490367,8.57425942729548,7.65957688515428,NA,NA,NA,NA,3,"test0_worse_conv",0,1,-9247.12351815456,3,"test0_worse_conv",6
7,"logit_random",-0.0768849661652772,-0.0354723896420691,-0.0562927682073148,0.10796401963052,0.0185786177913368,0.231726483651997,-0.0574577462969998,0.154006055417125,-0.0344897094090248,0.0681299810604298,-1.6982422303855,-0.130301785656572,-1.3695024135264,0.479549244437367,0.521739922864363,0.352578827432083,-0.119805778787171,-0.209459696976765,-0.221991340672878,0.0675692551792843,-0.0221429825006121,0.0624249561129677,-0.813583546256553,0.103520946048843,-0.316287981251478,0.0343315198807669,-0.730006705243137,-0.0549452193494613,-0.174526391454883,0.503933576084673,0.962143624671735,0.356678799138128,0.528978094422497,-10251.0531049514,-9021.93331143712,-8977.8175618146,-8964.31298662338,-8962.64810495591,-8962.55237640465,NA,NA,NA,NA,NA,NA,808.340729610795,1072.91137232635,321.856235170724,84.6354336599143,24.2109321933919,NA,NA,NA,NA,NA,0,"pruned_test1_too_close",95,1,-8962.53440150527,3,"test0_worse_conv",95
8,"logit_random",-0.00178923084774839,-0.185097531433486,-0.220358442049782,0.0156518250567884,-0.000126554478172395,0.20343364969201,-0.0384464571662388,0.776440620180598,-0.303334158763296,-0.276792064469876,-1.87471503022261,-0.0321885877326055,-0.02328686331162,0.857346800053492,0.610036411811598,0.251978788945443,-0.0453791980948085,0.129257642678339,0.00640756193941518,0.204434281652738,0.0147663984264714,0.073582904690889,-0.0838204471899879,0.14367872597213,-0.436047458774481,0.155465851323194,-0.101294934522618,-0.0294675760605562,-0.219353976692388,0.103796811518259,0.198551927725784,0.236406018564386,0.139160853280761,-11440.5690561308,-9122.1701796687,-8884.76655907032,-8837.78181066175,-8835.28780422956,-8833.10999310564,-8832.92477562299,NA,NA,NA,NA,NA,5043.6062130336,1452.9401119506,64.6096296629202,82.7333315560394,31.4464425436143,22.9486337079022,NA,NA,NA,NA,0,"pruned_test1_too_close",79,1,-8832.88663132799,3,"test0_worse_conv",79
9,"logit_random",0.0472633207333241,-0.124774153224788,0.0491830334351064,0.0789696282619649,0.00768180766790008,0.156342663689968,-0.0480607777235375,0.837521445185013,-0.0774713260657001,-0.1836797675187,0.644691656313983,-0.0890116111213439,-0.309425480854696,0.637746538082138,0.845757617191412,0.229343515010235,-0.0609042909505368,-0.0755486766852365,-0.230943880116877,-0.0434774887929201,0.036777792228402,0.0637396696743968,-0.12601226927154,0.283917764870816,0.286871135055826,-0.0760689946480826,-2.90128381051107,0.0601273177364852,-0.58675071219089,0.377294126786292,0.126583511955105,-0.0883844847101298,0.120660235319021,-15181.5280984994,-9176.73790413111,-8937.76943352996,-8846.63404480899,-8834.05192622494,-8832.84682098973,-8832.74639386977,-8832.73893914364,NA,NA,NA,NA,2811.90929275733,2138.82277219673,450.924676787583,280.823277914215,54.4678670950724,42.0842491894207,10.8510352666453,NA,NA,NA,3,"test0_worse_conv",0,1,-8832.73893914364,3,"test0_worse_conv",9
10,"logit_random",-0.0491253357788771,-0.0568129866068393,-0.0202182725856738,-0.00593229816861381,-0.0309705889812255,0.254414500826644,-0.362349033772183,0.383907160590111,-0.151277340273099,0.104522641184453,-1.61636152243747,-0.0211079770420123,-0.70606135101813,0.161469025830738,0.297850301484577,0.667053308916823,-0.152330000157122,-0.0204614300630016,-0.207516647845682,0.0397462180338577,0.00416133205017825,-0.0289330771916121,-0.412363482697409,0.138288755354978,0.434273989521824,-0.239743559149483,-1.57998719329669,0.00993801711888979,-0.282745233207509,0.47998535072431,0.438344059232622,0.153713998886893,-0.0836206950036896,-11865.4289755261,-9302.08567737257,-9114.07487889412,-8913.33713281133,-8840.75906725791,-8834.09812958003,-8833.1200700984,-8832.96012025642,-8832.93334606439,-8832.92708248407,NA,NA,5090.50227178157,5222.15462486607,3616.24327563924,744.128916875572,488.832835893123,238.758561140661,140.775768337553,85.1524826604418,21.7713626696302,NA,3,"test0_worse_conv",0,1,-8832.92708248407,3,"test0_worse_conv",10
11,"logit_random",-0.0417809629912746,-0.125698268753003,-0.269967530623023,0.151437675894396,0.0111494948484412,-0.104761992242752,-0.251729757074729,-0.306753575555337,-0.320560748428287,-0.134548953657592,-2.56519973957376,-0.0240609370063418,-0.848475616178635,0.318303458578885,0.365497044525109,0.209598066618987,-0.105453946444205,-0.167034363231481,-0.0693395197966778,0.158285408391424,0.0112104889654241,-0.0357737998117207,-0.202576790560669,0.600418007882883,0.0568532185395081,-0.111033122297995,-0.726090322547603,-0.0972983250517426,-0.316175687819083,0.427044734284282,0.829392463453114,-0.37415591328665,-0.233793638794281,-10317.7525096214,-9081.37443766926,-8981.77666981762,-8964.83842131923,-8963.2298253654,-8962.65284892938,-8962.55599959315,-8962.54254096451,NA,NA,NA,NA,4892.36331280959,840.956910833974,230.192021827746,128.730852232216,37.5022239195947,28.7362153691556,18.1192309195424,NA,NA,NA,3,"test0_worse_conv",0,1,-8962.54254096451,3,"test0_worse_conv",11
12,"logit_random",0.0119250445977048,-0.0829240458664507,-0.277316080229864,0.0929837391404516,0.0236499043084351,-0.135861591463261,0.0366566405786292,0.0853094305974864,-0.194906881377083,-0.229529270218293,-0.274713988960326,-0.14104192225175,-0.186457331519967,0.243917012554593,0.941509981234558,-0.325869492245336,-0.124145611286926,-0.0754444833447223,-0.185910114782949,0.132860994576222,0.0564484168906845,0.107265595295569,-0.138851156684772,0.487896678289118,0.0304434689794224,-0.0690113220625639,-0.499004530512832,-0.138270239194485,-0.567094590458405,0.95461546335835,0.127150491108187,0.989752231341293,0.546317278304212,-12050.1660146301,-9146.34169979437,-8932.58778324859,-8860.08669016386,-8834.61557677029,-8833.13358867382,NA,NA,NA,NA,NA,NA,2934.02580965963,3266.76462739641,1005.47443424716,522.418980533282,240.104611138842,NA,NA,NA,NA,NA,0,"pruned_test1_too_close",2,1,-8832.9362058572,3,"test0_worse_conv",2
13,"logit_random",-0.0235354193568555,-0.135983011900542,-0.251308872131483,0.257138373878214,0.032457458464313,-0.121480950701091,-0.461702631617235,0.276988687423819,-0.0209034544781351,-0.101937335493971,-2.58602590134598,-0.0847227389438767,0.064957293745821,0.284573643887416,0.508084192220122,0.679161528926006,-0.0288091169074078,-0.146821109448753,-0.163864105761048,0.114928480224489,0.0256650960122498,0.142715416536192,-0.371805617974951,0.419931468622442,-0.451348571913891,-0.133522224346914,-1.50514756859738,-0.106981871372697,-0.601205265299627,0.196495968131349,0.565116453673691,-0.0184107857346101,0.590511175317137,-11493.7073537266,-9123.11180194095,-8876.44347306766,-8840.32118274876,-8834.15203811019,-8833.11468462439,-8832.95641398707,NA,NA,NA,NA,NA,3331.67740743555,2900.91648851951,1412.07617388929,410.366167969793,199.610275770983,105.036644619652,NA,NA,NA,NA,0,"pruned_test1_too_close",87,1,-8832.9140122055,3,"test0_worse_conv",68
14,"logit_random",0.0194797351503173,0.0715354533960555,-0.2968212068271,0.103190993128058,0.0709388398020382,-0.103052472464117,-0.197661050658359,-0.0123392839733669,-0.25200939347501,-0.193267364649529,-1.2223900238944,-0.13127896121978,-0.388212283879798,0.195759694571607,0.723266109372489,-0.198699120665715,-0.0615226996865895,-0.135693157561202,-0.186014296302715,-0.0817812761356885,0.000111938680006474,0.222122794967251,-0.0727508534418382,0.335725485729402,-0.258683460073508,-0.392057484526564,-0.925878391594056,0.0534283356293239,-0.34897082322188,0.683743140632287,0.242130786608905,-0.371238038969409,-0.891472286149811,-11798.6480510665,-9098.47214802696,-8883.80495626552,-8854.70915627617,-8852.04756193862,-8851.69445597732,-8851.69417382584,NA,NA,NA,NA,NA,2381.18467535338,1239.16810364003,296.378647883694,31.1617909307131,6.0422360800246,9.15749357004572,NA,NA,NA,NA,3,"test0_worse_conv",0,1,-8851.69417382584,3,"test0_worse_conv",14
15,"logit_random",-0.053565761945061,-0.0491724694359778,-0.191989496214545,0.155568154022611,-0.00461400094506979,0.156720615508058,0.17919470473392,0.173249624011332,-0.0824773513039554,-0.00567485429403736,2.02374284350926,-0.0492039367138917,-1.19414652691998,0.0999999004974961,0.908854909809306,0.475460050600441,-0.132111397596236,-0.124762409092436,-0.126011996133566,0.115408947335699,0.00605313222601676,0.133012506797692,-0.303252308334166,0.328469880817637,-0.127587637025798,-0.0701529704427577,0.579355598143204,-0.0294674291987872,-0.247053246347472,0.2770375268301,0.860269992551766,-0.574823191706138,-0.294918288389428,-14120.9343477319,-9191.16355963516,-8909.6037370608,-8848.82966444781,-8834.97842671675,-8833.45572092305,-8833.03620514869,-8832.91427504395,-8832.89713401958,NA,NA,NA,6751.49811777822,3943.46137069923,2801.83181967824,1092.70705471726,555.936822539326,317.880692630716,151.744988091143,17.8881384224835,NA,NA,3,"test0_worse_conv",0,1,-8832.89713401958,3,"test0_worse_conv",15
16,"logit_random",0.0389964983824896,-0.204146136436769,-0.166861724173665,0.0564605405806175,0.0339303522555182,0.255327910044233,-0.141836629235888,0.646036299993212,0.0673618536460235,-0.130911279809532,-1.28035601800897,-0.0370064029949582,-1.03083835888006,0.13474728374742,0.544604192203842,-0.579460418173402,-0.087306275893424,-0.0321345872582764,0.0653117179534735,0.188308391733669,0.00160164087968788,0.0601741773333316,-0.326165889492342,0.244692166404457,-0.524384876165136,-0.0809755775631073,-2.41808289569365,-0.0360007763628957,-0.504229430251598,0.19925694714766,0.31160878916271,0.890133924369634,-0.0379226219957604,-14384.1731119607,-9292.92091393473,-9285.92999598436,-9285.92999452078,NA,NA,NA,NA,NA,NA,NA,NA,357.428975557505,1.9163859739309,1.08032255528481,NA,NA,NA,NA,NA,NA,NA,3,"test0_worse_conv",0,1,-9285.92999452078,3,"test0_worse_conv",16
17,"logit_random",-0.0696006995384394,0.0133959514026156,-0.0411325700302075,0.0823877388536409,0.0240276411896053,0.282650452017381,-0.144151895471512,0.211847431037675,-0.548005002780358,-0.0159918802068074,-1.64467260764266,-0.062711587361955,-0.559534706603868,0.872272526132874,0.111122147338465,-0.204948096560344,0.0539402338932401,0.0473170805504316,-0.220963068001501,-0.106442607608017,0.0117652471647243,-0.00153187112409289,-0.131314775931489,0.723119201041642,0.0329585618380817,-0.112646439766921,-3.44697466319229,-0.0335622355734605,-0.275716252368167,0.149317241106182,0.972666912856512,0.266419100138147,0.664274962288711,-16123.2410776224,-9513.72806158915,-9088.75904975766,-8987.55342042971,-8982.75185268215,-8982.62707300133,-8982.62487992435,NA,NA,NA,NA,NA,5022.86608649506,2987.81527428104,139.482212878038,68.8302048206711,4.28422904316144,5.31756922544916,NA,NA,NA,NA,3,"test0_worse_conv",0,1,-8982.62487992435,3,"test0_worse_conv",17
18,"logit_random",-0.0106546115804034,-0.00687403470110205,-0.174834803315553,0.134465983820282,0.0296829676066257,0.0261773251989581,-0.380077999135782,0.179135101920185,-0.0622163362500894,0.0332681401656361,-0.28144105005009,-0.0384719516158043,-0.274976106725655,0.754718561274931,0.810028526354581,-0.364864805170752,-0.00965985251928988,0.0465188399945028,-0.0831109597784065,0.155708440446936,0.04096068697693,0.0984495672591576,-0.137725145463854,0.671423474185303,-0.661571824232113,-0.170534648653643,-1.7257748272298,-0.0365965734061202,-1.36830289045728,0.491090391417965,0.647048659846187,-0.0804046095135674,0.0640438283141084,-10871.2247705773,-8962.14557622074,-8859.62763194429,-8838.37732947982,-8835.21713607641,-8833.18252210312,NA,NA,NA,NA,NA,NA,2375.90327771056,757.116374024955,55.6554550725297,62.5328257498106,56.8154976979146,NA,NA,NA,NA,NA,0,"pruned_test1_too_close",1,1,-8832.88038177849,3,"test0_worse_conv",30
19,"logit_random",-0.0554488140775502,-0.125633840672868,-0.196317540606642,0.121510997660085,0.0126211968033934,0.0933761901088763,0.315178369231409,0.372937905193187,0.256239817013093,-0.211281074460377,-0.214251303543499,-0.151678864141618,-0.326305587533153,0.42053719655145,0.932533342652023,-0.566712671960334,0.0491603369674223,-0.193864952067046,-0.200425008031327,0.261249417761388,0.0190783430143027,0.205010659984522,-0.382238533088094,0.0732064007215978,-0.515717146289386,-0.0516761646649144,-1.65735567016314,-0.0142253399895288,-0.617781511092543,0.257654138579965,0.529295927342027,-0.997198197105603,-0.488245857049083,-10811.90105741,-9040.07972644469,-8897.78796430601,-8853.49257784543,-8848.97176656651,-8835.75126445791,-8833.00832027235,-8832.82287936451,-8832.81346972068,NA,NA,NA,7497.36680938611,2880.79749017157,469.222123692403,194.005142482292,290.257407082568,112.888572021967,11.2931293281805,4.79927929944023,NA,NA,3,"test0_worse_conv",0,1,-8832.81346972068,3,"test0_worse_conv",19
20,"logit_random",-0.0246724336891311,0.0928447828879054,-0.281175193618649,0.140077057306027,0.0426076017844324,0.207210901877177,-0.216270778966504,-0.0298838232561201,-0.645121354601779,-0.110260030228919,0.962036835714704,-0.0338222867235581,-1.15896718583102,0.291402987320907,0.639501012242399,0.310933585127858,0.00330309383368166,-0.0980234137549381,-0.091536091461616,0.0645271812208147,0.00806755330254939,0.182143913526668,-0.297562049646895,0.562576722932459,-0.672063361957564,0.167752221856662,1.15280270686896,-0.0285015330207328,-0.289235472215767,0.969483111160807,0.309751038416289,0.170201694475115,-0.121270623553088,-16185.8892323473,-9397.05350246787,-9273.04385687516,-9225.61962298557,-9171.28659361376,-9169.00515364148,-9169.0051039705,NA,NA,NA,NA,NA,3858.29198514482,656.586481833279,103.515600821002,47.5583970389187,21.3819126961087,24.8138637383642,NA,NA,NA,NA,3,"test0_worse_conv",0,1,-9169.0051039705,3,"test0_worse_conv",20
21,"logit_random",-0.024169129676555,-0.104030695548737,-0.0926644989606366,0.0780644680035071,-0.00366195637015529,0.187870794573531,-0.435394502029645,0.348332955524096,-0.0310872964830466,0.0145823309688296,0.0749560292699367,-0.0880721988355382,-0.346832455904872,0.702445471612737,0.637183884652331,-0.318387917219589,-0.0425411926860326,-0.130205039459765,0.0772931496784015,0.00316835504837008,0.0350024475027578,0.106325942525859,-0.403922023149556,0.517033623970745,-0.0827435530523518,-0.103108827718352,-2.57439387901164,-0.0949349313344273,0.0202639646482179,0.73867963981349,0.790388852120377,0.645657335429759,0.114455970512062,-9986.36355375373,-9009.46967235367,-8893.63642701827,-8866.17405641569,-8848.44772138757,-8835.62989803195,-8833.27290068506,-8832.99891102674,-8832.92664030785,NA,NA,NA,801.532212100857,1049.57882913089,371.615423378469,440.423244710617,151.946225674368,93.6629808462406,37.4748201438077,17.3552188865776,NA,NA,0,"pruned_test1_too_close",15,1,-8832.89713401958,3,"test0_worse_conv",15
22,"logit_random",-0.0210397454746102,-0.184647231588183,-0.170379100922395,-0.0427451356177151,0.0197457514060354,-0.332539200067357,-0.405563831025354,-0.141969910892968,-0.148811183850136,-0.0293627716076242,-1.30843606105943,-0.0824375775768003,-1.06444281319364,0.345048877596855,0.151578315692022,-0.470959050031099,-0.166957359366589,-0.146233031652946,-0.084074966770996,0.0802900723525332,0.0298150271552586,0.0404659355569526,-0.608041310477583,0.203838981891989,-0.283522705954346,-0.35583073696002,-2.16273309747703,-0.142557171862661,-0.157692722060255,0.937252587410621,0.535707601406612,-0.100926130381523,0.18206862820899,-12489.3436777984,-9215.15637309887,-8947.52332395294,-8854.94864624077,-8835.89732334755,-8833.74677554795,-8833.13397235398,NA,NA,NA,NA,NA,8680.87023241253,6160.03862763193,2393.45612605333,1198.65968095936,585.747976800179,289.079097921608,NA,NA,NA,NA,0,"pruned_test1_too_close",10,1,-8832.92708248407,3,"test0_worse_conv",10
23,"logit_random",-0.110948656671453,-0.199080446159849,-0.0229502749329279,0.105761645779237,0.0354828650703596,0.335497322086969,-0.618093498001693,0.478351528289954,-0.147962615887963,-0.206758266940633,-3.18076424815352,-0.0754817382257684,0.29550097944595,0.0558168299356476,0.730788132119924,-0.391995732905181,-0.096090965095425,-0.035625937145665,-0.16969353250561,0.163673983128206,0.0253950237694268,0.0783042093158628,-0.463996931351794,-0.0843593465504341,-0.0591278615889059,-0.192069184021453,-0.558073798803418,0.0186897434689927,-1.2740857312021,0.251063805390149,0.555163060021587,1.15349469996222,0.990451102479502,-12438.1303639812,-9289.80620477704,-9289.7833257434,NA,NA,NA,NA,NA,NA,NA,NA,NA,2005.95767122794,NA,NA,NA,NA,NA,NA,NA,NA,NA,5,"pruned_test3_bad_gradient",0,0,-9289.7833257434,5,"pruned_test3_bad_gradient",23
24,"logit_random",-0.113667792760491,0.0208501648210444,-0.156386249681062,0.0555012563981592,0.0355288951295535,-0.0672618613524734,-0.323823796885421,0.653918300164178,-0.37289934639035,-0.129083813895681,-1.28153437728993,0.0140469578581673,0.554362600001555,0.563009774871171,0.418306049727835,0.230035016197302,-0.0901911683801997,-0.168804552161851,-0.0310644870442473,0.0482455263979575,0.0270515044360811,0.252980366551864,-0.404143356400564,0.262790473786924,-0.442634805140386,-0.192167324490109,-0.584983524663099,-0.0926158437504866,-0.474939753387162,0.343719555772841,0.270765022723936,0.45770586305585,0.115862121191606,-12529.6565973356,-9016.50622259175,-8854.06430234073,-8838.71782344162,-8838.03603843903,-8837.9758325771,-8837.97576364225,NA,NA,NA,NA,NA,805.302385140648,425.448658712637,48.0184475509703,11.0703419615192,6.57903511828712,5.77501309536496,NA,NA,NA,NA,3,"test0_worse_conv",0,1,-8837.97576364225,3,"test0_worse_conv",24
25,"logit_random",0.0444264677224167,0.0602784986077976,0.0452990206001027,0.161298455889508,-0.00757001227390251,0.228796754429988,-0.563250699928185,0.123772991046785,-0.0913145276052806,-0.186989250167275,-1.12053594816673,-0.0447159208476775,-0.357184557581327,0.0485966433258727,0.541452436181717,-0.355918590301858,-0.0658475157017906,-0.0349229432604471,-0.0947091026750367,-0.0973815113822326,0.0137437151189884,0.350051207046982,-0.251235172682991,0.279624358419387,-0.460995235831782,-0.0872237481751951,-4.25276760310511,-0.108639564072389,-0.058362580662264,0.915879259668291,0.78438581104856,-0.216045353034152,-0.582819570070311,-13022.3619038795,-9150.72178378977,-8899.9541854501,-8842.28353848587,-8835.04899405934,-8833.1058981331,-8832.84804790182,-8832.8480377607,NA,NA,NA,NA,12634.5222904273,5793.01859636122,1297.74888214046,441.554424306691,200.903573363681,2.70562690787907,2.38053043411762,NA,NA,NA,3,"test0_worse_conv",0,1,-8832.8480377607,3,"test0_worse_conv",25
26,"logit_random",-0.105257688336533,-0.0431626151098643,-0.0805579141274165,0.0496742553093281,0.00391442842133349,0.30427355624124,-0.56364359765081,0.36695942339149,-0.175641769108593,-0.295090602964937,-1.00191815366485,-0.0653311247650884,-0.504779674896986,0.747878790972754,0.753702301522717,-0.532073493933975,-0.0853575007411749,0.0289995962711388,-0.134759668635209,0.0986855816076289,-0.0242844171805985,0.191812475644149,-0.572017126448056,0.308207281500733,0.028038217534845,-0.156199156197996,-0.963860737836111,-0.0185985478844488,-0.624285407286487,0.206422060304321,0.34655316030141,1.08154073992333,0.0964546846287763,-10597.0434262136,-8973.24557317633,-8849.83953356872,-8838.48186236306,-8837.87659874873,-8837.80940340484,-8837.15564048085,-8833.33457694907,-8832.79188305989,-8832.74265374082,-8832.74263318013,NA,4729.79261762957,1731.85846317324,170.518097533065,102.015137855318,244.218022976546,1132.87193785812,531.555878919317,109.315304356162,6.6341368606907,5.14904142649707,3,"test0_worse_conv",0,1,-8832.74263318013,3,"test0_worse_conv",26
27,"logit_random",0.0105434649198022,-0.0577903453934501,-0.0814339722316185,0.0941664457812733,-0.000907872686507015,0.153017424576948,-0.39179244222157,0.12836776123638,-0.323720099820599,-0.108375727589746,-2.00624005776818,0.0059964901443898,0.00481198054458298,0.891290236748755,0.649886972974055,-0.216989400944609,-0.0599061267636216,-0.142275224716495,-0.309238462786144,0.221620324887683,0.00285185796618525,0.0720570135165563,-0.414212093257322,0.689604948102937,-0.107554070491873,-0.273004780624959,-2.01710521650078,-0.176382667657673,-0.0948456710025441,0.303596415175125,0.695481105283834,0.0890046778791978,0.320234969656815,-11024.0932021304,-8928.84200004952,-8846.63080915967,-8835.1145400953,-8833.33158454056,-8832.95860308607,NA,NA,NA,NA,NA,NA,5266.71743896138,2371.39408125791,518.793386813598,325.018451345925,156.228940375096,NA,NA,NA,NA,NA,0,"pruned_test1_too_close",49,1,-8832.9140122055,3,"test0_worse_conv",68
28,"logit_random",-0.0582157285720307,-0.130797855062492,0.0342639380188395,0.0050624891620356,0.0380201742653392,0.0478670469255921,-0.461453644585763,0.565499469753155,-0.25555701080225,-0.285299843487795,-1.06685907292447,-0.148637457242313,-0.0136369334986451,0.876834738329053,0.401165138054639,-0.422045214388287,-0.0751630489107958,-0.110921042514079,0.0162882346335269,0.0632844339466065,0.0204736987394208,0.5375301619018,-0.60998522445888,0.515326028751684,0.0888935310908841,0.101333480418389,-0.667556515116303,-0.0553763702528628,-0.447227612987361,0.149837207053788,0.930292847538367,0.703328419985449,0.328655249273824,-10674.2010680106,-9162.0162588385,-8864.85395720351,-8834.43458791998,-8832.85621632793,-8832.73354492425,-8832.72805393318,NA,NA,NA,NA,NA,2935.94871653102,1273.78313988425,173.613323683237,116.988150172968,52.2274303797907,14.0066579340972,NA,NA,NA,NA,3,"test0_worse_conv",0,1,-8832.72805393318,3,"test0_worse_conv",28
29,"logit_random",-0.0488625218021596,-0.118867165565008,-0.167937818385093,0.131608044211609,0.0408066413134838,0.147593820753496,-0.199677109665978,0.0307352390385724,-0.278054344274375,0.0995260657554874,-1.56613429521995,0.00252861051571992,-0.584276993681493,0.328423199541867,0.672523477170616,0.470995245141017,-0.0149747426613442,-0.120059870231602,-0.0642961130960841,0.196191097254131,-0.0178646134155232,0.14341409860804,-0.103444400720383,0.496486978705775,-0.146040478980925,-0.402814801460806,0.011026619838395,-0.0726074141380419,-0.447299051825195,0.259778370810673,0.586745946467854,-0.592473350598777,-1.19771817708054,-9694.17999233864,-9100.97929889095,-8850.42496231741,-8836.73430372596,-8834.28819746927,-8833.07601050442,-8832.89239043651,NA,NA,NA,NA,NA,3148.36576034121,398.492275846054,66.3532257779077,23.1474613889073,65.8046411652218,61.1793747908858,NA,NA,NA,NA,0,"pruned_test1_too_close",30,1,-8832.88038177849,3,"test0_worse_conv",30
30,"logit_random",-0.0407400330325382,0.0441117166680573,-0.0512726595739479,0.070754312567901,-0.00497573370422317,0.173897905685952,-0.218235231098253,1.06313128916867,-0.253109243140937,-0.225138421335186,-1.92088323986802,0.00844485327724143,-0.904181713506512,0.341455218982883,0.947242575157434,0.437067154018259,-0.00965246110013463,-0.148336425288047,-0.160015650676148,-0.0518786297243621,-0.00800208474596852,0.0571347512153902,-0.34655536966929,0.00844846461227433,-0.0948572644868308,-0.163132762783773,-2.35145336617753,-0.124778439246509,-0.298618151659608,0.668391944142058,0.340947004682384,0.459473676466188,0.571955048251646,-11166.111323551,-8886.43767067497,-8840.98442470208,-8833.18195694304,-8832.93194179857,-8832.88049282291,-8832.88038177849,NA,NA,NA,NA,NA,2249.28644224211,416.585917022067,23.4073032805863,47.3545414457379,8.65467076202712,7.3966720653798,NA,NA,NA,NA,3,"test0_worse_conv",0,1,-8832.88038177849,3,"test0_worse_conv",30
31,"logit_random",-0.112891101508832,-0.0910280877972711,0.0316799301587887,-0.0350021581580139,0.0128790508336882,0.315928662012579,-0.164601614101839,0.382643318846126,0.178930737869829,-0.140982376110231,-0.50897473425789,-0.0351968022011762,-0.369688282608968,0.825676954202354,0.860774386990815,0.902134578188158,-0.112459415373491,0.0154243228282257,-0.204586469636838,0.1766944894127,0.045790967492257,0.023109391923535,-0.402370786968107,0.269902242581293,0.443231209324268,0.0919470995871427,-1.15792992549718,-0.0174560388861058,0.16672624664115,0.301455955435522,0.019935218221508,-0.992378045229456,0.196918365637098,-11378.0159717915,-9042.41331331841,-8859.16289790717,-8838.50944298703,-8833.29916493951,NA,NA,NA,NA,NA,NA,NA,4014.1236428149,645.912683619939,697.300199449016,78.3740911631034,NA,NA,NA,NA,NA,NA,0,"pruned_test1_too_close",87,1,-8832.9140122055,3,"test0_worse_conv",68
32,"logit_random",-0.143634736046879,0.0331075855874772,-0.165994009210147,0.11313103388947,-0.0119074139596556,0.0523370704066813,-0.0669557625279741,0.394497239557636,-0.667629029901515,-0.409222760972012,-0.879242848192543,0.0044647859829029,0.226739813400724,0.401425308245234,0.0368639501789585,0.318998968127756,-0.0744462929755665,-0.109131933964313,-0.184793059896496,0.105451920930662,-0.00635381783501762,0.127601852550785,-0.371928444628289,0.172947189122551,-0.320663624322378,-0.147731176811836,1.4251313059914,-0.0466852370332584,-0.0358167717426934,0.196185758234933,0.357191786579788,-0.294935760962536,0.36648983842854,-19222.739084975,-9322.44495074251,-9286.03475817164,-9286.03329805141,NA,NA,NA,NA,NA,NA,NA,NA,812.854383484493,20.5213004192338,15.1905217409914,NA,NA,NA,NA,NA,NA,NA,3,"test0_worse_conv",0,1,-9286.03329805141,3,"test0_worse_conv",32
33,"logit_random",-0.129294605863711,-0.047790963321511,-0.279296892979448,0.0804873423433059,-0.00909033225705459,0.0607733617942073,0.230040525824407,0.483525005232411,-0.140379528488125,-0.19173478202128,-0.441693387093132,-0.0387075510050695,-0.456565182072894,0.726129382001236,0.798678785897791,-0.364002004384393,-0.0378559694773761,-0.174184014350895,-0.125534757679088,0.0039123143502765,0.0462817934729399,0.248419222884385,0.0249060729056141,0.533565678793376,0.0826894154494731,-0.0616955263723791,-0.772004127306209,-0.100260523652412,-0.209604278919928,0.0600920229312032,0.361916966144927,-0.58547445432897,0.351871001441632,-11054.8352130916,-9415.62595210901,-9086.22370116603,-8992.99714425483,-8975.75698472007,-8965.62521928727,-8962.89500843681,-8962.58458505388,-8962.53863330225,-8962.5348806375,NA,NA,7035.77569072023,482.558146665821,979.262824782845,184.491801758272,538.97478906219,106.443131233691,26.2460647049447,8.27587349390954,4.73588951533678,NA,3,"test0_worse_conv",0,1,-8962.5348806375,3,"test0_worse_conv",33
34,"logit_random",-0.123937628671425,-0.0999333030577616,-0.0386622619922269,0.0533573993025893,-0.00666007780656073,0.276383323408484,-0.0912036644372,0.26263412964184,-0.437293966476413,0.0696461813487758,-1.96563419007391,-0.078086929426934,-0.805567719187758,0.866726754261181,0.876879775319248,-0.646517233082054,-0.0480033062046253,0.0128454410009398,-0.16323698848469,0.161943548857091,-0.00326588540139989,-0.017239814097868,-0.156581608788852,0.608400940588866,-0.296241079818999,-0.18033225620213,-1.45780854780123,-0.0976542262292879,-0.247495792480903,0.712918669208884,0.734713263940066,0.485702240951389,0.530982253652263,-9387.99337291629,-8905.96044019608,-8841.9992210387,-8834.22361241748,-8833.10514158032,NA,NA,NA,NA,NA,NA,NA,7174.66576536568,1132.68993459429,334.109040594223,187.934073946092,NA,NA,NA,NA,NA,NA,0,"pruned_test1_too_close",1,1,-8832.88038177849,3,"test0_worse_conv",30
35,"logit_random",-0.300527464203764,-0.0642372299697145,-0.129373527035116,0.233952581017301,0.041240808743521,0.134940545009954,-0.241321035489195,0.447191605923056,-0.424854086137348,-0.0637136612372308,-1.56555799744586,-0.0683580622463312,-0.527147306074735,0.744026414952241,0.103018557359464,-0.366704025145432,-0.103346488377967,0.0989015566238918,-0.186527632542038,0.0452967910168531,0.00789159541376421,0.227271490509438,-0.144466163166646,0.425631326253685,-0.530194882101341,0.00740834352731802,0.19264333615501,-0.0061374854940846,-0.18941537014449,0.883135284110904,0.168030814905651,-0.673691725132924,-0.452748452474345,-21475.6355652479,-9288.88044108739,-9255.6860861743,-9255.68608203846,NA,NA,NA,NA,NA,NA,NA,NA,439.722695154891,1.78451941153571,1.98895201147927,NA,NA,NA,NA,NA,NA,NA,3,"test0_worse_conv",0,1,-9255.68608203846,3,"test0_worse_conv",35
36,"logit_random",-0.159411313715219,-0.22647204672111,-0.168036563221071,0.0781192792187482,-0.0111383308672378,-0.00047769647941745,-0.112305048912854,0.0668937032671993,-0.185695912574097,-0.0719729828718366,-1.68842188797697,-0.0473170620433407,-0.182539654498934,0.491129684126936,0.960222019422799,0.192422613378906,-0.0306829814815649,-0.0288398157967051,0.218981151011994,0.141817379674911,0.00809389092989006,0.0791737003991734,-0.0595245002367435,0.796450294468671,-0.0650118028144059,-0.106465423547024,-0.672447373486259,-0.0896220598920776,-0.179684246827769,0.352523636603728,0.354046729062684,0.536893156534283,0.438613441869785,-11435.679912728,-9183.89670134319,-8955.30518793016,-8846.77090168064,-8834.35284868397,-8833.22761901147,-8832.94788731458,NA,NA,NA,NA,NA,5009.16656974541,7577.6249281394,2033.3019457034,557.635045871651,330.842678178027,186.288015566881,NA,NA,NA,NA,0,"pruned_test1_too_close",1,1,-8832.88038177849,3,"test0_worse_conv",30
37,"logit_random",-0.117144662660394,-0.260118446311958,0.0133096713957547,0.186067235811776,0.0159089321075122,-0.0306200399001182,-0.0624420128338702,0.227199171948379,0.0660732255745611,-0.0431448345200215,-1.33972203099704,-0.0945841590497237,-1.25079411453717,0.105763487070799,0.980704872226343,0.443985965509157,-0.128907717196591,-0.147353253173805,-0.150185580856101,0.205732995426536,-0.00724774548216196,0.0994662449571684,-0.288678931876817,0.703584971490296,0.00365247177078115,-0.242647057239644,-3.59817352484076,0.0142137159128455,-0.127168594328997,0.84004272592254,0.962938013700768,-0.449326861496392,0.150901572561401,-10996.0012977209,-9060.61402968226,-8918.8925556275,-8835.55171712911,-8833.23587481989,-8832.9135751397,-8832.85237440833,NA,NA,NA,NA,NA,3472.45190592924,6485.94632480601,899.654760536892,422.351333220699,194.276032333778,98.3916957517923,NA,NA,NA,NA,0,"pruned_test1_too_close",25,1,-8832.8480377607,3,"test0_worse_conv",25
38,"logit_random",-0.120829268761915,-0.0762271540455742,-0.10176334816113,0.084388693707756,0.00387031711247403,0.0153070122487665,-0.344743114950914,0.312191003305413,0.124147340991699,-0.0494520135452367,-0.40717259301066,0.0109382502667209,0.0340540335106084,0.157098903539591,0.157955951439217,-0.847760515037384,0.00118965709119315,-0.0562545434052984,-0.131467026309884,0.161480133035678,0.0193760449701661,-0.0564102666767383,-0.820174269151899,0.0583602833590628,-0.0147672054801729,-0.182684344574241,-0.60393785846709,-0.100864050826946,-0.706498803405853,0.0882084965752438,0.674148298511282,0.653107963197563,-0.0354811907433081,-12024.7376644184,-9003.52596460037,-8896.02739464378,-8845.16166944606,-8833.87484918752,-8832.77308577587,-8832.72061644418,-8832.71275910507,-8832.71275910507,-8832.71275910507,-8832.71275910507,NA,4182.74613440671,1881.63667073526,445.731405240505,193.236066153303,48.6589288396431,15.5847510066628,3.09573647517208,NA,NA,NA,3,"test0_worse_conv",0,1,-8832.71275910507,3,"test0_worse_conv",38
39,"logit_random",-0.0625422640340241,-0.106670468822296,-0.102985782799454,0.139144138369585,0.0232711433203639,0.267243815960071,-0.429096306119953,0.0910437909249451,0.297915137750491,-0.209938029972599,-1.38575186727286,0.0251791681580647,-0.180856883894903,0.734073960692622,0.804379433402792,1.02885118021317,-0.104918069667144,-0.182204492999384,0.0114667496626997,0.148694552024231,0.00858274161307502,0.117822227098036,-0.320634003861029,0.239712215904505,-0.416263620928452,-0.125049804910108,-0.954343407850583,-0.161663115877193,0.227918480139164,0.0381646108347923,0.231261977455579,0.468001691225473,0.0105637909857362,-9893.78943803174,-9024.98292570707,-8886.32986791667,-8848.90798000852,-8835.3688244383,-8833.33205901269,-8832.92877380567,NA,NA,NA,NA,NA,1837.51005799531,909.51901164473,1212.16091139939,576.824388195414,154.859065834971,15.0195821141011,NA,NA,NA,NA,0,"pruned_test1_too_close",68,1,-8832.9140122055,3,"test0_worse_conv",68
40,"logit_random",-0.106629392782575,-0.277439968145796,-0.128159943111727,0.11415494917983,0.0293873268280281,0.0881662391629593,-0.237869044232662,0.0396461453620152,-0.601888695908459,-0.0309892725469309,-3.22284201074186,-0.1419142081841,-1.09605668859862,0.543627531598322,0.505576451695524,0.45305592325692,0.00529090449997772,-0.147131562488246,-0.143613364713314,0.0483929853865206,0.0117022624703098,-0.0507056393675249,-0.419259971456897,0.25502540890857,-0.471848738740228,-0.0467612247845517,1.28969469852629,-0.0360670495833432,-0.174773026320642,0.0382409658515826,0.673342138668522,0.439898297341581,-0.584738294278587,-12842.9862344937,-9216.34385374344,-8930.90259993451,-8844.25727885055,-8834.26900447555,-8832.9685163958,NA,NA,NA,NA,NA,NA,7413.51093335008,4122.8731060418,1768.1822785069,640.638634821219,44.3845303032798,NA,NA,NA,NA,NA,0,"pruned_test1_too_close",27,1,-8832.9140122055,3,"test0_worse_conv",68
41,"logit_random",-0.0491807597714779,-0.23505835354312,0.0577884045777039,0.219511989858199,0.0214548883909724,0.21235071012558,-0.635226082424086,0.345226858002844,-0.5179368096408,-0.116561418335862,-0.613496436479942,-0.0076006603678155,0.0442762218383429,0.057935357587412,0.76130588142667,-0.595583589362229,-0.114626530248957,-0.0599176584542495,0.011922210764375,0.064789055916458,0.0411962140842424,0.0185778886358579,0.114090737652434,0.472842778236393,-0.367051603998274,-0.29304302258582,-1.95933178053239,-0.0637374707795072,-1.11841828721598,0.406207624641247,0.657629744284786,0.157766552656949,-0.286231096758837,-11373.9827932075,-8914.21566694109,-8840.17015282901,-8833.84382375074,-8832.95198735415,-8832.87261014914,-8832.86929214218,NA,NA,NA,NA,NA,3014.98994894727,1565.62292451534,106.14890046703,69.2975021049694,17.0138682994622,10.163348895268,NA,NA,NA,NA,3,"test0_worse_conv",0,1,-8832.86929214218,3,"test0_worse_conv",41
42,"logit_random",-0.0878284637654204,-0.0671021490632055,-0.164200959871222,0.0923076633545622,0.0204381781903257,0.0592146828260812,-0.373568703267639,0.195138102227347,-0.487476599624027,-0.147813232584619,-0.853436150659576,-0.0209551427657548,-0.48315893262604,0.966876622163691,0.931857897094451,-0.221261754152033,-0.205527026989819,-0.0793221554587504,-0.0937368496186474,0.122734188111194,0.00659622053847186,0.174234519490073,-0.13219322749236,0.516824988346628,-0.265258123760562,-0.0922814087497789,-1.2292370705961,-0.105583899062566,-0.418812449404196,0.785531371776015,0.797792167556472,0.439366002944604,0.329924406425033,-9712.5658946505,-8853.7299214428,-8835.02263716019,-8832.98609912407,-8832.81482983227,-8832.78163114712,NA,NA,NA,NA,NA,NA,1761.8479151607,351.570707186374,30.2010384437195,23.4795342850522,6.21206562414521,NA,NA,NA,NA,NA,3,"test0_worse_conv",0,1,-8832.78163114712,3,"test0_worse_conv",42
43,"logit_random",-0.0795700669041592,-0.0042624781674544,-0.182976663649602,0.109172265866806,-0.0156205617362328,0.281094452178381,-0.230530437468423,0.228805095862794,0.043762739102487,-0.363705354283371,-1.76810405834797,-0.0788003763299671,-0.753693674965121,0.238284362507984,0.537353491196409,0.479260001853115,-0.0467598640917098,-0.109691020769319,-0.133133327500503,0.108902623998524,0.0247693340208769,0.129774190344601,-0.287906801422531,0.341971438586111,-0.0379636918387923,-0.0796848924507685,-1.51643586075206,-0.0926684162497768,-0.585389183284673,0.591589301927015,0.950928353103809,0.155463126551045,0.365849642129128,-9426.20868821567,-8873.72342187071,-8844.62929840989,-8834.9678085348,-8833.08528984006,NA,NA,NA,NA,NA,NA,NA,4789.47753642665,1625.14704355509,1034.75368367407,236.733637797493,NA,NA,NA,NA,NA,NA,0,"pruned_test1_too_close",41,1,-8832.86929214218,3,"test0_worse_conv",41
44,"logit_random",0.0142038564446635,0.0961265898570262,-0.18299144104117,0.0676489644570201,0.0449065342179587,0.0773833537231807,0.0621281234871981,0.505469077100747,-0.0750399277459452,0.0624968963960097,-2.26023276473326,-0.0937301974122556,0.193695743701452,0.752764041237533,0.626277578519657,0.692638789389372,-0.074069674638705,-0.14074778499862,-0.183518817067316,-0.0110632549651855,0.0111418384762828,0.106422001786305,-0.397318123210643,0.488517091230148,-0.464128417456742,-0.15663243965328,-2.41317976177051,-0.0929434703675012,-0.246383395640024,0.4459046632424,0.535926840142347,0.203613835181194,-0.153439877714771,-11119.95486587,-8938.06054474079,-8898.77230608625,-8845.95172899609,-8835.36609349207,-8833.12974959334,NA,NA,NA,NA,NA,NA,725.77406366927,3255.6655607187,755.638384961599,497.227511213638,137.336083774053,NA,NA,NA,NA,NA,0,"pruned_test1_too_close",1,1,-8832.88038177849,3,"test0_worse_conv",30
45,"logit_random",0.0588409619886122,-0.1405997472582,0.170314650791761,0.171500531654391,0.0441447741890399,0.110133442551657,0.174850874720386,0.511428485613607,-0.298057624571977,-0.0588581119387727,-0.845144249979349,-0.0982343246302312,-1.09442032174759,0.469415761008859,0.864378981986083,1.18645348931238,-0.153861270846896,0.0557719407301538,-0.129636778931727,0.112709649660696,0.0276756387548571,0.0664961183907456,-0.29739402140503,0.0895668819712073,0.244198956329016,-0.0715556035186512,0.274784331279019,-0.0389757812392592,-0.746571245354957,0.0786850701877847,0.821375940577127,-0.248625333841796,0.206353025072277,-14329.3186668253,-9099.04395625943,-8901.11843591353,-8841.2530956182,-8835.65964579468,-8833.5925798015,NA,NA,NA,NA,NA,NA,4358.41785982592,1773.67632168614,372.804699597603,279.597770521965,120.962448539591,NA,NA,NA,NA,NA,0,"pruned_test1_too_close",49,1,-8832.9140122055,3,"test0_worse_conv",68
46,"logit_random",-0.0610671507781778,0.0047392641917483,0.0373334474039135,-0.0176263690099173,-0.023215250985742,0.193902418902264,-0.534845608803258,-0.210041635814544,-0.298277666671263,-0.101531039831185,0.0115897569048242,-0.177129245494844,-0.170725714256734,0.0244289296073839,0.501636163643561,-0.673703024122989,-0.197831716508108,0.04384122040913,0.0357053672792175,0.0466135115454138,0.0240648801904614,0.308140548562638,-0.283980720698919,0.647682860190505,-0.598980849673602,-0.0539731698405751,-2.59622029342337,-0.100869582449907,-0.529154200050002,0.374110111519694,0.505753222224303,0.265211499605285,0.254872034782274,-15731.6757316514,-9820.48073772613,-9001.40487922926,-8850.10702106582,-8838.23349257497,-8838.01733818407,-8837.99284097914,-8837.98426282356,NA,NA,NA,NA,17681.6205436915,2093.86236730074,1548.47165624858,329.907878746234,79.7039682401948,67.5074501136117,16.9268382551508,NA,NA,NA,3,"test0_worse_conv",0,1,-8837.98426282356,3,"test0_worse_conv",46
47,"logit_random",0.0495826550866543,-0.228866313641488,-0.182388852308357,0.052730514118771,-0.00235833667856967,0.209547035402518,-0.333678229020013,0.574986388309125,0.142478985948362,-0.0449681558499136,-0.657594558536645,-0.143763765465487,0.0689829585366623,0.238823549835943,0.333828787906095,-0.262327079982935,-0.24396563670149,-0.0611877004632994,-0.0287176807367338,0.144397761555013,0.0600591275399997,0.278183295602447,-0.716076494949043,-0.153447661282026,-0.302282533137849,-0.166111383934494,-1.88036316139001,0.00804662080387132,0.0793880729321395,0.920585406553,0.59342929890845,0.00325528608926521,0.754049016757704,-15131.0061293958,-9223.43380976821,-8908.87672197303,-8839.59698391291,-8834.01160726178,-8833.00201676363,-8832.8716933298,NA,NA,NA,NA,NA,3634.4355471247,1011.69630220528,977.302724636947,383.131835714228,81.8699449373126,37.7794286029898,NA,NA,NA,NA,0,"pruned_test1_too_close",41,1,-8832.86929214218,3,"test0_worse_conv",41
48,"logit_random",-0.0812301822235289,-0.0137906252023595,-0.00494789118866579,0.152141844921865,0.0015050920545718,0.163490328188909,-0.247844464947184,0.0418367040066326,-0.433558884892815,-0.188218434097391,-2.55684019053505,-0.123807208514638,-0.511667701736183,0.287013449245133,0.46598767049145,-0.432624329249023,-0.0994229484498894,0.0139364960577101,-0.0801925743922882,0.0836702906966399,0.0351457661101297,0.300867575665758,-0.190501459884694,0.922469366067772,-0.315252995311141,-0.239426328922827,-0.0154530679988196,-0.0932741788894353,-0.499300215220537,0.163213094114326,0.174910920443945,-0.371927055695955,-0.483572016314918,-12563.0826996347,-9252.87392531758,-8949.84386881418,-8872.89284559434,-8869.0920115649,-8867.24470386054,-8864.95207787441,-8864.92677231259,NA,NA,NA,NA,1028.06293906027,923.414994418654,448.324792378177,34.4809572976296,84.294896439148,12.9849203081579,17.8659920937595,NA,NA,NA,3,"test0_worse_conv",0,1,-8864.92677231259,3,"test0_worse_conv",48
49,"logit_random",-0.030114345262182,-0.132295790118077,-0.0978449576311355,0.0230007027746239,-0.0101896725855441,0.309782669429445,-0.134201256782,0.379749331496118,0.150491220934365,-0.235645689832181,-1.35948388406682,-0.114170372447176,-0.154292726806916,0.621857265471481,0.241960825934075,0.331414406590811,-0.209375298825602,-0.280198667316209,-0.057624133687595,0.0172406540909745,0.0332593754908174,0.166045461828298,-0.0934447024809523,0.424795329242653,0.262303116414585,-0.135673247110999,-1.35650385730554,0.0401425122774658,-0.80709971483479,0.200675522894599,0.948442862969823,-0.136432675316548,-0.385588864766096,-10459.6190961294,-8920.51309840293,-8840.06287720479,-8834.16069026662,-8833.17077046494,-8832.95304459238,NA,NA,NA,NA,NA,NA,1970.81966568051,370.917932798449,223.926766611382,103.780912732455,7.31334069729689,NA,NA,NA,NA,NA,0,"pruned_test1_too_close",64,1,-8832.9140122055,3,"test0_worse_conv",68
50,"logit_random",-0.13119658507087,-0.081186235753874,-0.334462199329324,0.028243978952294,0.00350111159374758,0.0620088878801135,-0.556826887752561,1.0674095987207,-0.111007472160606,0.0353577241011347,-1.27574397084113,-0.0536614320449658,-0.783647638577179,0.812537107928656,0.160298613528721,-0.478517207499982,-0.0314193247300378,-0.139939262630218,-0.257989253439176,-0.026992253642916,0.0449426531425934,0.186103337318748,-0.110296965970753,0.264937377700652,0.19737514312275,-0.169960029201806,-3.53998220787199,-0.0638638382973407,0.276133016278998,0.943596212905832,0.536710444069467,0.167183762591247,0.1709041837395,-12907.1883523857,-9271.750053503,-9109.88179957936,-8982.92165276092,-8869.72088788179,-8838.51991403012,-8833.98518909753,-8833.07884281744,-8832.92545291152,NA,NA,NA,4870.43554666861,2456.23240798288,2961.99059325957,602.629420454303,214.280446752555,56.8166577054163,56.3885402375891,51.1552229278188,NA,NA,0,"pruned_test1_too_close",15,1,-8832.89713401958,3,"test0_worse_conv",15
51,"logit_random",-0.0451482510161962,-0.126934263826414,-0.161004486160589,-0.0482485611364341,-0.0269046540170078,0.392796449958251,-0.0658754680730587,1.03363209612108,-0.0416328797029812,-0.0943596984288917,-1.06387816718422,-0.122781261122786,-0.786234375620397,0.830101586584933,0.169089631852694,-0.223259839845868,-0.0826143332946246,-0.10588217583935,-0.227141493412623,0.102341378886923,0.0315475092231725,0.148951252298624,-0.147334508675793,0.232787525524236,-0.242464881022651,0.0208428720128174,0.226464810807633,0.0777511915451514,-0.114231670925806,0.389541243761778,0.768533436688595,-0.75953684845326,0.0821999122417171,-10952.0575672604,-9084.23135532035,-8891.2817624517,-8844.27741456217,-8834.22886901066,-8833.10115486347,NA,NA,NA,NA,NA,NA,3373.15341124955,3271.53223373534,921.520750835285,56.1690227910631,65.9596724394394,NA,NA,NA,NA,NA,0,"pruned_test1_too_close",27,1,-8832.9140122055,3,"test0_worse_conv",68
52,"logit_random",0.0951374080220994,-0.0293956666079211,-0.330446171229379,0.0747406873406,0.0371349317976486,0.101474698683826,-0.273117881112238,0.514313593631528,-0.542646237211453,-0.0331701370047139,-0.803654765429875,-0.0740113613759717,0.142910915579633,0.14734029726591,0.726072094119154,1.11699433733938,-0.157386706481502,-0.107518644404261,-0.135448621144841,0.0322813304001324,0.0290110756733507,0.189986265020288,-0.0367623947191099,0.438235375754203,-0.13929799469534,-0.00274455259131641,-0.603429019819783,-0.0191668725004012,0.200366438283523,0.5864592877822,0.0568232957739383,-0.328424918091907,-0.75757887988706,-24946.8749974109,-9323.86202882577,-9245.63426837018,-9188.18655276116,-9127.72131380798,-9000.60510834236,-8968.97350981578,-8963.78302343349,-8963.31828974094,-8963.18059797332,-8962.53016099841,NA,1977.94519120945,653.920676014297,404.519771956446,769.166194444303,671.518435948962,213.856865422874,107.363494176137,57.105259603576,7.23228317651034,0.0317501328216873,3,"test0_worse_conv",0,1,-8962.53016099841,3,"test0_worse_conv",52
53,"logit_random",-0.0297027235710127,-0.124881821740024,-0.0731873732517184,0.109426945424476,0.0268360110549623,0.104818799158506,-0.178030303454656,0.317503370551468,-0.322199111213025,-0.126996311224751,0.493607936233462,-0.127677845630683,-0.671025063151016,0.749287427230738,0.614430673317984,0.578514514030863,0.0073429825455894,-0.0992073400097263,-0.0661828900318631,0.170404182488081,0.0136622499776319,0.341372402342457,-0.332646141360708,0.142240619168029,0.011301825538894,-0.0482586526228142,-1.62661074187412,-0.0683037650861835,-0.318156101748978,0.229127978007309,0.120483290879056,-0.438904093034844,-0.217804952558083,-11547.1719313045,-9069.27416186749,-8858.77429964077,-8836.43143961872,-8833.33586496879,-8832.81795825053,-8832.72483425443,-8832.72096290736,NA,NA,NA,NA,4240.54416926404,2578.33191816204,836.099504700611,377.703385577103,213.485619753929,35.5597798301107,14.4276649569144,NA,NA,NA,3,"test0_worse_conv",0,1,-8832.72096290736,3,"test0_worse_conv",53
54,"logit_random",-0.0678899546876512,-0.111714766497084,-0.314689682665814,-0.0755955293712053,0.0750723657946094,0.350821387977819,-0.575511361133321,0.714207899854148,-0.0587265340956823,-0.273379909189963,-0.279766847273666,-0.0150118166329152,-0.360646804795141,0.848842931217514,0.542710392242298,0.539783182060142,-0.172193671737429,-0.182752127502581,-0.162265191471793,0.0528201358096344,0.0347176775377342,0.311921453612,-0.239051547879411,0.115301833981997,-0.745679185099488,-0.257630978743878,-0.095072123017413,-0.0651247882718829,-0.0126122660647577,0.074525014036335,0.698359888042323,0.159662793450245,0.0289942454754532,-11538.8844771088,-9222.03234671071,-8890.26203521888,-8834.53645550771,-8833.19431545917,-8832.90496722621,NA,NA,NA,NA,NA,NA,7230.93418052404,2418.23834364406,138.040598318962,64.2750421492441,57.1038500916227,NA,NA,NA,NA,NA,0,"pruned_test1_too_close",80,1,-8832.86172302464,3,"test0_worse_conv",80
55,"logit_random",-0.120760360960266,-0.20084905413903,0.0722181313806786,0.0563786169683876,0.0301144677542293,0.21634930915753,-0.730623297127724,-0.183517197344378,-0.721946929438873,-0.143978260317244,-0.145852417852258,-0.00335746295669966,-0.479361020887593,0.504962993036024,0.657066043079831,0.445672243953871,-0.109960031023049,-0.146883701203811,-0.0612857289622028,0.164536048844351,0.0353408552238742,0.155585860175335,-0.249734738411147,0.499028675273383,-0.0854607480318091,-0.139146066564463,-0.904598526752042,-0.0105855083125504,-0.510456681243504,0.675357272680849,0.138032769374549,-0.082671507490931,0.277827631084837,-13507.7248639397,-9346.37852624953,-9044.16393535148,-8925.20790245057,-8857.46002565936,-8838.80620092609,-8838.01168031857,-8837.94985998043,-8837.94979957255,NA,NA,NA,5766.34387548952,2151.67084851716,2070.27998010158,1099.78711625281,237.570415590038,61.8672740570009,11.4577073219404,9.22676510525937,NA,NA,3,"test0_worse_conv",0,1,-8837.94979957255,3,"test0_worse_conv",55
56,"logit_random",0.0162550664315046,0.0615939794048152,-0.323250344738509,0.063824472517738,0.0306816547511122,0.232667409242723,-0.44945353253492,0.337163975923205,-0.584877720406664,0.195753102333569,-0.957851330789936,-0.0714001568639489,-0.740937833689112,0.120794846317731,0.236383570837788,-0.583096626956707,-0.0828950211307189,-0.203386030567754,-0.380937209765395,0.0939799559199521,0.0351719721162603,0.206573974242475,-0.240078372824816,0.302963803676551,-0.35443551885722,-0.212042264058194,-1.16136485886082,0.0212502321005765,0.154243854133831,0.933167192540131,0.402806777190417,-0.04283058150848,0.155815706209778,-13349.6905566468,-9105.41934553831,-8876.08909892264,-8835.86679328915,-8833.3157300733,-8832.86684185209,-8832.85218869476,NA,NA,NA,NA,NA,6558.82852797141,1781.86675146895,402.707331630403,254.559164139419,55.697370114242,13.2881666417524,NA,NA,NA,NA,3,"test0_worse_conv",0,1,-8832.85218869476,3,"test0_worse_conv",56
57,"logit_random",-0.156707270786331,-0.11513001406,-0.263161796987705,-0.0101165731359425,0.00916336851146898,0.658572037537044,-0.118822497652342,-0.128777593951625,-0.138891127509888,-0.219127718418443,-2.16986547112048,-0.0147053980449839,-0.505748383724209,0.448479103371501,0.0252769644046202,0.714908957196771,0.0213201237453241,-0.231938809126289,-0.372700008840636,0.155952002290897,0.00416513411805074,0.289654112422805,-0.21917086698174,0.523655825399915,-0.362717562200504,-0.00234881947142589,0.432036923914027,-0.0214314665866772,-0.212649744201215,0.17592901380267,0.519498017178848,0.583809476393117,0.400019659756607,-21551.8315836448,-9013.68331352843,-8907.57804529174,-8893.11198096789,-8851.9528710126,-8834.21707917819,-8832.96754602509,-8832.84403600296,-8832.81467855811,NA,NA,NA,5778.52216442349,1258.43598517643,2786.22363122348,515.598604294272,131.560916959164,56.3142998737964,22.005231696702,3.43889037096203,NA,NA,3,"test0_worse_conv",0,1,-8832.81467855811,3,"test0_worse_conv",57
58,"logit_random",-0.0878012869023903,-0.246163326618447,-0.223420171434419,0.124370131373125,0.018394993962234,0.111007089297726,-0.29197567681348,-0.373863544981043,-0.450518501531415,-0.0252556820715402,-1.75630896267773,-0.136128827166703,-0.403154403102016,0.370508660306223,0.530894531486556,0.337258559924255,-0.10497491381021,0.00488263321701879,-0.104816144096514,-0.0631063311911339,0.0351869350618583,0.170357721916331,-0.571466056117112,0.816079325875742,-0.382924083319038,-0.236627042733634,-1.61945614630074,-0.0416047391383554,-0.503476370990337,0.921460067890584,0.084820200977847,0.0223953815205307,-0.653074446316719,-12317.1376812248,-9342.57342626195,-9113.384197707,-9002.31893558904,-8984.31510721764,-8983.32365437271,-8983.07916849733,-8983.07898845724,NA,NA,NA,NA,10017.1046873803,4372.35495178679,2231.31527125024,96.9044764612443,18.6798700691288,5.38301952590451,14.2098881898585,NA,NA,NA,3,"test0_worse_conv",0,1,-8983.07898845724,3,"test0_worse_conv",58
59,"logit_random",-0.00125909807568382,0.0277007920658722,0.118343928061879,0.065930180497427,0.00283326828115263,0.282455065512142,-0.531587581561816,0.452490395343424,-0.554002076463463,-0.0684575570575341,-0.667335166606354,-0.106224096359406,-0.566657400143094,0.0357001658761874,0.211378705082461,-0.365696101014634,-0.222388175682741,-0.00365514793279235,-0.0555421495808073,0.0617486043564146,0.0324605659785937,0.0888494152860235,-0.0585781869928972,0.421832549160533,-0.569527496966487,0.0288883155420815,-1.18007001516353,-0.0653252392477868,-0.534496702297012,0.703307497357018,0.608858048100956,-0.822323366510422,-0.0562813352807105,-15008.9789139358,-9311.49787468276,-9074.91904036955,-8984.55526545143,-8911.18837645787,-8844.51932987678,-8833.53821381168,-8832.91312365031,NA,NA,NA,NA,8705.03087146595,1744.96823318936,2105.2281186481,3605.97133608352,573.922925672165,68.2064901897971,41.1912398338578,NA,NA,NA,0,"pruned_test1_too_close",80,1,-8832.86172302464,3,"test0_worse_conv",80
60,"logit_random",0.078544455285972,-0.0564677616932057,-0.243196896581897,0.074898559298726,0.00947272328399944,0.200492275117437,-0.0242733691604433,0.280852048600653,-0.0603826941433176,-0.086492011967621,-1.36065241514115,-0.0671459648955478,-0.65889941894555,0.76515523779206,0.538771328115836,0.165794109815343,-0.0203266938537706,-0.101024486765823,-0.195120266493817,0.135432025302284,0.0238400783504703,0.232221086124937,-0.0247348106882,0.674856279469426,-0.603576202347555,-0.0453246680058286,-1.22633034925267,-0.0558877222918518,-0.500264417242241,0.328085522968322,0.780242195748724,0.564504090889627,-0.523678571191849,-11987.5085157791,-9077.35085443118,-8934.44736393023,-8907.89057126605,-8891.35581234656,-8858.92414484782,-8852.30480734846,-8851.67925591177,-8851.67922687045,NA,NA,NA,3632.16905456536,851.661231434881,1244.80415861795,1881.65450214692,407.32356506693,82.2773253282664,13.7738333626372,52.3253827948706,NA,NA,3,"test0_worse_conv",0,1,-8851.67922687045,3,"test0_worse_conv",60
61,"logit_random",-0.0639462030211476,0.166170072122728,-0.143458079190267,-0.0418385669127637,0.00832198458807411,0.271267948426782,-0.572160398733191,0.452396691751117,-0.098612100611301,-0.185408937948587,-0.565422744397349,-0.0162346166975556,-0.487009175407378,0.365277433181182,0.105805071787909,0.675856646850555,0.0366268605822666,-0.0993453569367256,-0.131653964922944,0.0876201484531787,0.0189192858302213,-0.0891169874883938,0.130302416768554,0.569923199771657,-0.213557922083345,-0.155343210541417,-0.906343972266322,-0.135041804495455,-0.385384477509141,0.726004679645412,0.0659144656267017,0.198062173282839,-0.00525279400893007,-19872.1111729179,-9289.20954296997,-8875.24683098117,-8839.62529977533,-8835.39118079959,-8833.11318074094,-8832.91856160119,NA,NA,NA,NA,NA,3045.86925035311,1735.25913672089,574.340410667134,488.301974057902,262.840380193328,120.317459838964,NA,NA,NA,NA,0,"pruned_test1_too_close",80,1,-8832.86172302464,3,"test0_worse_conv",80
62,"logit_random",-0.117774570737232,-0.0780591377970062,-0.217914103130256,-0.0174598476010711,0.00825791537518148,0.124563483168304,-0.249429031299325,0.528891915717272,-0.327531693544727,0.0643643531508935,-1.03681143409042,-0.00887398194954971,-0.617118252568002,0.780170053965412,0.339034503577277,-0.134115150885694,-0.190613992748628,-0.0936698620942723,0.0773721665810656,0.117505450972645,-0.000135001435775293,0.363770465796114,-0.440030384148973,0.210659716261663,-0.699039446447928,-0.138408924123989,-1.6583737438412,-0.0570362967368862,-1.03597632855933,0.930368160028011,0.888861063844524,-0.539770339004215,-0.626487070983889,-12400.7675912362,-9108.0937536761,-8886.35541695629,-8836.33567914844,-8833.05773625287,-8832.752463476,-8832.75233562051,NA,NA,NA,NA,NA,1994.36852269301,1361.24448331705,269.466452786195,149.606073637046,10.2647598111494,8.72106995592988,NA,NA,NA,NA,3,"test0_worse_conv",0,1,-8832.75233562051,3,"test0_worse_conv",62
63,"logit_random",-0.0444946370639717,0.0271586581358338,-0.135771065076587,0.05877931136082,0.00225509896448409,0.0377362087839957,-0.227478304476201,0.484372628499476,-0.303155934235978,-0.0360664230065035,-2.52965174147188,-0.123687862722753,-0.210597162706614,0.296289554378018,0.730375539851375,-0.280834548060118,-0.0931606066970159,0.0446948297367221,0.0247119563227976,0.191134621221302,0.0259552899973582,-0.100583928567524,0.019928098610149,0.394437844213644,-0.466939136699642,0.142011210518086,-3.21323612395375,-0.122215150167724,-0.604864829471017,0.347087342175655,0.600867436667904,-0.217606375531048,-0.392457239274624,-11368.8445668555,-8966.46674065965,-8869.38059765304,-8865.62579287121,-8864.91684331359,-8864.76934368599,-8864.66611347555,-8863.03357880468,-8847.62696400202,-8834.91735057857,-8832.70716753672,NA,1196.10191296566,306.401698233911,131.830606513444,43.6387330599278,13.6161026043131,39.6077420816725,43.8261743116333,181.350656857255,100.902979462717,0.00344971182158317,4,"dup_best_test0_conv",91,1,-8832.70695582758,1,"best",97
64,"logit_random",-0.124062381584777,-0.0269345130338201,-0.118628121502164,0.0490296149437225,-0.00938216678387242,0.0489367761906991,-0.44612219708686,0.322238302000449,-0.490017888925588,-0.135019125005043,-1.87052486635356,0.0216036571852084,-1.00651641417608,0.799925772720017,0.89497009631712,-0.42490176567189,-0.024667834914884,0.0116624610846593,-0.172631879852792,0.099174111581306,0.0353685974953286,0.0911703254309313,-0.399442883514887,0.375317635339202,-0.0357243623440066,-0.0568542672973005,0.569526232239957,-0.0649647163787937,-0.542275785104214,0.0393990029068664,0.528233667933382,0.977610209792344,-0.0384155136825731,-10582.3829460922,-9006.87511828316,-8881.25473791688,-8840.02403036275,-8833.31453862312,-8832.94902638163,NA,NA,NA,NA,NA,NA,4658.11600887247,907.839155836184,708.238312000606,47.3135250250208,48.0847300448019,NA,NA,NA,NA,NA,0,"pruned_test1_too_close",68,1,-8832.9140122055,3,"test0_worse_conv",68
65,"logit_random",-0.0521536767707935,-0.121563727200309,-0.202443300347214,-0.0379758742640346,0.00746588404247708,0.0948446662976922,-0.443787676035993,0.2036880507638,-0.126001598893884,-0.187104600913722,-2.10252193156034,-0.0339573618474982,-0.30553854867239,0.524303104430437,0.839141205307096,-0.608171009388285,-0.049680719748128,0.110406351846984,0.118141199207079,0.102160120166785,0.00379874565397658,0.0725773566107954,-0.0491474319208304,-0.274432805728604,-0.8871240750744,-0.164973711628582,-1.62783950224952,-0.137859324902905,-0.555690217312096,0.280918376003392,0.333390137250535,0.19203815755362,0.512988299490793,-10565.5103515632,-9027.46930017907,-8905.29813612652,-8893.14823917826,-8891.18087656983,-8868.05971169165,-8865.19483663183,-8864.82832528176,-8864.78781002855,-8864.7877050419,NA,NA,2146.45542248444,317.596770471762,12.0478015286311,150.999216821131,144.322182122647,35.4227152021919,21.3047684800737,7.53622184692688,5.55313359873421,NA,3,"test0_worse_conv",0,1,-8864.7877050419,3,"test0_worse_conv",65
66,"logit_random",-0.0559987425914325,0.00314883215911753,-0.193380448756675,0.0997905632078941,-0.0105765685017193,0.0496796265683119,-0.0375384069902917,-0.178192819083788,-0.416374114435507,-0.280367345946083,-1.70089426323172,-0.060345164757687,0.240683340474347,0.70204521374777,0.7017182488041,0.228571765175301,-0.0198141073533238,-0.115238493138024,-0.420011139192235,0.062136194787584,0.0165054243442488,0.387568586962072,-0.275224584064684,0.492292773353526,-0.00633945043653006,-0.187497428597957,-0.979540164537001,-0.0131248534602707,-0.705964910459457,0.632693290580064,0.790411240556277,0.161239243243291,-0.367789534308775,-10541.6057521473,-9017.51680144689,-8860.57965653358,-8852.30632256586,-8851.80681558477,-8851.74901492783,-8851.73040935615,NA,NA,NA,NA,NA,4553.94882430348,1015.44231794971,293.754594663931,105.018043807214,29.6017792460691,24.5093759104421,NA,NA,NA,NA,3,"test0_worse_conv",0,1,-8851.73040935615,3,"test0_worse_conv",66
67,"logit_random",-0.0886172477540002,-0.183010185246378,-0.246960151915796,0.207102789291339,0.0423503164867552,0.188234367169041,0.0510087675721171,0.523773929101774,-0.054549630619267,-0.0833300123391695,-1.6225641531055,-0.0752996831008904,0.158016608129716,0.636571257230826,0.419037404083647,-0.24233572923556,-0.0191722663565897,-0.0465698773190619,-0.257799976061949,0.0915235361620848,0.0296229384621803,0.0156719121803534,-0.350007564537716,0.158512156722079,-0.56663270117997,-0.252330279374158,-0.430916979843286,0.0214147968117031,-1.05074448879322,0.888353622369468,0.32026436726097,-0.190500453371015,0.043062438160476,-10985.7906556713,-9074.17285693706,-8993.88499125371,-8965.03363558837,-8963.44515089014,-8963.05983686088,-8962.89930460668,-8962.89921307746,NA,NA,NA,NA,2564.6859760189,1217.72436466082,276.646315005783,64.1364980674086,22.5927693391944,8.17687033853822,4.94515020833037,NA,NA,NA,3,"test0_worse_conv",0,1,-8962.89921307746,3,"test0_worse_conv",67
68,"logit_random",-0.00620841089150316,-0.100403126469013,0.0435446652967477,0.095957054123266,0.000259765115713337,0.263025883856299,-0.00820661386117122,0.28103013407358,-0.396468202204028,-0.0382923368565582,-0.607143268170814,-0.0114497412824605,0.0284333043981689,0.294801667346619,0.647633420145139,-1.20247035620881,0.00840656950263373,-0.0600123004950366,-0.262696493547948,0.0606042533570247,0.0029234468074431,0.192960279427355,0.288701748099939,-0.274641901255361,-0.303411813240108,0.0142005262826602,-0.611690718900879,-0.177521762953575,-0.981131622406376,0.647569964947179,0.328278618892655,-0.722885682900748,0.174968005909005,-11757.7621195577,-8993.55459380381,-8841.69569955965,-8834.9444159067,-8832.9699949782,-8832.92486303689,-8832.9140122055,NA,NA,NA,NA,NA,2296.72371334036,729.614017528076,173.006584456544,104.498181842033,20.7060854230168,4.55118548577111,NA,NA,NA,NA,3,"test0_worse_conv",0,1,-8832.9140122055,3,"test0_worse_conv",68
69,"logit_random",-0.00534582148097024,0.0500059513011922,-0.107508398646005,0.100862061411833,0.00585081425054866,0.312572660074053,-0.106821884700311,0.394640522550628,-0.462845472829737,-0.108907057329755,-1.50833881244196,-0.180290994797975,-0.400809722476267,0.187082792241126,0.969837488248013,0.342577662178289,-0.0182797088708869,0.000266795128134517,-0.0295460026985012,0.200364637349901,-0.00253872919523956,0.431045670744505,0.278405405968645,0.374743885348643,0.146009299950862,0.0462273150161422,-2.71937184396813,-0.0545842005257584,-0.703226107463989,0.483155949357897,0.786075977324508,0.359188155194426,-0.488714602934202,-11703.7873345836,-8995.89998060692,-8851.11851039174,-8834.52398808625,-8833.15954034391,-8832.81799972301,-8832.78088395901,-8832.76123024121,-8832.76116473403,NA,NA,NA,3988.02368970476,253.087172732224,47.8139293941633,83.087066422427,37.1011278938831,21.0041458744802,13.3667352494483,10.2383457111959,NA,NA,3,"test0_worse_conv",0,1,-8832.76116473403,3,"test0_worse_conv",69
70,"logit_random",-0.102634540753975,-0.189131478341488,-0.175539491642145,-0.0400488869661246,0.0105848110012149,-0.0117088382209734,-0.313215053027238,0.889617313462115,-0.181433938836556,-0.0729586730439327,-2.23903433764778,-0.0838631545852227,-0.79723623372589,0.718853290015832,0.988228449067101,0.547548589413344,-0.0951416718314515,-0.0468587932902792,-0.0421997523012311,0.129677752109167,-0.0109880141160571,0.156281268941317,-0.159532097480642,0.363708799164582,-0.559546736068158,-0.100554625630292,-3.30095791455912,0.0105775758525542,-0.27948404464859,0.837212321534753,0.791631080145016,-0.249972095547573,-0.065389556641106,-10224.6232246801,-9112.68928078677,-8906.40167561405,-8876.7195536845,-8842.83192166199,-8834.48608697801,NA,NA,NA,NA,NA,NA,6007.93378035704,1040.49232361876,978.500349226597,744.898631450465,372.237995712871,NA,NA,NA,NA,NA,0,"pruned_test1_too_close",87,1,-8832.9140122055,3,"test0_worse_conv",68
71,"logit_random",-0.0290073637052329,-0.167376416882207,0.0205042394414848,0.0623135629348982,0.0168285800017615,0.190438201324513,0.0958929315025559,0.343537769664738,-0.381712975154929,-0.0709874172726674,-1.39375683888492,-0.0170393543753658,-0.34145656400678,0.593285651719198,0.175302388360724,0.237103610834922,-0.0725837590104688,-0.0913638381826393,0.00321489939670065,-0.0367503292353827,0.0232905787622276,0.21371752659937,-0.0291556747853764,0.216857969194216,-0.0711771854525904,-0.188235519065675,-1.52567131003204,-0.181709781610883,-0.424142799139552,0.809644850809127,0.374613700276241,0.277654828477421,0.0630909197626253,-10749.6196894736,-9173.94240998941,-8888.03518912933,-8845.71272805654,-8834.79465955968,-8833.25923014879,NA,NA,NA,NA,NA,NA,2555.23424586123,3634.80540787054,2464.42500576879,1103.26614145542,286.770377766073,NA,NA,NA,NA,NA,0,"pruned_test1_too_close",2,1,-8832.9362058572,3,"test0_worse_conv",2
72,"logit_random",-0.184190759586547,-0.146641438278062,-0.103524421732059,0.154346318240237,0.00750379356632755,0.145795492602206,-0.00536653064090326,-0.18953146531679,-0.449107073486052,-0.126569183120829,-1.38072237372161,-0.0564924890360409,0.158356460200735,0.917375736082904,0.311958989524283,-0.0929599290664863,-0.0585377668108132,-0.122967400437164,-0.203436518236774,0.124405314049975,0.00665784068110052,0.0977097125843649,0.101200633227958,0.0699627542448754,-0.227494009518458,-0.191794376931236,-0.430058328781894,0.0245007270403162,0.373075266341844,0.199084521965124,0.790593819711357,0.03294226929952,0.603143500930813,-11066.8239072869,-9120.39477649503,-8870.53353224412,-8837.42875023505,-8833.05909276612,-8832.83366510592,-8832.76306317948,-8832.75399967578,NA,NA,NA,NA,9804.86417182707,1016.86963221813,411.788661600067,48.1480730202325,66.8079549250601,30.9206604103764,9.95343691875946,NA,NA,NA,3,"test0_worse_conv",0,1,-8832.75399967578,3,"test0_worse_conv",72
73,"logit_random",-0.169217543931384,-0.299612819824138,-0.188321530605089,0.0138361695965621,0.0255941953853404,0.447516060109294,-0.250748986362043,0.139629843171981,0.417319565536915,-0.255603423251289,-2.09249113938982,-0.101164370920436,-0.317264569130885,0.043091751569882,0.198671776135452,-0.66264913172107,-0.151407081289778,-0.00268142455809274,0.0901920835580472,0.142457555952796,-0.00094176222430966,0.170045189242277,-0.517607525830074,0.217667343226493,0.513667130732303,-0.217024769463597,-1.68696555556436,0.000542804013180645,-0.732338998382217,0.867676177960821,0.771031231335364,-1.18845610676579,0.588607690924815,-13185.8665255393,-8944.09331447167,-8875.08196485378,-8838.86647999242,-8834.64486237431,-8833.17572322269,NA,NA,NA,NA,NA,NA,3604.99416456991,1947.7559671598,1128.77741864844,426.408789047415,252.399429506554,NA,NA,NA,NA,NA,0,"pruned_test1_too_close",2,1,-8832.9362058572,3,"test0_worse_conv",2
74,"logit_random",-0.284972691942718,-0.188178935968807,0.0398966878928673,0.176937119128922,0.00481705978724506,0.185912708137891,-0.190204597122388,0.371070446482642,-0.00175123310310837,-0.186760013301951,-1.59588884652321,-0.0278388932254037,-0.268130158987904,0.582435357519425,0.412068288540468,-0.0245181924673073,-0.0977188057440774,-0.0614057126454056,-0.168864108119689,-0.0269093770586263,0.00424844895255825,0.0758473742115507,-0.157327744842744,0.733428608913509,0.008613633553194,-0.178576675113814,-2.64563421508338,-0.0952713859638819,-0.625773901749706,0.96742045762483,0.146127105299383,-0.14308759806478,-0.0926931976284609,-18042.2311997216,-9244.39604103168,-8952.38390106699,-8916.11647648818,-8903.45672007674,-8889.27141827557,-8852.6406534817,-8846.48249399884,-8834.33712066506,-8832.92620119013,-8832.8491345727,NA,1041.96561954602,1814.69596888901,692.167001342196,609.890349572541,1868.88108216148,271.350434698267,166.115027748016,140.296860690768,38.6695230482957,4.43498497671975,3,"test0_worse_conv",0,1,-8832.8491345727,3,"test0_worse_conv",74
75,"logit_random",-0.0557554374843205,-0.17071848976255,0.135104255402684,0.025164178112878,0.00147006245675826,0.00359608227299468,-0.0883273474081963,0.369869375698856,0.0496083166138777,-0.253597626126297,-1.80091544061847,-0.158821895826625,-1.03750754285759,0.152291396958753,0.1372010227805,0.607497490996201,-0.171699132241315,-0.187821881368179,-0.127363856495484,0.182569762287614,0.0180301067583942,0.181324754905703,-0.462012931152296,0.16453275089764,-0.335487706234886,-0.17039760066401,-0.0412664829788469,-0.0208294457533513,-0.617751574267281,0.364381262562238,0.907270316006616,-0.374148566263576,0.660182938325843,-13558.9094096269,-9053.10092985317,-8863.02123632749,-8835.8073881192,-8833.20845245199,-8832.89251763759,-8832.84149568423,-8832.838621481,NA,NA,NA,NA,3345.69817872244,1317.16453754391,225.240659555353,40.0940101097433,119.261447187037,38.031288181619,9.14411989675985,NA,NA,NA,3,"test0_worse_conv",0,1,-8832.838621481,3,"test0_worse_conv",75
76,"logit_random",-0.0900121828158626,-0.0433098886348717,-0.185497565830232,0.0696285856774265,-0.00140454726065826,0.403950017009492,-0.289400079970621,0.467502438637115,0.268952088324137,-0.0658002383217998,-0.638480577246981,-0.0449536360811015,-0.552051243218735,0.400367721612565,0.731079924949445,0.0965485668870994,0.037622967328768,0.0144627688628056,-0.161295926894522,0.242481958316859,0.0138327972043692,-0.00899210465951183,-0.121688422576448,-0.244721004439181,-0.526326447907593,0.0666971821299562,-1.03057746993133,-0.0775927247352411,-0.273438203158817,0.751617841850966,0.759397027683444,-0.352454152781278,-0.172951040543921,-10136.1561752488,-8934.45254947907,-8841.76165721444,-8833.57359795629,-8832.91600130345,-8832.83069457603,-8832.80972232396,NA,NA,NA,NA,NA,4890.43130218133,528.034860316243,124.213923810667,54.0879089199459,38.4885737105236,16.8570192754398,NA,NA,NA,NA,3,"test0_worse_conv",0,1,-8832.80972232396,3,"test0_worse_conv",76
77,"logit_random",-0.22648933055259,0.0727057885583466,-0.0937868669460457,0.0211895764938917,0.0350078028323066,0.00278547850465996,-0.195912549810768,-0.188250984442061,-0.0904713213155671,-0.232558409710733,0.762007561697951,-0.00783482982150008,0.16502816023738,0.24486907850951,0.875317984316498,0.477270501612437,-0.000838354828654034,-0.0674153651241622,0.215173724025491,0.064843429852387,0.0108714176738297,0.188339971081277,-0.332070347975567,0.219191547903268,-0.311601469241301,0.0998636314875051,-0.421642832258508,-0.109926727815923,-0.127741049658181,0.714438513610512,0.0832958343951031,0.11038409914505,0.35220040451471,-17937.8393511714,-9197.90247347713,-8921.16429272448,-8857.9040658023,-8836.6769718812,-8833.71621652468,NA,NA,NA,NA,NA,NA,12495.697898675,855.429479408356,2160.60222047732,397.367696676563,228.965690715948,NA,NA,NA,NA,NA,0,"pruned_test1_too_close",12,1,-8832.9362058572,3,"test0_worse_conv",2
78,"logit_random",-0.043767499183986,-0.0855592460446938,-0.139419326005228,0.00638592616271463,0.0113182335538811,0.0308168646283776,-0.346616093346555,0.253985781413938,-0.49610016028991,-0.311760992042017,-0.607613400121167,-0.00866156478453969,-0.701285348454569,0.751773602343164,0.0755857316730544,-0.669699905986447,0.00987072552028591,-0.140221581547454,-0.159542937076304,0.11928465986273,0.0135171583113677,0.175173794203959,-0.627569760917881,0.38246322327505,-0.184543467002299,-0.172066311454988,0.964322012952061,-0.135860798241582,-0.138568373102029,0.592532639312558,0.0450507381139323,-0.370071579058945,-0.0972202063702433,-22984.5516384258,-9403.26240575557,-9076.84165719823,-8978.07070292101,-8893.04602460217,-8838.54410489611,-8834.20028856497,-8833.22989668784,NA,NA,NA,NA,6259.48592294151,1644.04055626945,1222.93628923584,3813.54778876859,1687.4316381806,741.076448936307,438.335794415998,NA,NA,NA,0,"pruned_test1_too_close",2,1,-8832.9362058572,3,"test0_worse_conv",2
79,"logit_random",-0.108205960949523,-0.0923506657304856,-0.216765907813351,0.128872790212246,0.018144570248146,-0.0811731960459116,-0.273663928696403,0.338736830377018,-0.166085074617205,-0.0841509276491157,-3.02282736366631,-0.115926770238486,-0.395533662757087,0.967210436207242,0.707670040163212,0.0807681745864284,-0.154642016725695,-0.057962631523822,-0.172139389419853,0.045929214250606,0.00340152912502346,0.133301308013814,-0.324651182688737,0.397559339722697,-0.280020831175662,0.052587769936735,-1.40293591637189,-0.0205686542678132,-1.41628327731252,0.1319198063761,0.599577593514696,0.790939192857915,-0.693090596227938,-10906.8954739407,-8929.50810201478,-8850.77253417762,-8835.16420161615,-8833.20423397581,-8832.88668324066,-8832.88663132799,NA,NA,NA,NA,NA,3225.18488694004,838.279748846292,198.579255964548,144.017456078269,6.44187123451359,5.40665856522119,NA,NA,NA,NA,3,"test0_worse_conv",0,1,-8832.88663132799,3,"test0_worse_conv",79
80,"logit_random",0.054161950114633,-0.102247859626011,-0.209313635280715,0.101310480674339,0.020876537431929,0.100711932783642,0.133376752319001,0.1668805365376,-0.206506311304512,-0.240520672681898,-0.687499219388324,-0.155006031537523,0.00467949433367026,0.76331284772139,0.0910178836248815,-0.354629277108745,0.035236495783233,-0.334487646794018,-0.21188288297336,-0.0382228224739394,0.0201488649089043,0.134361303771251,0.0189632700257867,0.248039398245098,-0.378373544695062,-0.0840021762613075,-1.22958333789257,-0.0377942598813084,-0.895700803859947,0.896059259953909,0.583751501836814,-0.29114814817624,-0.38030943544208,-17841.5112373026,-8944.70893163315,-8839.64916100692,-8833.78541362218,-8833.02545707269,-8832.88150053801,-8832.8620997095,-8832.86172302464,NA,NA,NA,NA,2289.40480663788,278.486771464351,114.873433051924,157.161503380821,62.8343932332864,24.1194037572405,14.4276995248148,NA,NA,NA,3,"test0_worse_conv",0,1,-8832.86172302464,3,"test0_worse_conv",80
81,"logit_random",-0.18777281686449,-0.129260156950292,-0.121783581295018,0.107558279135106,0.0188882343855207,-0.0894225804815157,-0.156624776427013,0.220761272259702,-0.0684387610734327,-0.0618684018946263,1.36043586629452,0.0227534662979403,-0.364137319629135,0.367565063801594,0.732271740660071,0.437307308876908,-0.0419341099092667,0.0683267669388945,-0.226247672859955,0.0924333895564315,0.00117914421933131,0.370524232033944,-0.177339305958632,0.564419595096807,-0.161535296609602,-0.235934644389494,-1.26872444543514,-0.0734980083713001,0.0425414945560654,0.841195742692798,0.852390457377769,1.10176753193757,-1.26055257013676,-10309.0181928882,-8957.91881684209,-8911.43000638267,-8904.83858597996,NA,NA,NA,NA,NA,NA,NA,NA,3532.52956674421,435.506910449499,Inf,NA,NA,NA,NA,NA,NA,NA,5,"pruned_test3_bad_gradient",0,0,-8904.83858597996,5,"pruned_test3_bad_gradient",81
82,"logit_random",-0.0236327272098651,-0.130002053430568,0.0207134882954149,0.0844194850884047,0.0213357216413932,0.253111723316135,-0.352368327911278,0.221120301029016,-0.433903108669729,-0.0921376815577314,-0.270941436381372,-0.0722131511086948,-0.0937398812908816,0.761491902130656,0.643830470270477,-1.1295234593134,-0.209335805539725,-0.292101800383866,-0.336564241426909,0.0201697437817003,0.0152545923251823,0.253383502392542,-0.38710394508623,0.512141752120727,-0.264386773388242,-0.0396265793781563,0.338638813532473,-0.107112593598196,0.0640837414833462,0.200156886060722,0.200090502020903,0.294062366425876,-0.247394987830321,-10603.9759740451,-9039.5466631126,-8916.0257092459,-8866.3382786926,-8843.28676663459,-8838.26377651678,-8837.30910898717,-8833.80053375348,-8832.91317035974,-8832.86818950814,-8832.86598404937,NA,3253.70242071043,1718.21458770066,500.534432504252,446.984202492083,143.512066166798,257.189024873219,65.0302362004767,9.48597330969712,28.5700989226625,8.83436578314541,3,"test0_worse_conv",0,1,-8832.86598404937,3,"test0_worse_conv",82
83,"logit_random",0.0122374118387791,0.0080621982261929,-0.213832398431333,0.0559460252074287,0.0171328887419769,0.256502606779091,-0.219963804983607,-0.0923467691163684,-0.0418018520635701,-0.222590400752561,1.28557303054815,-0.117514497271828,-0.196528186798871,0.975255343704484,0.0368823206983507,0.476384269057688,-0.11712596848515,-0.00503872387552322,-0.163432517659157,0.126612585195299,-0.0086113633550255,0.163690634234631,-0.339169707397502,0.288149977351041,-0.260222810566479,-0.146770676009923,-1.63157898750923,-0.0651880109592508,-0.97647099491209,0.443884116713889,0.185047262893058,0.363828111458528,-0.124310520126458,-18184.2598444187,-10236.4476147156,-9290.88519031514,-9285.93488399535,-9285.93480373068,NA,NA,NA,NA,NA,NA,NA,16734.1288906217,1010.37185874033,14.2116425763992,7.91576058774432,NA,NA,NA,NA,NA,NA,3,"test0_worse_conv",0,1,-9285.93480373068,3,"test0_worse_conv",83
84,"logit_random",-0.0776815178224438,-0.0869556180247421,0.0126363110035788,0.076679583590509,0.0326831582761585,-0.00250497259602886,-0.296186092347231,0.0364150869090981,-0.219623896007706,-0.104951238313383,0.641340014750398,-0.0708326070521913,0.123761895805197,0.36372991012875,0.760814363076352,-0.739363669490954,-0.0672067212846588,-0.0650991354200177,-0.107405711524315,0.147144439086397,0.0135223293812485,-0.0280083065691858,-0.503047868016322,0.608835942769738,-0.135504456805284,-0.248102786106215,-0.95918605868321,-0.11464622603023,-0.577317622836518,0.966319697042927,0.924847202538513,0.312489509041263,-0.450387370146933,-9846.97276265714,-8957.59383663668,-8844.95767554148,-8837.85918915511,-8836.2062947542,-8833.18568152732,NA,NA,NA,NA,NA,NA,2689.76540340464,599.29463608607,84.3625449916576,92.5539674035327,46.9398345145712,NA,NA,NA,NA,NA,0,"pruned_test1_too_close",29,1,-8832.88038177849,3,"test0_worse_conv",30
85,"logit_random",-0.150795225237859,-0.150745206067856,-0.123275640669558,0.0583808816483154,0.0254642268421374,0.0791934963496351,-0.35927636571558,-0.396600119623413,0.101071364793192,-0.000708527162121192,-0.0800814241191019,-0.00141104610160447,-0.997042061673041,0.775660531716421,0.600298174405471,-0.562382294772046,-0.0479594931087877,-0.0313821649233867,-0.234200012316658,0.148392957933209,0.0113768738590284,-0.0442511800999994,-0.169585269569391,0.202013714869201,-0.726129832336887,-0.113896770317042,-1.00040736715534,-0.0260248731114242,-1.20298480040343,0.534551227740012,0.0410509838024154,0.2474499839434,-0.0468106408624591,-14923.4382811713,-9169.9295297824,-8936.23346673977,-8848.80913825778,-8837.36927558419,-8835.45797845497,-8833.38623289998,-8832.96861597715,NA,NA,NA,NA,2967.32693588709,1108.8382069111,281.889967002928,18.8715343915055,172.105681790295,78.5141714533726,62.6649625096269,NA,NA,NA,0,"pruned_test1_too_close",80,1,-8832.86172302464,3,"test0_worse_conv",80
86,"logit_random",-0.0353913492345429,-0.0557451747065594,-0.129797784276442,0.0579440585794942,0.00037981077749848,0.200743927998698,-0.0891692767493132,-0.174749003209725,-0.285504077645469,-0.113165614406108,-0.289500661127557,0.025974401769756,-0.855461065607934,0.327944090664387,0.440440599806607,-0.565596561356043,-0.101776570460964,-0.192917366236672,-0.0213127320770752,0.0579448011052742,0.0227543978401121,0.0919137782460241,-0.207224747967748,0.0980124896974423,-0.259690117587799,0.0230899292841549,-1.77953505788229,0.0151212612957513,0.286568174184237,0.9703000278119,0.544814849086106,-0.506900667808459,-1.07864457287065,-10337.0378234889,-8957.40025889494,-8850.1157382762,-8835.70594512792,-8833.15306665896,-8832.89496106652,-8832.85229473542,-8832.84573572229,NA,NA,NA,NA,6366.60281768228,963.997025427197,184.024746687444,284.108090384439,150.11172582981,66.7261685691287,24.3098814698048,NA,NA,NA,3,"test0_worse_conv",0,1,-8832.84573572229,3,"test0_worse_conv",86
87,"logit_random",-0.00787137574504203,-0.000217112679011311,-0.0747266232296767,0.0906920768658288,0.0282800742798413,0.0859066640455353,-0.079409412168289,0.374583346809697,0.514518487636863,-0.160214766330145,-2.31553108828294,-0.0809521295535914,-0.98225036151578,0.599535165238194,0.448772546127439,0.566020878108797,-0.0743136557466589,0.101754376301176,-0.236698208571473,0.106670153849043,-0.013917994311334,0.316082981255191,-0.314485527675141,0.501410654068597,-0.0328400808618708,-0.0104017278979768,-1.57815287002229,-0.0891201434813715,0.0416162175798571,0.536163350511342,0.29088267089799,0.379848664190936,-0.213703724972092,-11368.1747358677,-8935.29782260614,-8838.91508165074,-8834.0920728511,-8833.15547137502,-8832.96224352534,-8832.92501207135,NA,NA,NA,NA,NA,2125.26706281521,1005.16811077659,407.946551658137,212.412161205085,107.126009144614,45.4541825687406,NA,NA,NA,NA,0,"pruned_test1_too_close",68,1,-8832.9140122055,3,"test0_worse_conv",68
88,"logit_random",-0.0567646159841047,-0.0514069951820892,0.00614440218528227,0.0897173650112506,0.00851243681853034,0.486707553282136,-0.0833978297979088,0.230520430112619,-0.00268690679963879,-0.215677532322124,0.0755285862039259,0.0285765823292538,-0.791899630746625,0.75028199698776,0.39730184938293,-0.12593269015956,-0.0915122381223751,-0.155116576120549,-0.13851601212721,0.144790440371426,0.0118264941955313,0.159261159243086,0.320872236656807,0.435929250167952,-0.360876702335968,-0.29638982987524,-1.61964958827192,0.0502711676717034,-0.793823916746257,0.855415365980007,0.65915521865245,0.688415518355891,0.340524393843035,-9946.88406783682,-9023.44427438345,-8923.06048769042,-8869.14972259588,-8858.85836085992,-8839.01954468176,-8834.77366012886,-8833.24774620892,-8832.98604927096,NA,NA,NA,2380.36391505811,3420.40000351575,675.404176550202,383.775358171259,121.037146302994,124.458575647721,90.0595170138808,101.259147850998,NA,NA,0,"pruned_test1_too_close",10,1,-8832.92708248407,3,"test0_worse_conv",10
89,"logit_random",-0.0907000355013562,-0.178130017688537,0.0380458659737128,0.0812114599428383,0.0213533811708592,0.232397236269588,-0.141254606926878,0.326906646501605,-0.168625374591181,-0.0371698668871232,-1.92454939696341,0.0203890284030319,-0.807718778884641,0.919090459132567,0.427491859551519,-0.0711265318324679,-0.0125575965188284,-0.0530062996379977,-0.290646597670751,0.112446980640804,0.0207517037313436,0.0345237462329995,0.0521581952778643,-0.0324951857682227,-0.722631929967848,0.0817284347921981,0.720682090263738,-0.0422299543798697,-0.0813179400405519,0.35743620774243,0.966724287704565,0.300730857738747,0.411773082812344,-10665.7862477333,-9049.89019772157,-8864.08371194918,-8840.66169269566,-8838.26768879093,-8837.99277768754,-8837.9927396529,NA,NA,NA,NA,NA,2012.39450450457,3183.64051723156,76.0365960458458,37.6065341344492,5.11362328342904,4.55142731603659,NA,NA,NA,NA,3,"test0_worse_conv",0,1,-8837.9927396529,3,"test0_worse_conv",89
90,"logit_random",-0.0631551134426816,-0.192743761321256,-0.13012072551597,0.0500266253864273,-0.0110710202388598,-0.0360410369265372,-0.195574520144366,0.441597406554897,-0.504117283295705,-0.268810365401754,-2.18687905255871,0.0337487876447716,-0.396624234978695,0.330831252657808,0.112651976179332,0.236875661915823,-0.0506592601896392,-0.171411744370793,-0.140782769252168,0.0241456057735746,0.0474259122801455,0.195890580618619,-0.219126037641092,0.061409688728428,0.128963230074642,-0.278832614796882,-1.11102924236963,-0.0688616456797968,-0.635796268661101,0.923006288753822,0.293937603780068,0.393160639727765,-0.727297048510637,-11284.01098049,-9153.22700367429,-8864.92779717955,-8839.47080867953,-8838.10963361683,-8837.99428175962,-8837.98356106215,NA,NA,NA,NA,NA,10945.5989589623,2804.5448387966,525.68736217752,77.6684236196581,20.0430167720648,2.45379018882282,NA,NA,NA,NA,3,"test0_worse_conv",0,1,-8837.98356106215,3,"test0_worse_conv",90
91,"random",0.332447007525987,-0.356207620767389,-0.0507142114383824,0.60287939575414,-0.274959460250448,0.184779683005987,-0.174635533580828,-0.965360172412656,-0.055042964766618,-0.294350269782761,0.0486193638094098,-0.0279884734614287,0.590021864527799,0.66004681232851,0.240024292399175,-0.577382541324246,-0.569156027754532,-0.919639187356435,-0.698686165323259,0.119887938428285,-0.749454506693744,0.552118355308552,0.201923364417763,-0.603672998572203,-0.611668655083468,0.0699460325772873,0.218928901906048,0.0595166503015846,0.793456141114173,0.134158255453221,0.43046772944741,-0.552224911224002,-0.380114840111872,-59677.8704772524,-9098.96598341682,-8973.3808321581,-8915.81465503894,-8905.50002210628,-8890.85801859392,-8863.75021611062,-8852.51870196011,-8851.63975593263,-8849.41547717447,-8832.70706794649,NA,2205.84476565146,1460.65359928607,1071.25243792217,1095.16520086335,697.818677611562,995.914639483901,395.574863046525,122.489182000711,646.986777399281,0.131624252117201,4,"dup_best_test0_conv",97,1,-8832.70695582758,1,"best",97
92,"random",0.0352818727973025,-0.140799395620963,0.269986693854801,0.407257895232842,-1.0671733133705,0.0608518160910359,-0.299183689625702,0.395026518970365,-0.042110160946609,0.00777579268816585,0.211962697867563,0.0849826753687053,0.0171218391645408,0.0223665327671915,0.232138664978556,0.616233665676624,-0.179593035764278,-0.0394409769048924,0.995210552588279,0.554578899651754,0.434614473258306,0.476176766513518,1.16252221696029,-0.134672066652229,-0.473857276399309,0.400306192048204,-1.28130441055978,-0.162781643550177,0.0749884183233833,0.261642582761124,0.52465171076823,-0.954335027628838,-0.613948364458374,-44006.6636753456,-9369.74688147254,-9252.23979429706,-9244.92804105089,-9244.92744723958,NA,NA,NA,NA,NA,NA,NA,4797.63503417919,85.9677114907069,24.9936325376166,10.3234082365833,NA,NA,NA,NA,NA,NA,3,"test0_worse_conv",0,1,-9244.92744723958,3,"test0_worse_conv",92
93,"random",0.940733334342866,-0.289627915764292,-0.331804522650359,0.012075441758362,-0.0204680454138769,-0.102519356193992,-0.477967981818648,-0.419923988687993,-0.35512126099484,-1.44864180346546,0.187963896788985,0.000279717078803286,-0.670527179144661,0.647933099810034,0.200573216276243,-0.0346328864618793,0.0745887399923105,-0.74003659880585,-0.331787996260709,-0.658137794983821,-0.46412893416753,-0.344122062064989,-0.111195539343421,0.0365935211763947,-0.0117069152328131,-0.328360965160692,-0.362747828797834,-0.335410597045701,-0.55185342985847,0.199586926954798,0.193734202827327,-0.657916228957261,0.216649726843733,-68762.8775944515,-10858.7650850357,-8978.68640496397,-8855.09334574292,-8838.58303137869,-8838.02342954545,-8837.98138866195,NA,NA,NA,NA,NA,5575.70836958896,2721.56946680572,720.060784306025,36.2797875500822,7.7089643788464,6.45784522963634,NA,NA,NA,NA,3,"test0_worse_conv",0,1,-8837.98138866195,3,"test0_worse_conv",93
94,"random",-0.466885401086323,-0.258120703312585,-0.486499715054467,-0.337350688751471,0.530614886142353,-0.263912123492301,0.075250186630516,-0.295566396242833,-0.0146643842485482,-0.852188562359934,0.375141869269752,0.412696594332067,0.486161276223396,0.614873128090985,0.888674928825349,-0.642065758089217,-0.437292041400159,0.284488353060977,0.391897089545549,0.169086431884615,-0.709998908489884,0.40218083890256,0.123690775093764,0.506284287892819,0.638249664263814,-0.139433260875525,-0.448036802893067,-0.390194548444194,-1.49042833403227,0.884243452134542,0.766719665117562,-0.248202126829075,-0.439748262680477,-27963.7756312499,-9385.45514807819,-9202.15604269952,-9090.36525177174,-8960.8954432146,-8870.55107234838,-8836.38701022823,-8833.18624341842,-8832.90673309963,-8832.83121502561,NA,NA,9602.25043381265,443.54504820996,2121.3868778105,2506.96305469589,825.756595464464,163.040060011205,131.002913926629,63.4882434281172,3.96649421413569,NA,3,"test0_worse_conv",0,1,-8832.83121502561,3,"test0_worse_conv",94
95,"random",0.0165788948120331,0.879644332761355,-1.04154687380758,-0.234672979842782,0.583500807586018,-0.851546454840517,0.117796307856185,0.498115529673469,-0.226152790985988,-0.0454067501212678,0.783379957877196,0.82028671534029,0.31076838340309,0.729938111980446,0.203806550903246,0.445136416878993,-0.676437300186415,-0.363653599408503,-0.434561523557251,-0.741317588948014,-0.00234793294451918,0.239246492667787,-0.455941392372599,0.172148950927795,-0.574923422566692,-0.411964164779845,-0.360538952781493,0.129206121626548,-0.290161718675231,0.961880956660025,0.777263224283233,-0.507686977756654,-0.440731460618183,-33424.2612365232,-9230.3242928797,-8995.19777868948,-8964.88314427904,-8962.80323487638,-8962.54378628705,-8962.53440150527,NA,NA,NA,NA,NA,3735.27295921658,439.908299620158,111.987167422333,56.640818373684,17.5016624485515,8.30602927275988,NA,NA,NA,NA,3,"test0_worse_conv",0,1,-8962.53440150527,3,"test0_worse_conv",95
96,"random",0.047713055349344,0.455599517637994,0.286186056796284,-0.0952890820631237,-0.342679602914998,0.873707601406759,-0.239797292485462,-0.708826462432431,-0.411122011892974,0.248178087914552,0.385197999224369,-0.68384383706851,0.0640905789376193,0.724339535390027,0.575152123230509,-0.0623422436599352,0.019024442964926,-0.682528347404244,0.426997510392329,0.672175185097371,-0.209906593645829,-0.567546444896032,0.102402957174906,-0.932737547551115,0.0205495532212374,-0.361054190180501,0.833765109640748,-0.925182457709673,-0.00991279051133535,0.473385141021572,0.441325085861608,-0.413238706907485,0.431955953837846,-31046.3842853416,-11150.5238236845,-9586.31600557721,-9285.40995829409,-9267.3092100441,-9258.16471372207,-9248.7715805518,-9248.36914274928,NA,NA,NA,NA,7382.17872325202,1933.24616432138,717.008315743852,77.3822529647236,28.5056317032696,52.4476153541158,NA,NA,NA,NA,5,"pruned_test3_bad_gradient",0,0,-9248.36914274928,5,"pruned_test3_bad_gradient",96
97,"random",-0.630625299852018,0.277541615854362,0.0668517887641813,0.422460926297994,-0.165103188590326,0.238615159753761,0.116825931892607,0.429197604953388,0.13246324628938,-0.0713650931632831,-0.681988955970253,0.00976333488034167,0.985448903470457,0.955088918083347,0.807234154068865,0.158788713365977,0.44623062470218,-0.430525873648253,0.0335926915824013,0.409007992816702,-0.511473303760191,0.42084948857392,-0.410412257256606,-0.186500610969726,0.247440880183912,0.245032996493333,-1.12663907531517,-0.315501950926944,-0.227383966477561,0.297322943611071,0.100676811388694,0.31907782865197,0.506874488659629,-38453.1959115592,-9165.01900429306,-8919.33725843159,-8878.62143379056,-8842.90757229681,-8838.43402519926,-8837.97499841325,-8837.92741922933,-8837.7519762657,-8834.2093951587,-8832.70695582758,NA,2801.42943867593,686.947439956913,2583.54581064841,432.208741354555,66.2240833775644,12.4969607220613,11.2327062331406,735.629926878594,303.358658114938,0.0371624561433556,1,"best",0,1,-8832.70695582758,1,"best",97
98,"random",0.29567786233056,0.092170900925607,0.162152684793538,1.00460017860347,-1.05995005079533,-0.103617095056715,-0.950026407901732,0.54550374120115,0.613035107158576,0.0374829174714502,-0.231396282461935,-0.427745131999637,-0.442932609585281,0.0804211726877838,0.888537605707534,-0.135991566837964,1.17664278578456,-0.366658598494139,-0.386794351052305,0.144838130412089,-0.241716500791379,0.778813101933025,0.0608414329165048,0.403578795193439,0.401844845935341,0.725066956569886,-0.662010332033837,-0.0662231783275801,0.607211335274319,0.450483802072704,0.987952665612102,-0.479745643824423,-0.0726313803546931,-142798.460635375,-10478.4117990989,-8945.58651126868,-8916.71676776436,-8910.94926971688,-8894.21393530859,-8861.80413582095,-8852.88954886582,-8851.83280374728,-8851.70161242774,-8851.68745756267,NA,1277.09048019047,1446.48538398281,318.542422315534,1374.25162459494,1608.48006500471,300.728958077796,115.049133335328,51.1695137078357,19.3854508360305,16.0168402878689,3,"test0_worse_conv",0,1,-8851.68745756267,3,"test0_worse_conv",98
99,"logit_random",-0.0955623159147192,-0.260949677254639,0.0176001222263773,0.0900216891050512,0.0316561647506414,-0.0963415475577671,-0.0200010282703163,0.0468760067899792,0.299458382950453,0.071401052884289,-0.515974148142009,0.0582089077480289,-0.529551508868999,0.851189223555848,0.344119722368196,0.72397248593726,-0.130863259413352,-0.0780541186301964,0.0657628201960432,-0.0639662154174287,0.0163194582067808,0.110281791440722,-0.270696566558893,0.322071539816777,-0.309520472317061,-0.38597260722188,-2.91518115294439,-0.0129469716938567,-0.531627460154921,0.0110182966617867,0.653434688290581,-0.612739120149783,0.833156547779232,NA,NA,NA,NA,NA,NA,NA,NA,NA,NA,NA,NA,NA,NA,NA,NA,NA,NA,NA,NA,NA,NA,-4,"removed_nonfinite_LL",0,0,NA,-4,"removed_nonfinite_LL",99
100,"random",1.07161374932612,0.0595165438970343,-0.252390140799216,0.332816496580064,0.371711180295849,-0.834726458502275,-0.327939803836324,0.0168798224629384,0.268233939819409,0.740062854942183,0.251086080350339,-0.429420397561608,0.428558522684403,0.57779859630391,0.340602144962177,-0.533907171308676,0.698400526022991,0.105405994565127,-0.536555413690063,-0.215926038174419,0.194136635054697,0.269126539303185,0.0994710242264748,-0.621691601291755,-0.329054577334168,0.487620898937804,-1.24763202809721,-0.383822552805847,-0.149918766719198,0.479448014115915,0.0190442896727473,-0.884296879862214,0.0759068631467953,NA,NA,NA,NA,NA,NA,NA,NA,NA,NA,NA,NA,NA,NA,NA,NA,NA,NA,NA,NA,NA,NA,-4,"removed_nonfinite_LL",0,0,NA,-4,"removed_nonfinite_LL",100
101,"random",0.280464181920299,0.365675670526629,0.408560243856126,0.233896033405122,-0.426172899402217,0.00961998532599504,-0.0389535232937239,-0.583188325470433,-0.27966952576707,0.790759890973077,-0.00225283755552905,0.676156826984259,-0.185150399611855,0.527706925217062,0.245746609591879,-0.361293514997718,0.573192203425825,-0.541682279247386,0.7498357094216,0.268654354999027,0.807249021813219,-0.115736657563224,-0.262111618466887,-0.167285963986491,1.21375218693428,0.401795016137528,-0.128363085296533,-0.590514951732707,0.374362197698587,0.224856650051661,0.081229592366144,-0.356561273058907,-0.145840147874569,NA,NA,NA,NA,NA,NA,NA,NA,NA,NA,NA,NA,NA,NA,NA,NA,NA,NA,NA,NA,NA,NA,-4,"removed_nonfinite_LL",0,0,Inf,-4,"removed_nonfinite_LL",101
