"row_num","gen_method","mu_scalingFactor","sigma_scalingFactor","mu_wtp_Acceleration","sigma_wtp_Acceleration","mu_wtp_OpCost","sigma_wtp_OpCost","mu_wtp_hev","sigma_wtp_hev","mu_wtp_phev20","sigma_wtp_phev20","mu_wtp_phev40","sigma_wtp_phev40","mu_wtp_bev","sigma_wtp_bev","mu_wtp_bevRangeRel","sigma_wtp_bevRangeRel","mu_wtp_noBEVFC","sigma_wtp_noBEVFC","mu_wtp_american","sigma_wtp_american","mu_wtp_chinese","sigma_wtp_chinese","mu_wtp_japanese","sigma_wtp_japanese","mu_wtp_skorean","sigma_wtp_skorean","LL1","LL2","LL3","LL4","LL5","gradNorm1","gradNorm2","gradNorm3","gradNorm4","gradNorm5","stop_ef","stop_status","pruned_optima_row","end_conv","end_LL","end_ef","end_outcome_status","end_index"
1,"beta_var_val",0.065961032,0,-1.31478120293812,0,-1.87169583702086,0,1.19445465922971,0,0.262838762134589,0,2.021209219407,0,-3.41554368039603,0,4.63540158073937,0,-3.96663616481925,0,-1.71796446423094,0,-18.2474313773623,0,-0.875678233778998,0,-5.95415467423251,0,-9336.048053076,-8401.19231710612,-8377.82311830977,NA,NA,NA,942.979565604513,0.200820079227033,NA,NA,3,"test0_worse_conv",0,1,-8377.82311830977,3,"test0_worse_conv",1
2,"logit_random",-0.000989990426737655,0.0418113981378621,-3.15556284732293,0.901112655141895,0.81387393906637,2.31981882845817,0.248021491998643,1.0793351736015,0.455629984336338,0.180001861245524,3.71886113628972,-1.07969008124028,-7.64689466786642,4.25782418908079,1.62713176547112,-3.59040783274224,-5.67522463271244,6.23345640967815,-4.68452735239956,2.28386112898816,-24.567687912177,-10.2781955906769,-1.20905261837584,0.420152318639669,-13.3542666006843,-2.72230269974708,-10303.7322557663,-8391.05398099498,-8379.29681904902,NA,NA,NA,824.119004420348,0.0576422501632855,NA,NA,4,"dup_best_test0_conv",63,1,-8379.29680036731,3,"test0_worse_conv",63
3,"logit_random",0.0607081106338078,-0.112627700921708,-2.91687705032102,0.601819800040155,0.377875043118935,3.44307018417625,0.422882339192972,-0.30713751690293,0.150702241982373,0.46962477962161,2.08530018934501,-1.78352163203552,-4.71576494449277,1.84837821223744,4.08248765874657,4.85561932261478,1.68936172229133,0.763174663617318,-2.78597237416966,0.264156813804581,1.06421297941722,-15.7532365137443,-0.0889994998223749,-0.231597773454448,-2.93912509888281,0.593866109149959,-9729.30737252791,-8387.15985824882,-8381.82228393865,-8381.82220190743,NA,NA,157.766605990766,5.9013545130612,6.47351606171172,NA,3,"test0_worse_conv",0,1,-8381.82220190743,3,"test0_worse_conv",3
4,"logit_random",0.0505929675890683,0.00129854488670962,-2.89335479754604,2.4281279116461,-0.750782505640269,4.18391580420649,0.432161858586295,-0.515257894030564,0.296611363591011,-0.082843471370683,2.47893111059337,1.05483474463732,-5.13351350383685,1.11121390964657,5.09830911925707,-2.93867238543166,-3.10127432764423,3.7442198085885,-3.44958430048158,-0.286180505848171,-36.5187336296513,-6.35440010350625,-1.69172450960261,0.01611356210297,-4.99923021032819,2.24972842954421,-9543.88450638425,-8370.80277169181,-8370.62495780504,NA,NA,NA,116.5256795005,0.404159071916419,NA,NA,3,"test0_worse_conv",0,1,-8370.62495780504,3,"test0_worse_conv",4
5,"logit_random",0.0120531956742222,-0.0197089167272528,1.8317736983149,-4.47186556695987,-0.362769114993868,-2.87778319300836,1.06704224456712,0.446759926596865,0.327227936608279,-0.132701731251894,2.59052529943777,2.05305596695249,-2.52288662941075,3.76189386636834,9.66872927273886,-3.82746470905868,-0.679154564814591,6.62570416814059,-1.49530996497614,1.95853903646877,-20.4903166757559,-22.3236091882165,-0.589231998203097,-0.743236132729979,-0.128268964832904,2.02809857685333,-10380.7026764661,-8416.5476758174,-8416.54760461651,NA,NA,NA,5.99980616345718,3.39242873874482,NA,NA,3,"test0_worse_conv",0,1,-8416.54760461651,3,"test0_worse_conv",5
6,"logit_random",0.116888940551391,-0.0291391318660537,-3.79742324050442,0.0347659240019078,-0.407394388010097,-2.61932661860392,0.960074923652413,-1.73047305061917,0.0929145011496752,0.159903037235568,0.787227933771332,1.28956657813924,-6.18838350913942,-3.47384470900749,12.499314522613,-8.61696162464859,-4.83141380160225,1.75697885140307,-5.57122935523673,0.221561030895492,-27.3923663577921,0.362194573652751,0.14901714361609,-0.464244641398255,-2.84132679998012,2.1245559677797,-10089.7807159322,-8374.62322499264,-8373.53212768678,NA,NA,NA,109.543901217937,0.755847519483061,NA,NA,4,"dup_best_test0_conv",11,1,-8373.5317829532,3,"test0_worse_conv",11
7,"logit_random",0.0550370978347229,0.0389813417193666,-0.599491977861007,0.486889519795025,-1.73766467898402,1.38151517348175,2.0842805108007,-0.592820259735417,0.491030244774489,0.420863858292156,1.19060096347056,-2.53842118763588,-11.9100913236173,-2.42681254876126,7.90409048876718,-3.86897523196103,-9.5803617854635,-3.16576373025641,-1.96257801289917,-3.91215045618826,-27.9508621105485,-47.6481980107333,-1.4548747071188,-0.182886533799117,1.80389612073302,2.34290279661385,-9398.44293531652,-8381.16102670051,-8381.09538888523,NA,NA,NA,19.6500831298569,0.098683739709358,NA,NA,3,"test0_worse_conv",0,1,-8381.09538888523,3,"test0_worse_conv",7
8,"logit_random",0.130132833152252,-0.0748209711347047,-2.34671561676067,-1.05358830683568,-3.75705435530611,0.98431172264452,2.18507434127959,1.83875974912651,0.220957549556718,-0.379170701580176,0.894254420266283,0.894838904174458,-0.202517838554099,-3.00415230642196,6.97144733392037,1.41417298923713,5.91204417015852,4.17250588012369,1.02177058659527,-0.254736799297879,-26.4236921167896,11.4584529760782,-1.33986369010811,-0.58370215438578,8.16871047603913,5.45306130089667,-10002.7261434252,-8385.11855516972,-8384.64935491708,NA,NA,NA,42.7327726908071,0.198644738111612,NA,NA,3,"test0_worse_conv",0,1,-8384.64935491708,3,"test0_worse_conv",8
9,"logit_random",0.179185384733324,-0.0289400457960296,0.523776586765627,0.00303993517446864,-2.91407222824673,0.323200779506331,2.13410124893658,2.07737585660758,0.447852261806395,-0.16320000189496,5.12503368579615,-1.09356044091413,-2.69096695152527,-3.89126138201403,6.76160016476089,0.31212898907397,-3.45547933805073,-3.45340148764594,-4.38395769908323,1.92640984354109,-27.7709194367334,8.04115590328601,-0.938222102372175,1.83578957030112,-3.99692658030589,-8.39813350745361,-11473.4486641256,-9526.96700834432,-8363.09426565934,NA,NA,NA,1878.38909916785,3.52390536848167,NA,NA,0,"pruned_test1_too_close",29,1,-8363.08430854456,3,"test0_worse_conv",29
10,"logit_random",0.0827967282211229,0.0227500502184837,-0.21531526352871,-1.4137775904892,-7.08694215073255,1.70003253116918,0.467811446925406,0.305302953531713,0.3737090565881,0.505275354171296,1.32810127387485,1.28258101514287,-6.1403726548018,2.4114942966865,10.8195215059203,-6.17769720572416,-0.935874086904936,-2.70070370904562,-2.56926069932484,-1.30561095710372,-40.4548852450212,-15.1516600300789,-1.35530044989714,2.3291231069115,-12.5969510765167,-1.86184438087993,-10322.2980525432,-8388.11878770377,-8387.60489590304,NA,NA,NA,139.729555310843,0.0685904064110383,NA,NA,3,"test0_worse_conv",0,1,-8387.60489590304,3,"test0_worse_conv",10
11,"logit_random",0.0901411010087254,-0.0296429121939894,-2.87502949393804,1.21236467317332,-2.53970456179578,-3.34245076013159,1.05429143502362,-2.39280691052334,0.203652258294766,-0.0492428061955412,-0.265260003149068,1.17924853987178,-7.37890052236497,-1.91865430412208,6.5785439993905,-2.85021477288416,-7.63989279779979,1.73881420463211,0.0154921469212665,-0.60709794702867,-41.3911636521229,1.83986613733684,-0.0317722213657012,1.0659567699131,-5.83406208876977,2.36227665203346,-9843.50099650772,-8373.70712083071,-8373.5317829532,NA,NA,NA,33.3266804081321,0.0749833890817582,NA,NA,3,"test0_worse_conv",0,1,-8373.5317829532,3,"test0_worse_conv",11
12,"logit_random",0.143847108597705,0.00289042703459473,-2.95328815270556,0.236903155174182,-1.19017420465179,-3.77905842366615,2.58325506697732,-0.861187971048489,0.329880189057566,-0.269546311700233,3.58109782128317,-2.91424914078642,-1.62155526301159,-1.39121811289822,1.61432966180184,-4.17703692360519,-3.45071369620091,-2.00650350428773,-0.538888440416591,3.87560567051867,-21.8135978829518,7.00127921129717,-0.354030886478542,0.97756760541102,-3.62609219130602,3.48564166632186,-10458.5967825899,-8356.7997883211,-8355.03123289669,NA,NA,NA,238.561007016494,0.113586539015731,NA,NA,3,"test0_worse_conv",0,1,-8355.03123289669,3,"test0_worse_conv",12
13,"logit_random",0.108386644643145,-0.0374653111791256,-2.67632340007299,2.9762657726473,-0.239320415134985,-3.57716842763172,-0.0589402967245505,-0.112380826654869,0.504678570026932,0.0263986957680224,-0.300232877467991,-0.943480594396587,0.564911235647744,0.552872328914405,10.9317744302613,2.5903951686783,-6.71536990917266,-1.29818329703087,-0.92990779335106,0.825233777052121,-16.9616393975073,-11.8667041889479,-0.548681783516209,-0.634912507716365,-7.0157168505079,-1.49162211679036,-9509.04293485835,-8382.1513561137,-8381.81514469459,NA,NA,NA,19.0524568430031,0.209452289880137,NA,NA,4,"dup_best_test0_conv",101,1,-8381.81507174024,3,"test0_worse_conv",101
14,"logit_random",0.151401799150317,0.12036966914525,-3.16100874088383,0.407238705220462,3.91508688378559,-3.31845079051707,1.34095227065978,-1.2426588527817,0.272516797761842,-0.185438096415719,1.98968816897716,-2.5726153422944,-3.37614867143812,2.33542200614674,2.79330114468861,0.268231432804998,-6.20639464303446,-2.00985077116038,-5.21917365641835,-1.70687226905707,-6.09328265826459,12.3550269671098,-0.789845905372886,0.00990649087077656,-20.6000485238645,1.3739500595681,-10974.8652253618,-8365.85947861932,-8365.81341449612,NA,NA,NA,12.6115719197898,0.216196888452196,NA,NA,3,"test0_worse_conv",0,1,-8365.81341449612,3,"test0_worse_conv",14
15,"logit_random",0.078356302054939,0.0285612963435328,-2.04459944819768,1.28129283590719,-4.24151410460616,0.328506849821088,3.33896170930127,-0.517644041476044,0.442823365983286,0.249676137082631,7.44084129243178,0.299423406139757,-10.3850815076518,4.0915362129427,9.04329812100277,-4.74248584493111,-5.70643915551988,-0.0820260274854923,-0.919431184480344,-1.11814924343021,-18.289660628409,-6.31427689834968,-0.810625801610274,0.448663028206993,-3.68607832333354,8.82015436516232,-9570.37427229274,-8390.49187725679,-8389.8801887574,NA,NA,NA,224.818981431398,0.07581230375918,NA,NA,3,"test0_worse_conv",0,1,-8389.8801887574,3,"test0_worse_conv",15
16,"logit_random",0.17091856238249,-0.0893090129174105,-1.77700028333604,-0.372584873995314,-0.0803084331321715,1.71285589463169,1.63692153559165,1.32932702159575,0.593347128059558,-0.0408053495768517,1.89234726434422,0.726249833387379,-8.96484655513363,-1.42539868604753,-0.736661896014398,-1.56200789172229,-1.46978619851142,6.06504815182105,0.670144767818919,-1.55925513127364,-28.2589224848051,-8.17014635256929,-1.05056337176224,-0.879353216871901,-4.25473532041432,-6.0077990100187,-9803.01489831394,-8397.59269935867,-8397.47921328042,NA,NA,NA,31.8335934219106,0.0431028964656046,NA,NA,3,"test0_worse_conv",0,1,-8397.47921328042,3,"test0_worse_conv",16
17,"logit_random",0.0623213644615606,0.0761497625451887,-0.438042870286689,0.0600803251225457,-1.14939414942372,2.09643740409546,1.62464648412818,-0.366859266233316,-0.024831100510663,0.225746158143116,1.28055914702774,-0.173247741936071,-4.8660808397013,-0.870503435047332,2.73536811920868,8.46433269772843,2.16420990218151,-3.13272617180386,-5.75691519592981,-0.552126008637163,-36.7045274254912,7.61168309093672,0.319641353801344,0.985985214821373,-5.91883133679066,-11.0975979126306,-9502.86045325315,-8375.68678126878,-8368.52325211015,-8368.52324974543,NA,NA,69.7598348467797,1.11637322267246,0.582037943153805,NA,4,"dup_best_test0_conv",25,1,-8368.52197434997,3,"test0_worse_conv",25
18,"logit_random",0.121267452419597,0.060732759276188,-1.86190989316033,0.929146237718476,-0.538851374504804,-1.50419204021423,0.373816225605393,-0.494652049649233,0.463176945745071,0.340003043803698,3.56980122882408,0.674966115202413,-2.39137259676846,3.91600570181031,1.25281179145004,3.94969988412011,2.12769961677574,1.29634912116085,-0.0406987652075266,2.34090003531171,-23.0202330800333,7.092479701329,0.171585905213001,-1.33849576544635,-8.96047690941912,-2.58303757402897,-9213.72689819327,-8339.21235583964,-8339.20839552823,NA,NA,NA,14.0457395927261,0.183950520555793,NA,NA,3,"test0_worse_conv",0,1,-8339.20839552823,3,"test0_worse_conv",18
19,"logit_random",0.0764732499224498,-0.0295939093028694,-2.09069112170241,0.712957368888673,-2.38082124911451,-0.560786332878116,4.05991831213789,0.262450863295691,0.783088001476544,-0.227220263102201,3.68263135978125,-3.28646601743628,-2.83776743183632,-0.077499672709283,-0.618480050120557,8.12503316648265,-8.86708233197661,-2.47285513209433,2.26062740958958,0.172541161674814,-8.43539231151099,-12.7117108399506,-1.54169491219396,-0.850343725505683,-2.7152434059764,-2.24457656038698,-9179.17100386919,-8380.41219055012,-8380.24940780684,NA,NA,NA,52.6866139767336,0.259893918127443,NA,NA,3,"test0_worse_conv",0,1,-8380.24940780684,3,"test0_worse_conv",19
20,"logit_random",0.107249630310869,0.136577179143286,-2.9943859276402,1.02278212546113,0.856477813211215,1.03734061344961,1.24228743065614,-1.31119770553781,-0.122391139221248,0.00709449789053219,5.65794383968247,0.837671125869903,-10.0791388813841,-4.42198613237744,7.51800564475263,4.86987069311197,-4.48343896593463,1.02565654301262,-2.02891058442194,-0.918536815072406,-11.5651261332306,-5.85339838217999,-0.14014884665359,-1.37360924699546,8.81427863673184,11.6569254978482,-10286.4135780246,-8386.73828428922,-8386.73813104242,NA,NA,NA,4.15549591789344,3.33034003240466,NA,NA,3,"test0_worse_conv",0,1,-8386.73813104242,3,"test0_worse_conv",20
21,"logit_random",0.107752934323445,-0.0131629281815583,-0.986834109042674,-0.0120651039174983,-4.13873242698886,0.765824604433521,0.0805398371911266,0.166330070651165,0.494448202003548,0.296661966217191,4.16829030227945,-1.06068773083171,-3.01628254395324,2.18528894660429,1.68368987120337,1.615627941052,-5.95537663006108,6.45000173658118,-3.36684279159449,1.75048789952131,-21.9422066056424,-14.4679499275094,-0.270583301431994,0.59874893137908,-5.41769239988307,-6.78104989654516,-9922.97035529471,-8402.01388916953,-8385.52081061888,NA,NA,NA,27.592176812486,0.119598128881272,NA,NA,3,"test0_worse_conv",0,1,-8385.52081061888,3,"test0_worse_conv",21
22,"logit_random",0.11088231852539,-0.0744784808068108,-1.81445872091389,-2.02809902535018,-1.61166222691076,-6.54021783775824,0.238695740012727,-1.74906909861007,0.376186479921845,0.194732845553871,1.84519312105012,-0.863516293049382,-9.25709293294354,-5.65436256343742,0.26923293078403,-7.21601585572032,-6.68847214257056,1.26537636631394,-1.68519997196645,1.23645754879676,-30.9563569872537,-31.0004486126395,-1.16756601254268,-0.073226451578148,-18.6965706228272,-4.74461549179039,-9553.66649349633,-8377.52410065594,-8377.40411897469,NA,NA,NA,208.451514829949,0.576271693051412,NA,NA,4,"dup_best_test0_conv",82,1,-8377.40307620772,3,"test0_worse_conv",82
23,"logit_random",0.0209734073285474,-0.0854561359021322,-0.244409826522033,0.450136974808741,0.0872991304591544,2.83835527585315,-0.888091563973236,0.674255851473377,0.377038924661434,-0.216729770046349,-1.29896272903786,-0.620111673138319,2.56987035339152,-2.49057466837789,1.00128630083584,-2.18558638612023,-1.62947512923937,-1.48547800219928,0.13299028273689,0.798471856791272,-25.777494950321,-19.3336750329803,-1.99295981962717,0.677786834894367,-10.0919754549741,3.19343338317617,-9767.25691489669,-8376.53937897221,-8376.52292552181,NA,NA,NA,34.2815419795401,0.0925252915153226,NA,NA,3,"test0_worse_conv",0,1,-8376.52292552181,3,"test0_worse_conv",23
24,"logit_random",0.0182542712395086,0.0818193092361293,-1.66544131896826,-0.388593116669409,0.09226848465688,-2.81598595220417,0.672064097506599,1.36011855396004,0.151074545608175,-0.0365666066289429,1.89036847384569,2.51275226199706,4.82110080800467,-0.267463859615693,6.76801093615212,-1.76679110852565,-7.7208584949069,2.968559647675,-2.38393286454747,0.962615357993991,-1.86985779882958,-14.4858766591239,-0.998730209117145,-0.605748938291984,-10.0971320927027,3.06031433462632,-9918.00206635793,-8405.87862499046,-8405.87846876319,NA,NA,NA,10.2815563478763,0.591824155368548,NA,NA,3,"test0_worse_conv",0,1,-8405.87846876319,3,"test0_worse_conv",24
25,"logit_random",0.176348531722417,0.111807822685092,0.48241364423065,1.37691837061165,-4.5606418129495,1.3403846681868,-0.597326658238105,-0.710927638552803,0.43394581605601,-0.170876230563056,2.16072927718773,0.456471857224043,-3.10631121067203,-2.4844336531468,1.33575038853985,-0.0387643182447847,-1.59732127887787,0.923710292419792,-5.55933754933834,-0.356076236630943,11.4160678207274,-2.10118543592814,-0.950518326002127,-0.667198333145905,-4.58303569185047,-15.083754815481,-11641.7767854508,-8375.8511859801,-8370.73678872733,-8368.52197434997,NA,NA,137.728105657323,29.4161070408307,0.119936106518042,NA,3,"test0_worse_conv",0,1,-8368.52197434997,3,"test0_worse_conv",25
26,"logit_random",0.0266643756634666,0.0331322883174699,-0.857904573012748,-0.485832338578793,-3.32079431814205,2.40000443550972,-0.599409718791094,0.239095545877106,0.349233316140982,-0.421613518387364,2.35992129655611,-0.264912812645029,-4.38989516699605,1.0824208553297,-0.297347048962763,-1.42367467953729,1.3263965713686,-0.36308157786758,-1.28408499250836,-4.12434887965664,-10.2418060044904,-28.0826950632459,-0.8686574497534,0.969517617465473,-8.20724083599886,1.18605614270703,-9748.17501617136,-8387.75744112056,-8387.60493044449,NA,NA,NA,45.3328007025717,0.351177497163672,NA,NA,4,"dup_best_test0_conv",10,1,-8387.60489590304,3,"test0_worse_conv",10
27,"logit_random",0.142465528919802,0.0220066879127048,-0.867234187141424,0.256639803880323,-3.84140460352089,0.276517705890638,0.31170872819045,-0.692977878094724,0.20047847305311,0.0114650716248945,0.673387593798105,2.23104347962163,0.0418481392711678,3.35251506206899,2.62373555645471,0.382983370660599,-6.50744818963118,-5.96894228091572,1.39651310030097,-1.43536898278292,-26.6325383217088,-15.3013869473691,0.223657255024044,0.515712138381316,-14.3446100382764,-4.02421257654051,-11008.8725217258,-8372.3059994603,-8372.15079530552,NA,NA,NA,111.805644709422,0.0675548758465518,NA,NA,4,"dup_best_test0_conv",44,1,-8372.15071453454,3,"test0_worse_conv",44
28,"logit_random",0.0737063354279693,-0.0335215699494346,0.364895112220684,-1.2302999235396,0.361224220276745,-1.19968976484293,-0.0576202201916554,1.01470479867462,0.268952972749014,-0.398904195945917,2.25086756729665,-3.18003853213066,-0.118595718955138,2.35099323879637,0.722703472901462,-0.700024613220535,-5.07335650840524,4.48996379840622,-2.05600874954763,0.310809345997636,37.0760027376265,-31.1578945637815,-0.275473817370921,1.17319051896318,5.32440954731844,2.65183607727195,-10657.7177225033,-8414.35329816492,-8414.32621577062,NA,NA,NA,63.4147135006917,4.85869233130584,NA,NA,3,"test0_worse_conv",0,1,-8414.32621577062,3,"test0_worse_conv",28
29,"logit_random",0.0830595421978404,-0.0244472924416463,-1.78846018960318,0.881453810760789,0.662048115900918,0.200375663785702,1.33026355258013,-1.07438550329814,0.246352857698755,0.493685973103944,1.41244665273429,2.109692499486,-5.08125599802094,0.0433589229671675,9.00190578843415,3.57242402193961,-5.49135231901983,1.9008547297855,0.842027547418421,-3.48819954918349,-16.8660119362539,9.86902460708267,-0.329428451054215,0.386904347785133,-21.1652749500341,6.00870198360541,-10064.2541560937,-8363.94574107691,-8363.08430854456,NA,NA,NA,208.634523600947,0.0696855023071254,NA,NA,3,"test0_worse_conv",0,1,-8363.08430854456,3,"test0_worse_conv",29
30,"logit_random",0.0911820309674618,0.0995116460257264,-0.546030139874805,-0.134054754469904,-4.28056637255092,0.569659042080844,1.23187232130772,2.95873498652928,0.27141192331,-0.259361892063438,0.81672525233232,2.31671867533581,-7.86335728556917,-0.451408737104342,8.68736513399035,3.95022456176349,-6.78467810625883,-1.17453558824841,-4.56714498818785,-2.51090472219186,-28.6749237177514,-9.82157801602675,-1.72716024682337,0.558206296535956,-8.57155637070898,-5.6781910600619,-9749.86465224956,-8379.55514088124,-8378.84673628319,NA,NA,NA,262.437232840197,0.215229950322478,NA,NA,3,"test0_worse_conv",0,1,-8378.84673628319,3,"test0_worse_conv",30
31,"logit_random",0.0190309624911683,-0.00327336806128166,0.33737662215238,-1.89888657250091,-2.35298361365878,2.56363061162187,1.51622640494317,0.300365675795202,0.705425727179365,-0.0641649034261089,3.18770936628349,0.789572916508315,-3.21505180542655,-6.62419870615273,12.9989136802854,-3.34749585671353,0.705484611708277,-2.60655948393319,0.416903059405027,2.81954078949475,-33.3319184488626,-14.3423086396829,-0.978362256422854,2.35910147428671,4.83121681865355,0.226020141262963,-10355.3532636521,-8377.17270721273,-8376.52350900886,NA,NA,NA,120.446512523113,0.55122113907359,NA,NA,4,"dup_best_test0_conv",23,1,-8376.52292552181,3,"test0_worse_conv",23
32,"logit_random",-0.0117126720468794,0.0911420929350758,-1.76775951980167,0.573115082219933,-5.02890289389926,-1.13693504912506,2.03392403937544,0.346673767055682,-0.14500164334691,-0.686339046899419,2.56592699684988,2.17744479074628,1.971878149049,-1.20127982423104,7.59277822296662,-0.64914591089385,-4.99152545724063,-1.97061344600538,-1.13654463247113,-2.34757513608415,-19.0302079391245,-11.876652447691,-1.25603944186281,-0.197531104142967,-7.76230407764407,13.0041010208218,-10138.8761752341,-8380.93395500546,-8354.70264348557,-8354.70241065398,NA,NA,81.6256637290575,8.44554668443762,3.3697118152263,NA,3,"test0_worse_conv",0,1,-8354.70241065398,3,"test0_worse_conv",32
33,"logit_random",0.0026274581362893,0.0296120461651605,-2.97438289348375,0.0283670861567116,-4.72477387409539,-1.01849784852038,3.60853548919094,0.694466366476456,0.384656656242149,-0.181883324882997,3.3006933200305,0.66672182189698,-3.97059031073209,-1.8688708536105,1.26081064770794,1.94820708724499,-7.96690675491167,-0.0666927469515491,-3.35062072261213,2.86817757504401,-2.49413399956258,20.2646813048623,-0.223235852393243,1.15242634636961,-3.24169512670089,2.13514680178378,-10463.2701240518,-8384.88558685591,-8371.98271245918,-8371.98271239943,NA,NA,121.422930137887,0.190849944942553,0.0607782552677409,NA,4,"dup_best_test0_conv",51,1,-8371.98266949088,3,"test0_worse_conv",51
34,"logit_random",0.00798443532857514,-0.0100465218305857,-0.411735230801615,-0.424369151834001,-4.46240629589549,2.00845310694745,1.90536679648166,-0.168457814847158,0.0863857315153458,0.424380631563346,0.741576054207387,-0.711274729401438,-7.00574530436881,0.21245430267074,-1.35833242766822,1.22790147221132,0.587530555324356,-1.27803453274782,0.0952580787795596,-2.04158663206183,-38.8544476375895,5.56521366386852,-0.00890927398671548,-0.11579279387398,-9.47527690401775,-1.25744190103774,-10883.3606248089,-8435.81403931921,-8381.01955279769,-8381.01955244116,NA,NA,1375.86323743978,0.252050931156349,0.235160105674655,NA,3,"test0_worse_conv",0,1,-8381.01955244116,3,"test0_worse_conv",34
35,"logit_random",-0.168605400203764,0.0171032982370252,-1.37776830088555,2.58934831325832,0.708920350669986,0.0227361669138872,1.1094762734519,0.552527643249866,0.0988824448357336,0.115057164564003,1.41341441577406,-0.370833971822915,-4.58441875993665,1.21847614882296,1.23576074509412,-2.7006175022542,4.52360385925457,-2.02634384394597,-2.44823018382344,-0.93597278309235,-5.38858920282182,6.546495694787,-0.532357513991409,-0.898798367962217,0.3892598462404,6.90713716659029,-30655.9758542784,-9324.50074427669,-8377.99298516723,-8375.97641979686,NA,NA,993.407658068043,166.968742478617,0.152156703820146,NA,4,"dup_best_test0_conv",95,1,-8375.97633210837,3,"test0_worse_conv",95
36,"logit_random",-0.027489249715219,-0.106289716805213,-1.78951177649274,-0.0111504310281855,-4.9458735352446,-1.87840222388708,1.79349172293562,-0.933130175032606,0.339133239199253,0.0958999583650587,1.2070920291109,0.365450522182501,-1.58748457380645,-3.11741139485741,6.41931375319253,2.4573794611229,-1.31908846019771,11.002321132383,-0.343594025075304,-0.91592697455202,-25.6584891417711,13.4262861794785,0.529660026388811,0.658094234337211,-5.59405948806436,2.62764161255702,-9996.46455900879,-8372.98754408791,-8372.9874004484,NA,NA,NA,6.02248540474761,3.83294845584697,NA,NA,4,"dup_best_test0_conv",91,1,-8372.97556615518,3,"test0_worse_conv",91
37,"logit_random",0.0363597480852808,-0.132512810394079,0.187433171615024,0.187473365080085,-0.325827196776761,-3.22423603158265,2.2828681005801,-1.01133057284626,0.826504016254549,0.428450994402544,3.17595541830437,4.05810460339041,-4.6053272844908,0.822855196841793,11.3472079921901,-4.65388713517759,-3.57007436808103,6.07954169728016,-4.83071538570915,-0.100841450532966,-21.4007760980152,-3.67744739958612,-0.828950512465701,-0.16023677488669,-20.2803281443655,-8.46688192249661,-10098.5816564104,-8408.72227001657,-8408.02528430956,NA,NA,NA,411.184597035489,0.627474383088005,NA,NA,3,"test0_worse_conv",0,1,-8408.02528430956,3,"test0_worse_conv",37
38,"logit_random",0.0147774013396057,-0.131880590416471,0.141741852174259,1.79025223662081,-2.0258809878885,-2.30157096124142,2.05785498473966,-0.306886719056599,0.592052612746971,0.162765835097059,1.79265534157157,-1.28855975616459,-10.8777260879896,-6.24396354572348,8.75150807343385,-4.51507356497391,-6.73970933810074,-0.858703498849925,1.05008910398312,-2.43615595491166,-22.881082082618,-5.13391648129687,0.263695740983299,0.887902466631047,-12.7495108513122,-11.8455597725699,-9819.30785108522,-8403.54494311034,-8403.49335751033,NA,NA,NA,26.1847505343451,0.073302914518614,NA,NA,3,"test0_worse_conv",0,1,-8403.49335751033,3,"test0_worse_conv",38
39,"logit_random",0.0110927952380849,0.00798396792634998,-1.08373264995959,0.0934716511449324,-3.32555652617929,-1.65680050006676,0.561154301525663,0.0251392475971986,0.650392046240078,0.148136555058677,3.35866326216578,2.40396973389017,0.296156213412218,-3.6111352406071,-3.22401928224605,4.7198490279646,-2.57299559618194,-0.257291677664769,0.0851532741172456,0.202040957437002,-44.2156427894274,-48.1820089946324,-1.58421387264912,0.826254783115318,-9.59886371592726,2.96654961569011,-10771.1096237409,-8359.39367838065,-8349.92896215885,NA,NA,NA,185.218309534122,0.795101680215844,NA,NA,3,"test0_worse_conv",0,1,-8349.92896215885,3,"test0_worse_conv",39
40,"logit_random",0.0693797999659759,-0.0151706943921338,-1.09675101417354,1.00721385799368,-1.23106482132637,1.88014344724364,0.113931538641669,-0.838786329614649,0.824953720566702,-0.224105118623636,1.71535854072074,2.90229999018238,-1.57285009680754,-2.41611869229335,14.1736783549507,-2.81217572265271,-8.33375101303946,4.33505343660652,-0.193636945476477,-0.867485924608836,-20.3687291231342,-7.72209515112159,-1.06482584276428,-0.517488845778793,-6.57054679662282,1.23313718392665,-9580.21838030434,-8403.9677823394,-8403.9044643474,NA,NA,NA,31.0487097803218,0.148418866245389,NA,NA,3,"test0_worse_conv",0,1,-8403.9044643474,3,"test0_worse_conv",40
41,"logit_random",0.0252926712174251,-0.145055042405235,-1.3648441926972,0.590201869165363,-0.570768425446532,-0.633928899555515,1.12777800034336,-1.03957448395001,-0.0789609673029545,0.190960233800078,-1.36962290726552,-2.94477290867446,-9.53202793082886,6.79946453970445,8.83559386639629,5.0109748294034,-6.72956954986088,-0.647543578894725,-2.38071751408621,-0.558367269686265,-43.4348598711903,-15.7102363059456,-1.020969187729,-0.703523253676328,-2.45699556216949,12.3341130611307,-9840.44968868637,-8381.85542348441,-8381.81514993014,NA,NA,NA,29.0128787303888,0.645370150385908,NA,NA,4,"dup_best_test0_conv",13,1,-8381.81507174024,3,"test0_worse_conv",101
42,"logit_random",0.0827413042285221,-0.112820314293846,0.615419814320272,2.34836812004811,-1.42714569142672,1.10949844591682,-0.978924899790626,0.154195904160714,0.00537446252414531,-0.00752135031647936,3.01218857683649,1.7552404765224,0.385055068432882,-1.18004254596766,-0.886136642444836,-3.50132784782404,-2.74054079908854,4.34968702863742,-2.02320039386908,2.36423881903594,-33.952137819765,27.4881307493584,-0.397144932084364,-0.352784176769179,-15.3974881824728,-3.73841461383843,-9677.21049230176,-8382.6514141398,-8382.64285268673,NA,NA,NA,79.5536018727796,0.806027735813767,NA,NA,3,"test0_worse_conv",0,1,-8382.64285268673,3,"test0_worse_conv",42
43,"logit_random",0.0440936002345796,0.0149242899829607,-1.74866437261267,0.225621008085233,-1.53690859836045,-1.04038016210419,0.408327134347976,-0.432135316434887,0.0359738334090126,-0.0800088348994842,2.60926356550223,1.28792912153874,-4.20186700991651,7.40793425178583,2.58412741083237,-9.95387199529146,-3.62807240660673,0.954947986540467,-0.759703950923359,-1.06433369407719,-12.6476718321241,7.540533522147,-0.271180829367059,-0.0120978461585767,-4.84878257174864,-0.126727388008479,-9348.95781523552,-8341.01981419719,-8339.10783464807,NA,NA,NA,79.9733778505319,0.239735464720606,NA,NA,3,"test0_worse_conv",0,1,-8339.10783464807,3,"test0_worse_conv",43
44,"logit_random",0.0523519970958408,0.0627190643190436,-1.94861694471537,0.5070523655025,-5.42977021437302,2.07459270283905,1.16668573990053,-0.300613075677671,0.569640198328132,-0.580763022117678,1.07328367016689,-0.736240267490489,-6.55461458863235,2.65232206784689,9.07852672108953,1.31616683286474,-5.01709722087225,-0.31082856969449,-1.06130188322252,0.736471189918978,-18.7328836530465,-5.07137831605377,-0.77195763088104,0.748619891350912,-4.18691828594215,-1.54746388638772,-9705.63081567435,-8372.57633852753,-8372.15071453454,NA,NA,NA,9.01048376974885,0.00959488929782011,NA,NA,3,"test0_worse_conv",0,1,-8372.15071453454,3,"test0_worse_conv",44
45,"logit_random",0.146125920444664,0.139073265155002,-1.94877431710939,-0.185875859264034,1.10466801193997,-0.785309963492762,2.71829947731023,0.780192271637833,0.45029476824066,0.407798116427805,0.246863728490403,-1.25867720751779,1.68450524343365,0.879174223293878,11.0567194591732,-0.622411772660565,-6.437585465136,-1.92967306790954,-3.67716374433798,-0.613900641363578,-21.9290591333135,-13.9330716781976,-0.352254037174354,-0.67768458578656,-8.23000703880255,-5.98354381967736,-10404.4955804179,-8378.56891639121,-8368.85197016489,NA,NA,NA,227.374212994533,0.401695255497132,NA,NA,3,"test0_worse_conv",0,1,-8368.85197016489,3,"test0_worse_conv",45
46,"logit_random",0.190763025988612,-0.0409767207941557,1.81377235679435,1.54716750805206,1.02242924310805,-0.325531055650092,3.31593164211321,0.803473078046805,0.226258190183226,0.126319440479009,2.62318795558074,-1.416289440664,-9.51779701130497,4.98143930020401,15.6347783404041,-6.28639399046953,2.5509220980663,-0.198487328952959,-0.978289502368996,1.0244618946708,-27.3936488533869,-5.83978905243925,-1.49483884617397,1.69297268305405,-3.75977748880024,7.31347839707563,-13344.2081814987,-9946.59059956917,-8428.06682574654,-8428.06681392292,NA,NA,788.645510570582,3.02223432684171,0.836335386792459,NA,3,"test0_worse_conv",0,1,-8428.06681392292,3,"test0_worse_conv",46
47,"logit_random",0.0708549132218222,0.0695656349416587,0.397583969260793,-1.60892468798007,-6.24968445222974,0.850502654038401,-0.446728878156437,-2.01499559893376,0.226037142797057,0.0273410842757071,4.06188083981003,-4.17704730996636,-1.48474280001574,-0.114819071496343,-1.61036654519782,-9.40762271842264,2.00522944842369,5.11382036157222,-2.41951902826685,0.666665655518372,5.6798252122413,-4.75338815818826,0.103593297922065,-1.12901388702069,-2.83593595731315,-6.88902243907106,-11019.0348834719,-8377.40066949578,-8361.71978979914,NA,NA,NA,1370.60547649702,1.26003160880573,NA,NA,3,"test0_worse_conv",0,1,-8361.71978979914,3,"test0_worse_conv",47
48,"logit_random",0.181504719086654,-0.108110755100427,-1.94235702546119,-0.434830421116729,-3.99799508925637,1.07013762131366,0.619817984409903,1.05176604625358,0.668807441362099,0.158536705365953,2.938135657376,-3.00949418303987,0.599921057334535,-1.16120619637942,2.20341885829209,-12.6824250288232,-2.79863055146121,3.04396061156277,-0.287328671913373,4.23339716168385,1.57962547599439,-39.7506826968487,-2.19082726538772,-0.136012561956845,-8.72806336945473,-3.34776673060305,-9888.4227240091,-8398.33419123953,-8396.32477498279,-8396.32477491059,NA,NA,272.337782765066,0.227145739718867,0.0771969923517822,NA,3,"test0_worse_conv",0,1,-8396.32477491059,3,"test0_worse_conv",48
49,"logit_random",0.0506918817764711,0.0554721193417252,-0.0526927555598318,1.2241156317333,-3.58090360319562,0.4235469310591,1.07489043140789,-1.03101692800754,0.0901378772359048,-0.17372727948056,-0.251222012803507,-2.31115744548507,-4.44979796664365,-3.80388966486751,0.624626581404903,-2.42210621234956,0.63743372200791,1.39011445254111,-1.61149414556838,1.76468958534541,4.68438542364837,2.81789908628716,0.890575933967424,-0.179422603089373,-12.5802827094525,5.87771027937298,-10448.5407276735,-8355.75969246584,-8355.37912217852,NA,NA,NA,65.0608594204659,0.228528857993566,NA,NA,3,"test0_worse_conv",0,1,-8355.37912217852,3,"test0_worse_conv",49
50,"logit_random",0.101807718737818,-0.0346608736238694,-1.04200360085319,-0.93095247061467,-4.84345743809202,2.47734694465896,1.67740266401313,0.289060131108986,0.67685628113761,-0.283733131989635,1.75946973534814,-1.97393711853805,-1.34183076180821,0.97435844496645,7.70787930912106,-10.2270404025294,-12.8158526124087,2.11521996173019,-3.05999562236818,1.57776391387635,-13.7684946295127,10.6789431608811,-0.534751791430063,1.75356438159835,-7.12873898390648,-0.756300266123187,-9439.64236278735,-8381.51554577777,-8381.51544833115,NA,NA,NA,7.56329188899354,2.71608254364809,NA,NA,3,"test0_worse_conv",0,1,-8381.51544833115,3,"test0_worse_conv",50
51,"logit_random",0.000725478929130385,0.00421217555723351,-3.56186792337607,-0.843454272484948,-3.36541554496912,-1.00115228230331,-0.563268965937245,2.97544847348412,0.414162902086221,0.344849760288817,1.90009216461523,0.143442955462085,-6.81511390473453,-1.85305405986905,0.199162740626554,2.40511035931583,-6.40060490556904,-4.32234717382251,-4.02449633996243,2.73547987029578,-11.0232063380628,9.31400588506721,-0.99258152253602,1.53626094602347,-8.93028442730162,-11.5576946048184,-11910.2011759758,-8386.38915057314,-8372.03297778299,-8371.98266949088,NA,NA,106.245843378226,12.1936078369595,0.0484958429816156,NA,3,"test0_worse_conv",0,1,-8371.98266949088,3,"test0_worse_conv",51
52,"logit_random",0.0867738129838038,-0.0305829888171182,-1.7146234041545,-2.11993851655986,-6.6479883163045,3.64277845073287,2.03965153188829,2.84349452246646,0.483854440110037,0.0439747585705967,2.25587333086223,-2.27525662570472,-6.83760986685233,5.635375242964,2.56560355166506,-1.22895177166121,-4.84288655915299,-3.33123391818917,-1.20437015394356,1.40813215878341,-16.1081508556046,6.31417605964023,-1.08465800690882,0.0641874543632441,1.09515617425139,7.07444777204896,-9524.13441478781,-8368.01228084171,-8367.9851259291,NA,NA,NA,12.6242620305527,0.0364982968394435,NA,NA,3,"test0_worse_conv",0,1,-8367.9851259291,3,"test0_worse_conv",52
53,"logit_random",0.227059472022099,0.043603192884084,-3.51909907925182,-0.0675313447043832,0.265654424150882,-0.447091269415959,0.940896129020417,0.814743935060423,-0.0194478528233466,0.185901795352222,2.69286025259712,-0.568659001477969,1.24284706538955,2.07064188866609,14.9908362146991,-6.53664596803792,-4.91773609406915,-0.385217057533218,-2.73203293945889,1.15679262200711,-10.4917564364689,15.2698869703059,-0.496259787616176,0.409470353241392,-0.144208231672173,2.96906677684396,-12971.8628313862,-9696.75332011764,-8424.80799426645,-8380.13473223081,-8380.1347311689,NA,1168.94197543088,125.415090827483,0.381929096500033,0.0624962165977206,3,"test0_worse_conv",0,1,-8380.1347311689,3,"test0_worse_conv",53
54,"logit_random",0.102219340428987,-0.0290219366193813,-0.779411717390426,0.511302380501036,-0.846205649917599,-0.400143400907352,1.44503033670857,0.0458923463589137,0.202006410466844,-0.0317247175638311,4.87132241572149,-2.44660205662388,-5.83567411318814,0.390521350894866,9.99869576637803,5.15664096609247,-4.5375899172245,1.84023413270279,0.279742609109001,-0.364148756761969,10.2282141544477,-8.69500981302665,-1.3439823970293,0.91350361771376,-2.53567557045053,-2.09248524504214,-10519.6336692906,-8382.53573244406,-8381.8168851016,NA,NA,NA,66.3734353505175,0.166396754202713,NA,NA,4,"dup_best_test0_conv",13,1,-8381.81507174024,3,"test0_worse_conv",101
55,"logit_random",0.0640321093123488,-0.0190073005616736,-3.35129975450856,-2.57629640498153,4.36133777075624,3.05349002910236,-0.662330088493128,1.59564368968917,0.466682691449999,-0.371256327352851,3.57261267742054,1.49590302164853,-3.13642118353092,3.07933001640865,9.63962521149558,-7.58771389868144,-8.3587989661424,-1.24681149093091,-2.28418328247567,1.72226955684017,6.19731144192894,-1.11438127997595,-1.42113449774793,-1.61998951223969,-13.5368176168946,5.48384477120021,-11299.5847259801,-8421.93701135584,-8414.16438034996,NA,NA,NA,488.292358235634,0.0675621862433711,NA,NA,3,"test0_worse_conv",0,1,-8414.16438034996,3,"test0_worse_conv",55
56,"logit_random",0.0111617030397341,-0.0868013087531195,0.769089739189683,-0.373951990319441,-0.492267096592393,1.16563482788023,-1.48470073755002,-1.91137620184123,-0.199567700268886,-0.0711137515326466,3.79749196919149,1.90372203294406,-4.1688378781697,1.24579201148751,8.76714122897024,-3.17007781785846,-6.71823275900439,1.99757590555547,0.151787667861045,1.7840212991536,-15.2000830330195,-1.97965881318172,-0.322149086813173,0.589654918825987,-7.3112128610278,1.47921888972302,-9889.4241211503,-8424.90772829909,-8414.11053035519,-8414.11052924115,NA,NA,364.477268965566,0.399565372565213,0.0827905906618501,NA,3,"test0_worse_conv",0,1,-8414.11052924115,3,"test0_worse_conv",56
57,"logit_random",0.148177130431505,0.112808354784333,-3.44246685112138,-0.249697817541564,-0.431034216747906,1.39472483965185,0.00600183360285889,0.122697745175745,-0.06187227526156,0.71688120186412,2.43392165605078,-0.477285522350007,-6.44368142560444,-3.62204770546264,-0.770372471898459,-1.24887631243923,-9.30256170075795,-8.27256427752968,-1.38669139088937,1.76728638329507,-8.22142407094345,-1.19754824710571,-0.883674657337686,-0.310560178303467,-11.1414297675853,0.209027955479153,-10219.4043129515,-8367.92705423283,-8366.45007871969,NA,NA,NA,135.509168156373,0.315437628946934,NA,NA,3,"test0_worse_conv",0,1,-8366.45007871969,3,"test0_worse_conv",57
58,"logit_random",-0.0247852067863308,-0.0216048791970267,-2.80255157452207,-1.48360349851208,-2.75412456087224,7.37400525833683,1.75893758939504,-1.69753247779704,0.386151857146325,-0.245420277936899,0.398615358801659,1.50662548031458,-4.39831969438955,-0.718971073127094,11.2631818012887,6.14880408819048,-10.6085215227152,-8.00790976067607,-0.0353878872817102,-1.30523420369816,3.14961722937277,0.495840542286442,-0.25161745913012,-0.338278839164577,-0.123415052625766,8.09138730713754,-12212.4003372312,-8613.41566515168,-8381.80584746115,-8381.80579785035,NA,NA,1681.08386905057,2.50749245268835,0.586903092237586,NA,3,"test0_worse_conv",0,1,-8381.80579785035,3,"test0_worse_conv",58
59,"logit_random",0.0441207770976097,-0.121266566073618,-2.37932162038996,0.760669722696844,-1.75748850415249,-0.313265918023995,0.840916088211871,-2.65497625215187,0.0731007786964024,0.204259095359985,1.09309089163029,-2.74232595777251,-3.50609514159202,2.40011636619433,7.76205930432092,-2.81621078688017,0.223324073126824,0.598979332394221,-4.81196556807793,1.76876908715525,-13.1782827132508,-28.0380615078333,0.585877149680352,-0.405906800387664,-12.4331985863189,-2.05709235548043,-9518.96433375124,-8417.95123347903,-8417.95082849378,NA,NA,NA,14.3658220917489,15.402187526762,NA,NA,3,"test0_worse_conv",0,1,-8417.95082849378,3,"test0_worse_conv",59
60,"logit_random",0.130662965924316,0.0870297786507504,1.260308166768,-0.214558403219881,-3.43751516914918,2.0936943704977,-0.429455507412835,0.573227699376459,-0.0308555724940197,0.104053864966723,2.92177848769982,-1.69587429775639,-4.92802445490376,-0.872851574711209,1.24510501131245,-11.1507555131918,-0.16718079936602,2.18211240528133,-2.08949758891478,1.4986085136535,-24.3341900253007,13.5029321577415,-0.543237129789767,-1.03043827456954,1.51789144558281,0.116495886480135,-9471.4445469575,-8364.21338374963,-8364.03686831198,NA,NA,NA,57.5543938351408,0.122399731626306,NA,NA,3,"test0_worse_conv",0,1,-8364.03686831198,3,"test0_worse_conv",60
61,"logit_random",0.210466519285972,0.0230126223581387,-2.58993460766769,-0.0648968254833535,-2.7207269623381,0.943017728098841,2.26021705359083,-0.097288361781597,0.465018965050399,0.0622235807517903,1.75750744912146,-0.328419235070998,-5.73022155726827,5.84068744295651,6.17244613817,3.19251739235682,-4.62070339247513,-2.30241813274627,-0.482826989626107,0.64438965686909,-4.71114622551784,16.2440527131872,0.181417385630514,-1.14439378990538,-2.3815139286924,-0.112348201031427,-11375.2636367348,-8569.25186007071,-8381.0198126806,NA,NA,NA,3419.39938579599,0.852149777883332,NA,NA,0,"pruned_test1_too_close",34,1,-8381.01955244116,3,"test0_worse_conv",34
62,"logit_random",0.0679758609788524,0.192347134684911,-1.52776227520357,-2.0129704825315,-2.84495943714315,1.93663829341792,-0.64456399521157,0.572861640364461,0.426614903273477,-0.167210751923106,3.0929175757581,1.45311376647161,-4.23535124673925,-6.55875009156235,10.9011355190679,7.23534815269215,-4.54390259747877,-0.263297862140855,-1.52536730390796,0.156779913377664,-48.6921576495736,28.8011843425756,-0.119108695172714,0.1609343751596,-8.16226650760256,1.4705843890459,-9595.36489282487,-8388.58710786919,-8384.72155981372,-8384.64955794202,NA,NA,58.1975152412322,15.6309420765195,0.0792875396028777,NA,3,"test0_worse_conv",0,1,-8384.64955794202,3,"test0_worse_conv",62
63,"logit_random",0.0141474932627681,0.0065905925515438,-2.32068453639111,-1.60614582935613,-2.85187627839012,-0.122947534439045,1.06648939604507,0.871695072663004,0.19664946563777,0.412129616725726,2.30132584703235,1.71068332964398,-5.36686512777319,4.0923425871707,3.39204641590608,-8.89527478995049,-4.28431426288729,6.45254048492408,-0.873716820088141,-1.73134198730237,13.2938001074444,-17.3925213316106,-1.14803157617407,-1.46389384300104,-7.27248086217028,-2.24961284355403,-11027.08158194,-8381.79276765086,-8379.29680036731,NA,NA,NA,112.198988649801,0.105252052498743,NA,NA,3,"test0_worse_conv",0,1,-8379.29680036731,3,"test0_worse_conv",63
64,"logit_random",0.0874274269360283,0.0866174408953681,-1.44589912578651,-0.333889932460933,-3.49993368807134,-1.34191672858246,1.18286750292045,0.697777660398614,0.221136588322674,0.179183961781614,-0.205565101923233,-2.30698119648825,-1.83149106971773,6.40467423637262,2.03183976473118,-1.97757578539117,2.0442722155995,4.76061107460442,0.731770840093142,0.853989595156451,-50.2616189366512,19.8614937640293,-0.621694974886486,-0.687091608937787,7.46175737758962,-9.94132258990478,-9836.27465743837,-8376.08418044491,-8376.08413790945,NA,NA,NA,8.62040263675546,13.4473841881064,NA,NA,3,"test0_worse_conv",0,1,-8376.08413790945,3,"test0_worse_conv",64
65,"logit_random",0.00785968241522347,0.0454751040192607,-1.2633346956284,-0.496589900935015,-4.75628000631161,-1.18467182227264,0.0236638689393684,0.0643896556448278,0.0334209339437302,-0.050333352108443,0.901290862024999,2.77718268292214,-8.75332696982201,8.01329856210462,0.696220948230509,2.88436281288216,0.533422888090586,-1.5798846950334,-1.273432572527,1.78677032826062,-24.016530886906,-14.1051651505782,-0.676454841400698,0.756114565340102,-2.9873187257921,8.77152972128035,-9884.60314110458,-8339.04171867837,-8338.31900130117,-8338.31900130117,-8338.31900130117,NA,129.305345584684,0.111926609346135,NA,NA,1,"best",0,1,-8338.31900130117,1,"best",65
66,"logit_random",0.0797683872292065,-0.0264982509047542,-2.15592763324243,-1.94851104243332,-2.9373831036437,-0.540170377244442,0.0360410053572109,-0.398734401519539,0.399100273011976,-0.171143782564618,0.511703750747653,0.832944462768171,-2.65716363960502,3.00594220276683,-1.00283213581725,1.10883078138917,5.04981535528822,7.76241610053472,-1.20832250920574,-1.34154026298643,-26.5613198217818,14.266769558262,-2.53732611399357,-2.09338270438365,-8.6682861540437,-2.09856376895287,-9503.62835370942,-8357.81508792112,-8357.7627972613,NA,NA,NA,44.298448068035,1.05525924835812,NA,NA,4,"dup_best_test0_conv",86,1,-8357.76278044253,3,"test0_worse_conv",86
67,"logit_random",0.0759233214085675,0.0683559796552303,-2.05941245024302,0.350493364941062,-4.8852262925927,-1.17424293650386,2.18988863108768,-1.8905761812913,0.107401158234457,-0.387463441285575,1.18614746827374,-0.0904398785751439,2.09314020684455,2.48590712101346,6.75444542395132,3.22890318937791,-5.27083000600538,-9.52797761617366,-2.0810461605971,-0.0824137480407945,16.5510096472343,-4.04419100544854,-0.341440564872143,0.854461117493499,-9.85175970274337,1.10849197965634,-11238.0670911029,-8377.44414955535,-8374.44646469065,NA,NA,NA,497.061350277325,0.279222257184712,NA,NA,3,"test0_worse_conv",0,1,-8374.44646469065,3,"test0_worse_conv",67
68,"logit_random",0.0433048162459998,-0.0732333714774815,-2.6300115385979,2.14128715520123,0.828701577498827,0.770928804662121,2.65934700610061,0.85170133413308,0.470878677575989,0.0695577277390476,1.31768534485383,-0.613741046066948,1.37421607649974,0.326826521770662,2.38875473600308,3.27446407755311,-2.13003398487087,-4.31626584676991,-1.44025374391009,1.21742315180195,-34.3498740178147,-10.1011861210235,-1.29738106383823,-1.02074986081187,-13.2583006428889,3.8224622645874,-10061.6114341215,-8386.80375694086,-8385.52143862347,NA,NA,NA,148.387992789822,0.0953279601094751,NA,NA,4,"dup_best_test0_conv",21,1,-8385.52081061888,3,"test0_worse_conv",21
69,"logit_random",0.125713653108497,-0.0104038614473993,0.463730570646386,0.28652093128453,-3.71534771992134,1.82092784553386,2.34539958902239,-0.0965926596140899,0.12739801284699,0.174021032851965,3.02285730011023,1.62055017823408,0.247274666090155,3.87669016523902,-6.51246439918572,5.23213936314263,-2.74486957929753,-4.47358694180685,-2.11445021845321,-1.42827512211333,-10.084707996358,41.6306272200298,-2.53792495907989,-0.139792079990529,0.746144486542488,2.9281971846818,-11011.7436639105,-8357.87423024519,-8357.76281296238,NA,NA,NA,73.4989951679847,0.592944346077097,NA,NA,4,"dup_best_test0_conv",66,1,-8357.76278044253,3,"test0_worse_conv",86
70,"logit_random",0.12657624251903,0.103994699647092,-1.14491478378901,0.368374201076144,-3.1117442491797,2.51651565831306,1.82256229886162,0.34723351113336,0.0607174902543087,0.0102326709703007,1.50950122176638,-4.28768591855765,-3.48570426085929,-1.49841717255847,7.81137165431384,3.3378219995353,0.0122027955115938,3.01734730558745,0.933031793431273,-1.96953148043636,22.5016462992132,40.7966822020183,-0.6780980490195,1.36434776859714,2.42894210681999,-7.4982377585225,-9665.47624665464,-8388.87172270757,-8388.26633388743,NA,NA,NA,58.1018924542785,0.0729204309377579,NA,NA,3,"test0_worse_conv",0,1,-8388.26633388743,3,"test0_worse_conv",70
71,"logit_random",0.0292875232460247,-0.0778891218650225,-1.869414498319,-1.98310484790659,-2.60066720437639,-2.0360763636674,0.728309411681821,2.2808916621526,0.343414684239349,0.0936136846599639,0.282461739027706,-0.913401290729428,-6.93328924169074,-2.44885991988461,9.71161677453582,-2.11820109215265,-2.14324855344808,2.61079269825338,-0.608299198176907,-2.80678556826312,-15.1049035837338,5.32624089918748,-0.709702298239799,-0.997034280529714,-5.2834858382679,-10.375271317713,-9538.39720743373,-8396.16272630083,-8385.14144889339,NA,NA,NA,228.802404892154,0.298818932066352,NA,NA,3,"test0_worse_conv",0,1,-8385.14144889339,3,"test0_worse_conv",71
72,"logit_random",0.102914700294767,-0.0613425957885427,0.218360678445266,-0.274911417122382,-1.92659682002625,0.801868460013177,2.89731334174858,0.1475973736988,0.142220650797195,0.0981859431276284,1.7019159837495,1.42495370429788,-2.96953026164999,-3.36397222904762,6.83354248566579,-0.516934503180518,-4.17884030451607,4.06992824842127,-4.23727165574982,0.589938803237471,-7.24369785791154,15.8859879225912,-1.13027991323792,0.637459694846977,-9.89054151421256,-1.59315049900845,-9214.73314526782,-8373.09614247277,-8373.08264392277,NA,NA,NA,31.1007519270642,0.0451764554342818,NA,NA,3,"test0_worse_conv",0,1,-8373.08264392277,3,"test0_worse_conv",72
73,"logit_random",-0.0522686955865473,-0.0455719272105247,-1.10248726999012,1.2609032119878,-2.93329043344559,0.175128912313568,2.36045710904014,-1.93487132019992,0.0745186550082722,-0.0307340089412346,1.72380444869838,0.0443762122433898,1.37717165303789,1.01440975768752,3.77358837645895,0.480115986231377,-5.62433824267718,-2.56961248762111,-0.723264968054748,-1.0582276487974,-23.1214957674525,26.4441057714229,-1.55098464586011,0.114292542301055,-10.0775361453918,3.82670990400688,-11372.2447548436,-8383.77824263662,-8377.36339067403,NA,NA,NA,741.918748974049,1.25939868272608,NA,NA,3,"test0_worse_conv",0,1,-8377.36339067403,3,"test0_worse_conv",73
74,"logit_random",-0.0372954799313842,-0.161919332546282,-2.00553730881522,-1.08388741293098,-0.980270693906384,4.41098774398363,1.05949127372332,-0.648981842458144,0.944903660804152,-0.330024393098958,0.528548219629419,-1.51882010124968,-2.75914080528498,1.4113167432932,-1.50788808457146,-6.1121840902893,-0.122644201904888,6.8644339138495,-0.329634950010144,-1.81128529308847,-13.2210585441799,-23.675827576835,-1.12796188343717,2.59483912223472,-11.4032277364359,-2.39105296051211,-10130.0572415376,-8430.82112316779,-8430.43039961675,NA,NA,NA,103.641809148126,0.0488281897552599,NA,NA,3,"test0_worse_conv",0,1,-8430.43039961675,3,"test0_worse_conv",74
75,"logit_random",-0.153050627942718,-0.0771646344974268,0.424881296420067,1.63789162630887,-3.22334723582795,0.738335004403566,1.38048480885375,0.255155517688299,0.523918290462242,-0.170344523712095,1.36248054786456,1.04704709715086,-2.33183574458915,-7.35981370966494,4.40809824449971,-2.30113816006065,-2.8086020906564,-1.45882927623912,-4.02268921198658,-1.29697839431053,-26.11375791342,5.50478089687541,0.349167275961045,0.904506673494481,-9.38303263618909,-7.13346692991418,-12669.1132226628,-9893.56584991367,-8388.68885199966,-8386.22472135023,NA,NA,873.318010498037,19.5519868902436,0.51944358902835,NA,3,"test0_worse_conv",0,1,-8386.22472135023,3,"test0_worse_conv",75
76,"logit_random",0.0761666265156795,-0.0638845190171944,1.43879791078153,-0.894849052182981,-3.58468535976921,-1.82121039288514,1.920616420483,0.250463458679348,0.57551248201261,-0.325372017175525,1.01818430231762,-3.53642102998899,-9.02284615370449,-2.80817672992904,10.2673912408573,-7.5526091627806,-8.59068164761627,-0.125460193314984,0.545013671938308,0.0686696389965729,-11.6772430207866,-19.1729823266768,-1.2801382117567,-0.247144911035607,-8.95327593673538,5.75001454364228,-9525.73403871127,-8365.78972877725,-8365.05737475454,NA,NA,NA,51.2173589950488,0.202864369514824,NA,NA,3,"test0_worse_conv",0,1,-8365.05737475454,3,"test0_worse_conv",76
77,"logit_random",0.0419098811841374,0.0330202746039499,-1.9754633884485,-0.152840542432432,-3.89502504032209,3.79936351846284,0.854571357445618,0.631873196319549,0.795858350217458,0.110217422363918,2.97023330804677,0.44815352450837,-4.80099973326909,-4.4211463788418,5.53048433987253,7.30605648749601,0.661504624159675,-1.21566981419581,1.85140203805017,-0.347248940494499,-37.7255972684075,8.39136283736384,-2.45223215486425,-0.885851343775611,3.5044993209128,0.85601681249675,-9549.49368705973,-8387.0268627131,-8386.9489490473,NA,NA,NA,22.5198453599262,1.17389324422482,NA,NA,3,"test0_worse_conv",0,1,-8386.9489490473,3,"test0_worse_conv",77
78,"logit_random",-0.0945672665525904,0.121259805967769,-0.998786809627281,-0.961175995140107,0.0360119375206276,-1.83259046935608,1.35022245201424,-1.9298690406464,0.43479287462774,-0.276572294272323,5.32203947397149,1.74704622073349,1.43519313290927,2.14578582952805,9.06008245596849,4.57589121790214,-3.08347427744172,10.8799916227872,-2.02201476753546,-0.640697100994076,-10.7170819689363,-8.64837383115862,-1.12359659406252,-0.167201535345568,5.24717862967501,3.86834031288243,-10702.8128044926,-8354.07346517375,-8353.97197150656,NA,NA,NA,38.6760001822411,0.0644352005346425,NA,NA,4,"dup_best_test0_conv",79,1,-8353.97170510813,3,"test0_worse_conv",79
79,"logit_random",0.088154564816014,0.000886139041768034,-1.48475141942055,-1.20821480939078,-2.52148771808797,-1.43905748797153,0.551224166562043,-0.202243134382928,0.0273108750440436,-0.460279899852419,3.02206781879376,1.71811641093045,-6.09883740365363,3.48279875579798,-1.57325442492179,5.33607203327549,-6.41351773512546,-1.15934768758657,-0.834921083177493,-0.378526138022957,-12.5191148533098,-32.5821417757554,-0.655990031413417,0.258041068173184,-9.04095574039466,10.7245350760704,-9212.90880180395,-8361.35188647345,-8353.97170510813,NA,NA,NA,115.319364852147,0.0812685531717475,NA,NA,3,"test0_worse_conv",0,1,-8353.97170510813,3,"test0_worse_conv",79
80,"logit_random",0.0237161030504773,-0.00427929812041162,-2.3084567866566,0.835808723936903,-1.78452397090197,-3.01128735445324,0.938001100321773,0.128842200614514,0.358833671457453,0.0676536435345268,-1.03374310422634,-2.03539847715081,-3.43982018466955,-0.712439967509196,5.38418742904209,-6.34181499950168,-2.65112089843864,-1.56406138092765,-2.43444016426498,-1.38090112792767,-18.250132882933,-8.04746373611126,-0.612755078961554,-0.0615062425252534,2.76314228197106,-0.98599385562136,-10228.7762457837,-8395.64914565159,-8395.19199583919,NA,NA,NA,95.9183031761888,0.0504794989921656,NA,NA,3,"test0_worse_conv",0,1,-8395.19199583919,3,"test0_worse_conv",80
81,"logit_random",0.186084014114633,-0.011806933801092,-2.22909352664252,0.375857285343764,-1.48958382025844,-0.457799749455904,3.09604462478191,-0.542525284666169,0.318227765840294,-0.295040483343655,2.88791747713932,-3.40289307598539,0.0406959522757266,6.97466258059758,1.3477033573667,7.13665352979669,-15.2989463620321,-2.84098726637776,-4.26937944287033,0.27862100639101,-18.1050530142668,19.7833481487317,-1.04097697184426,-0.390676882887213,-4.41376322449956,-0.128440329020572,-10829.6731829276,-8385.79914340547,-8378.67790059082,NA,NA,NA,156.980718602844,0.211693896305579,NA,NA,3,"test0_worse_conv",0,1,-8378.67790059082,3,"test0_worse_conv",81
82,"logit_random",-0.0558507528644898,-0.0323520231771172,-1.29693888480795,0.480118645812039,-1.70423881447423,-3.12710056601554,1.55851790968144,-0.332036781518176,0.456926093079648,0.119337178744428,6.32696578321846,2.81741777691023,-3.16677699015726,-3.27690971790273,8.68959156241317,1.65872152754159,3.12516038337566,-3.30251619615216,-1.42041434612434,-1.60112104765494,14.2181769381177,3.88395852302421,-0.134870900456184,0.335045696827656,-12.3968175961578,-0.322066493122854,-13103.5412580094,-8406.82512982173,-8377.40307620772,NA,NA,NA,1119.30666599907,0.294590025997283,NA,NA,3,"test0_worse_conv",0,1,-8377.40307620772,3,"test0_worse_conv",82
83,"logit_random",0.108289336790135,-0.0329162968970467,0.220589082080449,0.0939854883401116,-1.44001080169643,1.6817428213586,0.520727036588184,-0.330634212914996,0.0897920808342589,0.0491286485946873,3.58743297841142,-0.505734505304582,-0.815223497098223,-2.96687550255659,-5.83618807682768,-10.2242369836287,-13.3602834638547,-6.84689716023442,-2.99612667833223,-0.206360831251081,-1.81468126212195,-13.1057814763649,-0.284593517077163,-0.00918157725482264,-2.082116756451,7.62935853526608,-9674.52021048618,-8398.21145996797,-8397.6762032952,NA,NA,NA,113.589518551699,0.026681809330653,NA,NA,3,"test0_worse_conv",0,1,-8397.6762032952,3,"test0_worse_conv",83
84,"logit_random",0.144159475838779,0.0720930014928528,-2.277216266826,-0.381170950055125,-1.89374398555076,1.72934747682641,1.2227077884887,-1.55521315558937,0.483684695780366,-0.25345184789032,6.20125041740354,-2.09095756579132,-1.70913802657155,-3.85051801914631,9.05186636839812,-3.67874971174275,-0.230463417837944,-1.28431672492353,-0.675135312722163,-2.57127918119508,-14.0907959931022,-9.22338147421286,-0.926101136958105,0.00475453349836444,-7.71183606234648,-2.11706253487991,-9188.70315522778,-8394.67547009813,-8386.0601777141,-8386.06017627303,NA,NA,179.947709239327,1.04436828548209,0.161756742930747,NA,3,"test0_worse_conv",0,1,-8386.06017627303,3,"test0_worse_conv",84
85,"logit_random",0.0542405461775562,-0.000175917501881836,0.134570875045685,-0.0351756337940915,-0.214954113482072,-1.90686317871603,0.818593356353154,-1.05219681822633,0.305050251987775,0.0194080541234176,5.11940535444795,-0.457425338806385,1.07631462848495,4.06450961297184,-2.21909346385989,-0.13524711364626,-2.97753352194449,0.515778652609326,-0.227437233937899,-0.378013727867937,-40.3283134172505,-22.49657829171,-0.00766343710729966,0.422166711601252,-13.0361736082294,1.20918119587014,-9957.58681681696,-8420.79557857291,-8420.66992633689,NA,NA,NA,51.2550282051547,0.305298196339512,NA,NA,4,"dup_best_test0_conv",93,1,-8420.66912095976,3,"test0_worse_conv",93
86,"logit_random",-0.0188731612378593,-0.0486931825042746,-1.31282862791375,-0.340538806322272,-0.994301953849308,-0.759897348455608,0.484102082509611,-2.74379811954188,0.627210644869579,0.261195358288268,3.90793962261979,1.97183269952129,-8.67093178568153,1.90917941246585,-0.578333975592981,1.23101153150984,-1.43537156749767,-3.55801834742828,-0.200213219389152,-0.590610583467337,-42.5514486912169,4.51199126842359,-1.17279353799373,-1.55456098731894,-5.98452800378447,1.00526453791518,-10621.8901319401,-8358.09703570405,-8357.76278044253,NA,NA,NA,113.290660535349,0.840381291901191,NA,NA,3,"test0_worse_conv",0,1,-8357.76278044253,3,"test0_worse_conv",86
87,"logit_random",0.0965307147654571,0.0235622096088778,-1.3822864445268,-0.347828376836624,-3.70238772326355,0.946550686055315,1.91615268934409,-1.87712269668805,0.238869089389543,0.000355097528935064,3.55626691710814,2.93012747802761,-7.43965057276118,2.16600312683061,-0.608132808401741,-2.58917735582419,-8.82374122526828,3.28187554501513,-2.17243970493808,0.536807719002178,-23.9147757279665,1.46340808319131,-1.47065080749944,0.0065373708257129,1.21322429092401,-2.84898271191695,-9995.49142418072,-8375.01682574116,-8374.66768760808,NA,NA,NA,46.4818305012785,0.0810575061254488,NA,NA,3,"test0_worse_conv",0,1,-8374.66768760808,3,"test0_worse_conv",87
88,"logit_random",0.124050688254958,0.0657958998255164,-0.795804018623693,0.19866059213596,-0.690306183916391,-0.665651102970559,1.96789742529074,0.268878885078153,1.04254664702479,-0.108773756482241,0.154002579100441,-0.811536238128596,-8.54229345838504,-6.55773610332861,9.88286972697337,-0.639730697492277,4.65408740817378,-3.63828334628686,-1.10998100407383,-3.09712231495076,6.76689285741034,-7.2241036296472,-0.315327150833177,0.765767789419898,-0.546542555332443,-1.85277021303838,-10291.3659325468,-8381.71060298947,-8363.1259840321,-8354.51182791237,NA,NA,205.972914236459,70.3328608431652,0.0427710341826735,NA,3,"test0_worse_conv",0,1,-8354.51182791237,3,"test0_worse_conv",88
89,"logit_random",0.0751574480158953,0.0268617544417183,0.0654350449646162,0.182394897161798,-2.82439842532918,4.96119760821047,1.94675167932508,-0.293912013901039,0.52297834203603,-0.237417692567784,4.1692517834161,3.02118518336846,-6.88687864159747,0.88606631846378,3.46790439867459,-1.86056684286043,-7.09479169313465,-0.483769816638557,-0.278766291106482,-0.54605693564566,-14.6970509196195,44.2362534042507,-0.502864481638997,-0.332117778643291,-15.5733409471391,-2.05804928872039,-9484.10922854646,-8351.17104360572,-8349.48391502659,NA,NA,NA,68.3368789580537,0.0109457294591491,NA,NA,3,"test0_worse_conv",0,1,-8349.48391502659,3,"test0_worse_conv",89
90,"logit_random",0.0412220284986438,-0.0695215998557586,0.405170897938754,0.0404509404199928,-1.4381042984588,1.39093187789326,1.64000729466594,0.0826268388060899,0.356281765839609,0.17662456248889,0.810568762589622,2.73467936417962,-7.02445233049698,-0.448822795989631,3.97600150456191,3.7440044065873,-2.42442596246586,-5.37160088734446,-0.984017013200985,0.338357335928722,-31.7696546260986,22.4719478654308,-1.8444219799019,-1.54285407327927,4.29429302830897,9.51927884766629,-9324.5571807049,-8384.82876062711,-8384.65020580337,NA,NA,NA,40.112447643018,0.62856854293761,NA,NA,4,"dup_best_test0_conv",8,1,-8384.64935491708,3,"test0_worse_conv",8
91,"logit_random",0.0687669505573184,-0.0806365622541118,-1.38572561955021,-0.479952093904229,-4.93860675437272,-2.3776764064901,1.35201461374813,0.530673549471555,0.0192571249172779,-0.360657431165173,0.370044859260657,3.20217537094932,-3.44930451607784,-0.637122950116727,6.83142921610594,1.03936938540875,-7.84010742425429,-0.556598865876257,-2.90943281304785,2.98155026365251,-9.68364251189885,0.49947146332791,-1.57548044133199,1.30729732701778,-14.650824487608,0.458031955386754,-10002.159201121,-8386.23544550412,-8372.97556615518,NA,NA,NA,1410.69957541343,0.244976558770175,NA,NA,3,"test0_worse_conv",0,1,-8372.97556615518,3,"test0_worse_conv",91
92,"random",-0.411438444428943,-0.696924403836978,-0.734033866856918,0.0958732708531415,-0.051737920316562,1.17304648585223,-0.66897773722257,-1.07295505737889,-0.136229172420009,0.348041281138606,-0.221968010096157,0.299241426971716,0.454401675032311,-0.923858098564775,0.354571682509618,0.00936709848649227,-0.0399761130570268,0.554159568241221,-0.0136656758399007,0.804428102061457,-0.121124649923145,0.307340088964466,0.514284596755453,-0.588641408523314,-0.186898964331672,0.376065246298268,-11338.9101900476,-8398.62265443391,-8384.59027629439,-8382.60922701975,NA,NA,395.228989644673,32.3114794270946,0.222429285395052,NA,3,"test0_worse_conv",0,1,-8382.60922701975,3,"test0_worse_conv",92
93,"random",0.31192601720029,-0.426079345491125,0.661786152897481,-0.367896578469455,-0.413977918722557,0.334083620780508,0.00627021500379709,0.712088431155855,-0.427210931165198,0.705095126391363,-0.26539430343859,-1.1220382904805,0.233152834279134,-0.0331900458712315,0.755086472647669,-0.818901257428868,0.974962047229528,0.581584998511181,0.0715239276301048,-0.205508323618824,0.118225283930754,-0.200830628483878,-0.0720143568085672,-0.35820655753624,0.320907468851082,-0.60604737717023,-10963.858805596,-8422.38284602345,-8420.66912095976,NA,NA,NA,206.129025013646,0.101715707056888,NA,NA,3,"test0_worse_conv",0,1,-8420.66912095976,3,"test0_worse_conv",93
94,"random",0.248445438112449,0.962497780749347,-0.301721066027719,-0.345335389542844,-0.302176155334989,-0.0912656532734356,-0.557944909957053,0.504698736139183,-0.0642943963159929,0.0174158053861549,0.0557253145027175,-0.10464570538632,0.184913155916068,-0.245258852577343,0.094955530268794,-0.270053293855871,-0.432340632892357,-0.743145029021405,-0.549051762948957,-0.420041953783075,-0.737572425156919,-0.296714080995009,0.0442449645849493,-0.251099070042491,-0.191219219150132,-0.561672073736447,-11282.3215407236,-8391.37597813439,-8375.73219679377,-8370.98049979849,NA,NA,232.068159165544,24.1548431550281,0.119458006202679,NA,3,"test0_worse_conv",0,1,-8370.98049979849,3,"test0_worse_conv",94
95,"random",-0.362393592877076,0.244917739841636,-0.440429019418667,0.446871385998453,-0.304557137589725,-0.0637471145738942,-0.0623614660328705,-0.324708538235396,-0.492425170758406,-0.138620798436517,0.185476561310344,0.425698610189967,0.258855330017691,0.186329348112501,0.483943326586459,-0.190371193945883,-0.296672629606895,-0.234982950579381,-0.653191909446933,-0.534153500936877,0.734814159153635,0.630315827131052,0.0463151741974092,0.192727261474618,0.95853698043249,0.0249462012289455,-11929.9765385705,-8475.75290915178,-8376.7930628138,-8375.97633210837,NA,NA,2244.19707174382,67.430819137287,0.0388846675401999,NA,3,"test0_worse_conv",0,1,-8375.97633210837,3,"test0_worse_conv",95
96,"random",0.974167328804263,0.188362383424978,0.339003273817181,-0.275805634183396,0.162609510219596,0.408367459981828,-0.693367359701218,0.319691698764493,0.274717929792466,-0.509890207819765,-0.141934387165285,-0.294777627602413,0.271244021172891,-0.450459703677004,-0.14986229916205,-0.207449104916371,-0.286459406087792,-1.03151970965042,-0.0256077644935973,0.222483931426367,-0.430594714795705,-0.0215483877385856,-0.186563794775453,-0.253797914663603,-0.376412523421629,0.141067036910387,-29978.3198952405,-10000.8590334888,-8392.9147980471,-8354.63108395188,-8354.63064062986,NA,559.500327492056,331.797030061795,14.9206447027648,2.10101732139753,3,"test0_worse_conv",0,1,-8354.63064062986,3,"test0_worse_conv",96
97,"random",0.0243714461139861,0.209471401516149,-1.02684135475017,0.387925655828462,-0.373168843436521,0.683950801969788,0.38638583765458,-0.171674731575352,0.630895894641674,0.277810485820202,0.148985694057655,0.379251995148481,-0.176814813575045,-0.173666106628369,0.69636781995848,-0.39876378681399,0.151885878052085,0.864829885443701,0.898885360788345,-0.438974935087085,-0.14319856303378,0.450045587508261,0.285557903669428,0.0457298428354943,0.207387486597223,-0.789990639705142,-10329.7150290495,-8354.78106983933,-8353.93898701392,NA,NA,NA,72.6765038191894,0.181975169002499,NA,NA,3,"test0_worse_conv",0,1,-8353.93898701392,3,"test0_worse_conv",97
98,"random",0.244916468545395,0.183204917690315,0.0206392254928025,0.623039806283704,0.569654879203826,0.314480357327436,0.685375342202779,-0.451571241384472,-0.271460838049678,0.220740495988037,-1.2419861371517,-0.0693653849660937,0.338101687903219,0.601068939828636,0.22927565303646,-0.837702599279491,0.33737289513772,0.552981598307208,0.244378317137632,0.287366343122798,-0.380045709397992,0.575611567013165,-0.300864525437949,-0.312345770406806,0.876103973642565,0.130463959279149,-10972.5154296951,-8368.24912949935,-8349.48542975206,NA,NA,NA,325.081046513554,0.528395166379588,NA,NA,0,"pruned_test1_too_close",89,1,-8349.48391502659,3,"test0_worse_conv",89
99,"random",1.02048694176939,0.376859570898723,-0.128519820227424,-0.373120959419306,-0.307419887395944,0.139852162836532,-1.0367018349656,-0.676067285971745,0.935168028537282,-0.24699221475651,-0.286497518654066,-0.069456333736303,-0.399443485817648,-0.135659004491587,-0.140975667569852,-0.749078472955562,0.323588631819137,-0.51061707020827,-0.43322934904206,-0.1933165691516,0.232362776746601,-0.177074604575433,0.214530313191475,-0.201571395945037,0.473017502736737,-0.219970474437428,-13615.4258624774,-9086.66838470152,-8398.04443244937,-8397.67616886829,NA,NA,2819.85124464504,44.960778938866,0.0505488899963936,NA,3,"test0_worse_conv",0,1,-8397.67616886829,3,"test0_worse_conv",99
100,"random",0.586027588327361,0.253278936826767,-0.580133800859102,-0.899422823891779,0.84749019641633,-0.0654823011637928,0.0274965744340925,0.321949217773442,0.134440041004829,0.140037099951896,0.131774377963925,0.119829290633847,0.790162971643232,-0.527518486109044,-0.18046764517433,-0.395277017266277,-1.30306995809508,0.396474146740248,-0.0113954197561136,0.511788340475952,-0.478437208399991,0.289662143475432,-0.434543231992202,0.77352470588473,0.120646540917585,-0.238619046283849,-12467.2763964761,-8376.0885312358,-8352.9967608191,NA,NA,NA,1497.41738845137,0.45170857172195,NA,NA,3,"test0_worse_conv",0,1,-8352.9967608191,3,"test0_worse_conv",100
101,"random",-0.342254561685454,-0.32179604774486,0.348893304453467,0.187788695006295,-0.0528318098391975,0.0162127506563999,0.591563873362156,0.172837247983156,-0.0960948985312214,0.0974767948482669,0.525798049355235,0.712259151371929,0.277496495021756,0.851544887994166,-0.136886529893261,0.144188918456333,-0.640316514889636,-0.309432102924432,1.01739904228863,-0.949826066233257,0.272984866159645,-0.576615067767822,-0.0791810018336968,-0.209372814013126,0.861715847520321,0.406540634982279,-11588.1581706509,-8384.08406522092,-8381.81507174024,NA,NA,NA,92.5178848508781,0.0116141795388176,NA,NA,3,"test0_worse_conv",0,1,-8381.81507174024,3,"test0_worse_conv",101
