"Class_1","Class_2","Class_3","Class_4","Class_5","Class_6","Class_7","Class_8","model"
-1.48195289454109,-5.09441152460048,-6.7341846237974,-7.31491413658165,-4.82779029474319,-7.65224699111947,-6.74153397824901,-20.1903239107112,-2.24825806102588
-15.2699333331974,-13.8140422961991,-10.9930905612593,-6.76009646693928,-8.88171090554609,-94.6878319418304,-8.80460064050916,-18.0906335558261,-7.69085036665426
-57.7370779489186,-37.6750621554482,-40.2033815702387,-21.9962881587279,-36.1012480054154,-223.768103108058,-42.3900695545986,-75.8892665754936,-24.9550662367588
-4.60621332661667,-1.67369145976061,-4.95378579389822,-3.39557923444416,-4.16143978431163,-2.4465805794479,-6.85312906589392,-4.25393276927157,-1.9506485161018
-30.0585753553367,-13.5703985476431,-9.21840601858413,-14.4943935019011,-24.8166860009782,-54.0781109383092,-22.7797398007801,-71.6500829932447,-10.843354668979
-7.12478460583277,-6.55221139271969,-6.99645448407615,-4.38028178809963,-4.03631275999503,-28.0103106547317,-7.31019624313391,-7.87935736315905,-4.53524295302703
-18.7059210600211,-25.9467228897159,-24.3110784549072,-12.972755384307,-15.9205706675067,-150.625111058454,-15.3469447260714,-14.3927426988545,-14.7845978941164
-6.56246987707142,-3.64817767394485,-4.43836902334767,-4.92603347054445,-5.76693743585514,-8.10680440611802,-7.05255587957922,-4.8975293947904,-4.00638571749142
-7.04085446240517,-3.32793770243108,-4.71443333580981,-3.01348331528409,-4.31811518157701,-16.081521551963,-4.88448236583024,-8.57152257793608,-3.35011837255128
-2.07407355707211,-1.73517294314204,-3.66980446304553,-2.62450438812022,-3.05738719731942,-3.8483179491451,-4.79739528650188,-6.30911248903546,-1.98145394210297
-4.30135859453634,-1.55836681221713,-2.48600481967892,-3.25299093752515,-4.50038675296794,-0.167638980367325,-4.52041497719177,-6.99478801239881,-0.678010210527889
-10.8209694238575,-5.48981174569298,-5.52870945690254,-8.36966167225783,-17.2000151867537,-15.6057768911931,-7.971030925394,-15.7394297323824,-5.85952057048161
-3.61530257447643,-5.72398129787019,-4.41268300673607,-5.09712273818155,-2.83630748213342,-25.328081497376,-6.46094605885763,-17.684443169486,-3.85029366382895
-8.74884621318612,-13.4452064970797,-13.681645235346,-16.426211247182,-10.9658096855837,-28.9051757649726,-17.1500736617884,-51.2368917294269,-10.639969041981
-11.0593257060021,-2.95132676190171,-3.16705122148156,-5.92116042355875,-8.90948254628803,-6.9478326095277,-7.78783385887056,-18.7577897545962,-3.41433018959079
-24.3494915688503,-5.36472769999681,-9.99978836368309,-9.7819606092184,-25.7027899323863,-18.2557887409343,-26.3801259502356,-25.1102676929411,-6.6740196505074
-17.4039252302949,-8.50741337847776,-8.77601686498473,-6.01293630366814,-14.686594507088,-30.049288334815,-8.42809306214114,-22.2954721062253,-6.84504198265151
-11.8659802453338,-2.98433329273651,-2.47969692659133,-5.13670242627554,-11.9979173084171,-4.47432101758631,-6.62190612246997,-14.169547976426,-2.86914093023651
-5.05663491157058,-2.11180471010349,-4.55828250973119,-4.0596513552871,-4.07016514828149,-11.090956299069,-6.00210120987594,-3.73212690018426,-2.46278991797189
-9.99313548204955,-3.41780815629525,-9.83889815644168,-6.74078290581602,-7.46171002696209,-1.84313102709105,-10.8449432491025,-18.2748321795048,-2.91844047286482
-2.37160730080027,-2.91682635082085,-5.85215637116761,-5.4125602519907,-3.35610744478313,-5.58127880111293,-7.36935597869054,-11.0039035612957,-2.82349948531099
-1.20208853489923,-1.8137419920449,-3.26304055398653,-2.9742092709839,-1.88874393028821,-5.83793280811227,-2.95859602551284,-5.25754164637905,-1.58601426449635
-23.2660969071522,-15.1348715656573,-13.6209456107026,-9.83225185636742,-17.6717280226446,-66.6889671080073,-15.3622837462346,-27.5637667576629,-10.8312420609854
-21.4641407847738,-10.5391076643079,-15.3074480255477,-8.78105873275608,-14.8042444463734,-43.3400683114139,-13.4089034655632,-21.6186649191355,-9.89633506493552
-77.5709904204809,-44.588112645017,-57.1468189002384,-31.7380929983891,-63.8441462695128,-263.874547388781,-65.4587707204504,-12.9868825299913,-20.7940187566913
-8.57670193771919,-4.71625980482208,-7.60288865957397,-3.66963880820225,-10.2560730427239,-13.7751108332756,-4.51445956994032,-17.5894816555352,-4.16862849637594
-44.8933198720879,-42.8172449335134,-36.3825613549889,-27.4462610044905,-20.5397060518836,-216.53642191984,-13.740763924044,-53.5451346299804,-16.8445260711364
-1.93149168535271,-3.4554747446602,-6.04846701552053,-5.72799581034921,-2.2767498027778,-4.49965035572178,-6.67402857718283,-19.1470858558477,-2.59633207980926
-11.2955017852711,-31.5967297808502,-29.0816297122786,-25.5523480300229,-23.9072053925448,-160.06817464664,-14.2350370978971,-68.6594897924416,-14.3377422346204
-45.1654992728493,-9.91899131786269,-28.8797519126649,-19.7634572890498,-38.1088219892781,-3.75708757240449,-34.9214346881002,-34.4536971028989,-6.63403428363469
-14.7822137205808,-7.76195773889404,-9.76461366278235,-5.47948583817046,-11.807324743418,-27.9998785906084,-7.84527044244475,-15.380890090312,-5.99178472951803
-4.0826399161044,-2.81935861480012,-5.93145449911522,-5.0253883502818,-5.51386864035551,-1.23782222386597,-4.00303582883918,-12.9601467848236,-1.94315200951436
-5.40197753968169,-1.2642771172856,-3.71078780213401,-2.6712836703112,-4.47833789146675,-1.94600337431635,-5.25066246016528,-3.52625701129694,-1.53282839727535
-4.76526075937884,-1.84940612237352,-6.11928578754306,-4.19603113654186,-4.89520822500991,-0.993346509579213,-8.33896034292649,-6.3468651571753,-1.66259384107232
-4.27861625118541,-3.13000282158753,-3.22047550106059,-4.61170563541631,-5.37324829765661,-7.16797268918411,-3.32838853499087,-14.6201469154149,-3.36074466743299
-3.53867241443482,-2.41729540391187,-4.18388399988466,-3.33966865495305,-4.40839491462022,-3.98374587976628,-3.93304193849676,-9.24256617904894,-2.69378873102191
-8.67201350424919,-6.3995295873417,-2.78324834908052,-4.35643124577029,-6.86246320438296,-38.8504043893754,-5.84479130554603,-15.6025457175189,-3.34978383321261
-19.598360301353,-13.9370012311364,-14.6057164770012,-6.04972222764617,-15.7762386138877,-87.0958553682161,-10.5765442126507,-8.85301260035802,-6.98508341109501
-13.6483283936702,-9.56915040994358,-17.02164808475,-8.22541607373616,-24.79944665568,-23.060014309525,-13.291277786461,-18.4657038420794,-9.38495142455281
-3.22322046792382,-2.95069512807737,-3.88168140045924,-2.59508710606474,-2.81037169230459,-13.008479723913,-3.20422670626718,-5.23876240400907,-2.90244558902324
-5.41037798993346,-2.57411417745371,-6.68507339802022,-4.0765554667467,-3.82527850767602,-9.36685338213116,-5.45568633444457,-5.667656211861,-2.92393643725242
-10.298343909571,-8.78866488411801,-9.9862773969888,-13.9866736567023,-14.5034888737804,-48.3186393763937,-13.2336928480629,-14.7547956722618,-9.80957797696029
-5.6695041111096,-2.73066501384546,-5.73686021579076,-3.80752829359085,-4.34285206993607,-7.36981339069152,-6.68952413468203,-8.47304116256428,-3.10259023660825
-6.25563277408942,-4.93434060132382,-12.7577769092103,-7.3705517549924,-9.04794729842245,-7.2836166597043,-6.80171679962139,-14.9814972358768,-5.55068609896033
-12.7375622145144,-11.1690969375091,-9.91619017455806,-11.2945917993829,-6.5398266248802,-64.3000943559467,-16.541847774398,-18.462082890362,-8.496977886154
-4.68004173610964,-4.32680825422589,-2.26540899180716,-2.96522707489108,-3.02404106321504,-27.061617969452,-4.21570284561011,-8.58700234095586,-2.60511120682422
-20.1372538942759,-75.7088487641131,-79.9766357471771,-67.1282796373626,-33.6688042996495,-434.613529155252,-84.8868335642158,-91.2171201909326,-28.7974270267089
-49.9527368656737,-21.490089588969,-26.1659152082424,-32.5992296549196,-44.5437659907915,-43.9723083101947,-52.591702831759,-102.879516663749,-24.1677706939181
-17.0280945648414,-8.99569653289161,-12.6396361682192,-12.1948870501091,-6.40511760413102,-53.0917387686197,-19.0612634622891,-30.665988943454,-8.87024392494896
-4.29995526616582,-1.12388256968077,-2.41729388109903,-2.4117874090971,-5.01615447191648,-1.55665994920338,-4.38015332412734,-5.72112058051402,-1.3944229611081
-42.0675282894411,-33.5328128109497,-93.3056828281828,-66.6522457767928,-61.8128968110393,-10.5648629106274,-72.6338511843513,-111.705708648329,-21.1535282432831
-5.98860542642594,-3.42654672967909,-9.25943297958992,-7.3943051829369,-10.4590984785422,-0.194407644329479,-9.28951885195893,-19.6060243959868,-1.48339780387309
-28.8460664631678,-12.8254270473063,-16.2988109415671,-21.5218777070241,-30.4445664367978,-52.092706038416,-36.7343182996351,-52.0218237639981,-14.8393825109987
-36.933973709359,-11.5681615406212,-19.5015174221776,-17.759391077198,-29.8570736462411,-6.14229958662035,-26.7068621653982,-52.9770914944086,-9.24108876608417
-7.65844781333506,-3.11493482427163,-1.53157128096766,-3.49757547454688,-6.85786928330802,-12.4354990702861,-6.14776155669285,-12.445265725374,-1.9676373908444
-19.9154811227119,-7.34363570465439,-12.8132989520559,-12.1904521130702,-25.4099656032938,-3.27126710804083,-22.9677796723225,-51.1953099815848,-5.70279238135075
-1.97216497261812,-2.15368972361079,-5.52182118373609,-3.78517030561071,-3.13849204548621,-5.6625616861565,-6.40161802462244,-6.26885898901384,-2.2985527155706
-19.3901736393447,-9.88272087196279,-22.9060346619891,-16.7465309739879,-17.6306472454043,-3.54867832123186,-16.177970093246,-41.1606058531759,-6.121694051414
-10.2183130104872,-8.20389278929181,-12.8452041457827,-8.71392788188719,-11.8187453279143,-45.9501212543062,-22.1483155997294,-31.9030702533485,-9.1405609281189
-3.13308940102496,-14.2803389821843,-11.7769520719109,-15.736651852065,-6.94880529706261,-77.7209552348005,-11.9019223460862,-23.8253913635266,-4.84007535988367
-2.25529875020856,-0.949052343635268,-2.04548921474534,-2.35962631558647,-3.41233889855828,-1.3739938093422,-3.07331808895595,-5.01201724651223,-1.21176617013589
-4.89769601665529,-2.45196124679348,-4.82051606435749,-6.21723737147151,-7.75583624632545,-0.356957554154826,-7.3909058630102,-19.3028160018152,-1.46045812219235
-3.73802451623755,-9.48773445164197,-10.4132108953461,-11.5586920461546,-8.12948807477158,-27.5736119898998,-5.94919231930449,-33.1622310106793,-5.30036612447202
-19.0177799382892,-35.1774072060312,-35.2948109133693,-26.0977170100658,-19.6613172304598,-204.150680613529,-27.5965266686199,-54.5680711765292,-21.7794291091443
-4.11658085503009,-10.7193837031068,-5.13165233603493,-8.89225913901535,-10.97780135802,-59.556747190686,-5.89622073582934,-19.7786572465608,-5.01797073007789
-3.96352364116195,-3.50698495933595,-3.77002916393561,-3.48026206723115,-2.99573214202518,-14.3451203831056,-6.18156935646328,-7.76852847302709,-3.45617869366909
-70.1125908049787,-36.7721228799241,-70.9805786866283,-48.8606618936224,-65.0226131674182,-137.538982958857,-67.0191224486977,-50.3224893293692,-40.6375165587973
-19.4924326939588,-28.2478040356331,-18.8402482895448,-20.0372746061075,-7.50225426965856,-159.933349046048,-17.8007887928174,-35.9847189152244,-10.9181343525009
-16.6402251096242,-8.56310150720266,-10.2241971822524,-3.83163620978793,-14.0279469519126,-46.7342226074099,-10.4384373023111,-8.55823493556449,-4.34462250622738
-4.41440244446436,-5.65553003023333,-3.78546245628983,-3.13605109597682,-5.15624550308778,-29.5375963435739,-4.69296346999634,-11.4935650343809,-3.52078118832835
-4.16841862439152,-1.44911442429053,-3.56587251466332,-5.25562017738267,-4.19480490316629,-2.35456805020421,-7.86973829885519,-8.99686138408229,-2.00405617223806
-0.971650456423054,-5.3857811340937,-6.44867147374241,-6.37007263008219,-2.34574450895729,-13.3945332255767,-7.80744766750458,-13.0272716676736,-1.708296004932
-48.7444202299007,-38.1886396660584,-36.0931889394141,-35.2387807154051,-22.1926589807027,-163.77568592919,-50.4748520589025,-128.182849215954,-29.0761775086625
-7.88800984753808,-5.04945129909711,-7.22043395430316,-6.26153308780071,-7.10428264222913,-15.1931447088756,-6.05656714784866,-6.34500063584624,-5.49521007379798
-69.9547420354459,-34.0269135173126,-72.9147538374751,-57.8320532118607,-91.194551402234,-83.8524597815958,-107.360910740891,-103.74945555936,-40.7655584747296
-3.97005299196318,-11.4823373337593,-12.264205870025,-8.97216673742682,-6.29696807105931,-46.6047483436497,-11.1833306571309,-12.2331740216458,-5.08691157167154
-6.43540029087717,-1.58460225866011,-3.86585295505735,-3.22497731592869,-5.38920135697814,-1.9210454788728,-4.52801482901686,-9.07269624844023,-1.84431874483942
-77.645571275783,-54.0100608302477,-32.3231369085076,-35.4409879305956,-57.9896083014517,-249.59491569707,-49.3914860990058,-161.705635358813,-35.5286399923324
-30.5520687557487,-26.6280344200981,-14.5606510699822,-11.6703831838581,-36.8075744436863,-181.30023115362,-27.2802115766378,-54.3379647431213,-13.5914251305781
-19.8465793791822,-9.07340265813052,-11.5614489499148,-5.85983006351003,-14.9716990821524,-46.7775519548701,-14.8096626904603,-22.4281684957818,-6.79443541487285
-16.2192686937793,-7.82918822327812,-16.8208077629613,-12.6888138690956,-19.6756971989901,-2.63685232540639,-14.0404450453099,-23.2475492908746,-4.46177739541112
-11.1415976826986,-6.58541124157408,-9.0102455514596,-5.23657779292813,-6.64565416631646,-28.5415147740873,-13.2629128999852,-14.0064683440011,-6.11375541019422
-58.3761619514068,-38.3166898118603,-10.3602300407391,-30.1459993685415,-48.3590397894516,-175.351817685819,-26.6429040512471,-121.668252040142,-13.0213074643883
-7.27218021691276,-7.618897247859,-7.08915877484832,-5.75176262213089,-6.83822604205625,-47.4817639098951,-9.61282408280189,-11.0495910379511,-6.72746377999056
-2.12736424118838,-2.41697396945056,-7.59238800015828,-5.50005385091638,-5.06567648228807,-5.26881776600132,-7.71656714010826,-3.89996366512636,-2.64363765020828
-13.5029936207365,-6.84793110029499,-12.5040069418683,-10.4519825042021,-22.5782498219739,-0.960966144563061,-13.0505341459836,-30.8763230268511,-2.78692428848089
-7.4915622433353,-6.61410520788379,-11.2710197733256,-8.78960688611004,-8.16700592447573,-9.89705452992437,-9.32544853127963,-13.0897157302069,-7.23274691091026
-30.3943657013308,-18.9280862390825,-25.6983478492954,-34.0820442871928,-37.109787526018,-17.5584350070405,-37.4769263671079,-59.4841274959206,-21.182889602194
-1.78828356939473,-4.40710470639242,-5.88024932129988,-3.9219957180844,-2.17108630406236,-16.1124615881049,-4.76632181117885,-6.18511543088448,-2.22282637565826
-31.2118107471279,-13.2255797745668,-32.083869415665,-20.4179283055549,-32.5808709825564,-1.4060073274782,-27.772463984194,-71.9386528480034,-4.29904449225294
-6.72363533761277,-2.61262347358823,-0.719197524726138,-3.3076490399075,-8.17235400377113,-11.6753986527889,-4.50355105430414,-17.6282185168958,-1.065631011043
-6.34828687426957,-1.15552076870033,-2.94604644072891,-2.78883346276236,-5.64580294581115,-0.189018275082244,-4.84397983188767,-9.88251843941164,-0.694796059804182
-28.5811552317484,-12.3278486557504,-18.8738749057793,-16.7595241090173,-17.0162444308285,-46.8910297460229,-26.3059451573546,-49.7193964465704,-13.9663142391039
-1.96823761970053,-1.34901106159243,-2.90236495627202,-2.28358836039061,-1.68214430084892,-2.20479384051522,-4.21671054246113,-5.61701606154836,-1.60324564243679
-3.82202882926517,-1.1886815521265,-2.72714146811959,-2.85445078301403,-3.33297003325508,-0.279739595073252,-4.50222789250869,-10.2225155903477,-0.783800920926371
-22.5131606463449,-10.4297102647213,-11.8531249324703,-8.42539807049086,-21.6116840429358,-40.7420265978479,-14.6792705890012,-39.3635470994169,-9.7548243181163
-7.53497509620992,-4.55468981229342,-5.54610657831003,-5.78803845484929,-8.75963067399089,-13.9089792875738,-7.38318728707257,-13.8827662126875,-4.92263426709889
-4.50709099314851,-3.12890839417699,-3.49632670981154,-4.04736752410038,-4.39852855508668,-13.9026872457956,-1.90555429959581,-9.3925464310693,-2.5505918289095
-123.895653518471,-42.0441740315104,-25.7255887340149,-67.6305565988475,-89.0152270305389,-214.022144173023,-134.598189791026,-200.711713171625,-33.8844087109014
-103.726662725251,-70.3675668911091,-50.9562153664839,-79.1513394551873,-124.695300575288,-316.798150854798,-99.029989714973,-260.340990275216,-59.2206673909669
-11.6129815885331,-5.54358144495279,-15.7641850368705,-14.6888674651795,-10.5307472785622,-2.20943929637746,-17.3254391686732,-35.8882194772077,-4.86068969898614
-2.84151895242762,-1.44371480969463,-2.53959622199943,-3.52163051073443,-3.90724273243317,-0.370861640904175,-3.89266647477806,-10.6252512443419,-0.892891671764314
-70.2484191107053,-34.89245646787,-16.0820977875853,-43.6493828155546,-81.1027956477023,-115.336990890357,-31.97366739762,-174.297086379049,-20.0441039459201
-4.18778730885291,-1.77516503746052,-2.96505149077034,-2.99617427390801,-6.08400217775085,-1.2809708172768,-3.57754088761009,-8.21405066913992,-1.74230071853728
-15.999612628252,-7.60425317299873,-11.6994606461049,-6.71257392753227,-16.0888079683945,-21.5080651450038,-13.2111540437175,-22.3607655854367,-7.57165514502493
-3.86801197322957,-2.81035708328703,-2.38652553612445,-2.37896697356106,-3.34240107126098,-16.114703921545,-4.69081212956237,-7.33696561704606,-2.59500658513978
-4.24941357221414,-6.5566832216405,-4.84092878994646,-4.44862682299162,-5.0161923553521,-27.329941059241,-4.38124078278153,-14.3489675029664,-4.58117251106403
-10.6893997600344,-4.36310983951258,-2.6522010905852,-4.82181243029431,-8.28960789005892,-17.6611921537324,-8.80253998783089,-16.6668688861226,-3.14662360517593
-4.54219721010255,-5.7239124903346,-7.83345254027711,-6.77022282219516,-4.77320430707589,-22.26607335411,-9.51207145322362,-23.0063413932154,-5.26537666364044
-3.98002356511601,-4.70530725493966,-5.23781722855335,-4.06623021554894,-4.60370927049235,-17.6914568699721,-6.13240756845584,-14.0285909050426,-4.32652379679114
-19.646774992896,-7.2783550666221,-11.0517182153531,-16.7253078956448,-22.3995110989379,-25.6610677929904,-17.7877221239057,-25.9101992367082,-8.42310470141929
-5.41657357054021,-2.39997839307912,-5.77314600670323,-4.52030269757503,-5.71638822827845,-1.87180367559022,-5.95955744030192,-8.69735730636191,-2.46869004104528
-31.4268281834538,-9.59096228101514,-15.9613371168026,-18.4678500365692,-31.4237643375824,-30.5981771383383,-21.8007487861601,-33.8986970744389,-10.9555452168635
-17.5960514704242,-14.1509225555031,-14.0933650884317,-10.7955166597417,-17.5630922146229,-55.3052405963943,-9.93947889996238,-32.0810101158499,-11.3103936119287
-18.551001310872,-15.1609424000217,-24.775775100462,-18.0252531973788,-27.8435940864465,-63.9729047003621,-27.6815310690405,-32.7723130799881,-16.5774566996388
-2.57235122891331,-0.678439927067218,-1.8869149261802,-2.48638305976638,-1.98561321108999,-2.56796209877308,-3.7422948923046,-4.74342870896322,-0.948626189465603
-11.0410290348545,-6.49570422592626,-6.04224555181359,-11.2020275865173,-11.4895935558074,-20.6594891397711,-9.91273847565003,-30.8383590335036,-6.80187637251283
-11.2779637851721,-4.5548604658112,-5.94130964934287,-9.96246494323695,-8.00138861398381,-15.7678050959124,-11.4110197172323,-16.5239910064953,-5.45042881734303
-4.94663689271099,-3.98627623348666,-9.49444031721526,-6.36123879422359,-7.92593221676278,-10.0203494979406,-5.83585554594517,-19.847965207612,-4.53319418494209
-2.04388018935554,-2.65203533289752,-2.30951249971271,-3.6141133297005,-4.12866490883325,-7.74037792451499,-1.47116719501335,-6.83530256060995,-1.94478723193235
-6.1158492962921,-9.41148436137162,-7.40457769116754,-6.66835627437551,-4.78533643347829,-41.1283221033248,-5.94123752713214,-9.44900827601978,-5.86896830225727
-8.52700410271023,-2.26694022830594,-4.74233666097294,-5.38758660668306,-6.23271220270002,-4.54417176424802,-7.168363827542,-12.0830808498302,-2.85421845605727
-10.1509559068443,-7.70479060662605,-12.0083052107193,-12.8672357728151,-7.02830767148276,-24.7469199237624,-14.1138281276398,-39.1581951929735,-8.63127375762477
-5.40365788340166,-7.07912821426713,-10.9920796581003,-13.6362945934419,-8.77750981458001,-30.3186025441715,-18.4992293768791,-36.3230132664234,-7.00774977445328
-3.48252889272649,-4.34337878309365,-6.13933796763391,-8.43021245828959,-7.59423340899237,-20.7436570955019,-5.3367927948993,-14.6113808605268,-4.20579942619267
-1.54005396651281,-3.1029328357736,-2.77795653970091,-3.4180521308051,-1.7554895577705,-9.85429920575851,-3.41683919258614,-8.79304668217102,-1.86750682798543
-39.233987891987,-11.5472696864241,-13.7045606929861,-18.9799499809719,-35.8790175075628,-33.9275608843376,-27.976360517608,-29.7414611008856,-12.7873174081194
-1.13653976547585,-1.8462341244497,-1.5103306437829,-3.19857111673054,-2.21350725925996,-4.48310385383059,-3.01336252707983,-10.2690122437768,-1.45621795452757
-5.48274678412278,-4.03824746405344,-2.0769962228323,-2.73360497393964,-4.55961653127475,-23.7845245575342,-3.33118452087199,-5.3965360008022,-2.40805982813485
-19.3271440111694,-7.6799810475963,-17.8524721819138,-17.2785841341471,-18.5561867012743,-6.32842327574836,-20.8543746105678,-47.2891358175304,-8.55582411829307
-6.73171616895914,-4.11263833542873,-8.35013039667184,-7.12321555153789,-9.0940981440877,-2.78905969445585,-10.0647164812685,-10.6475634551391,-3.83721779984141
-11.4216165307308,-6.74078075278592,-13.1563705742376,-6.30728317519593,-12.9861485291703,-16.9833276675485,-10.9299996469705,-13.0358197149724,-6.92649085846843
-41.6231335055209,-19.7131718241476,-41.8159645766325,-28.4448920823558,-34.1793495187252,-42.0651107931688,-42.2836646800186,-31.0831161366852,-22.1747069145843
-10.6297735592434,-5.7555962151624,-5.73472476390773,-3.4721877891622,-6.9405672965489,-36.9486590860221,-8.46056664654268,-9.88870581159006,-4.01335025823061
-9.77181380517818,-4.69913945016574,-6.12927956961184,-2.62851810748392,-5.725823841844,-20.32578813049,-6.16652256348036,-6.27816529681533,-3.02384539900327
-103.770063149946,-55.186311781942,-47.1482471690532,-59.626283402717,-102.229653855545,-279.402944147999,-61.1759182380993,-161.630337378862,-54.0057021627936
-10.7022449766261,-5.65407852016508,-6.16825661111582,-6.93249474670208,-9.41689072255622,-17.9619634568021,-6.87959746995465,-14.5923038198508,-6.05613758219193
-8.15571452350917,-3.01671472157463,-4.93231446918337,-3.1903002365198,-4.40505184649862,-10.0686807199321,-6.3149644469038,-9.94874504379064,-3.24669961226634
-67.7278816434087,-125.756451465784,-67.3972659384471,-85.5872289832693,-132.423911563076,-604.577789359403,-34.5493478768735,-234.6709927862,-47.1295919616274
-39.9241741359571,-16.2512437875127,-18.4864773436258,-14.6279211544797,-20.4258783501623,-102.881456077503,-28.6008188593215,-61.6701511278765,-16.4131789123223
-8.54143296012665,-11.1393615966607,-16.2445832265333,-9.53474961648385,-10.1158737825499,-65.7235382505638,-9.44270097982677,-19.8421869279961,-9.47742717712415
-21.4594789202043,-11.6941814243728,-5.37305828115838,-7.66461093471566,-19.7625310371045,-67.7257724513859,-10.1157520046584,-38.3424805402233,-6.22030664676019
-7.00261300929192,-3.91777599212721,-5.09596558481697,-4.25708223480221,-4.20403154640957,-17.6650015318654,-6.01165260085138,-10.9716046010726,-4.22722008960114
-1.76939589268778,-1.86281894775764,-2.90415589235591,-3.15455219674112,-3.6419046032185,-2.36671941343018,-2.85329282190205,-8.07804712476276,-1.98528879484575
-1.75043794793474,-1.17637291772043,-3.61199381901141,-2.66061701008688,-3.35691818852541,-0.850048964193366,-4.18038279481079,-6.36289402931453,-1.25782792782514
-3.78076270567229,-1.40894283046572,-2.54561555941729,-2.90308291519142,-3.96764834409784,-4.70515827508281,-3.4410286049639,-4.96652375766941,-1.67901528263727
-19.6127596100469,-6.0732254492575,-6.57143748493239,-9.20045743424809,-16.9925022496066,-15.8699790714527,-14.9081994471916,-29.7510784866253,-6.75449569852671
-14.3351084218279,-16.4467148398842,-16.1976363444242,-10.4481914555903,-9.17872418286597,-85.8510963737091,-13.1448466214235,-18.8482185292172,-10.9294702846595
-10.0371914123321,-5.49416655107525,-5.76441800453543,-3.7169928606925,-8.18220305840605,-29.8949428583838,-7.09869530788616,-8.35566416176984,-4.25738905902645
-22.6003326454312,-11.9778132078274,-16.7431138077946,-7.4806109188531,-16.1096707645334,-44.5084725454623,-16.0851293624093,-12.5485008910395,-8.34135565804441
-215.184064922384,-126.524323243436,-149.386385689815,-79.5222863632893,-171.864186353581,-715.124306504331,-141.223179614693,-18.2032957373589,-36.8099244766185
-8.68407062274839,-4.51841167189979,-4.64783500064174,-3.24652715988199,-10.0095946808247,-25.5511179883264,-5.74099281547703,-10.418287418728,-3.81801978509793
-29.3813676129809,-16.5616442772364,-36.0322615227038,-15.1522340961157,-22.7555200192098,-47.4694040404187,-35.0981631243026,-20.666436756908,-16.7349841824537
-7.22031851784176,-8.81267933904392,-4.48475897226337,-6.16457276561463,-7.22934063700069,-37.9904201842337,-7.14001316891435,-35.1238518096254,-5.26907886343847
-16.3037802045059,-9.86648514433667,-13.9598273565117,-9.05338854015888,-10.3613967461289,-53.388313602274,-12.8749606434728,-12.6334995935255,-9.95638095871116
-11.2109835147779,-9.05963475202376,-12.9318910905827,-8.27511982432077,-14.7689531710135,-43.4591533482108,-9.39130923676569,-25.4926722114102,-9.21449383387823
-1.41815782704783,-1.6501639513303,-4.02649394804161,-3.1974738477297,-3.30862151014246,-5.68421123582263,-4.819050943875,-5.05145877719998,-1.69242136959935
-6.06546857047078,-4.67942289870548,-5.31039737407071,-2.88639528890154,-5.01439714632338,-21.6231940749321,-6.49695962995204,-9.64988851379685,-3.29305865072334
-8.30981287389343,-5.0478636096579,-2.6643553360036,-3.49316285610901,-7.56573782540185,-30.6587320387726,-5.31850573672353,-15.9596299763582,-3.14712953814563
-2.93214380473471,-4.1053534195943,-5.72897279609183,-7.62510770819264,-4.56630385858856,-4.86666808028819,-4.40564395820075,-14.0080540681208,-3.62629914678987
-27.9267063505057,-13.2914789258812,-21.1782502475983,-11.7260699898269,-24.3339555186672,-58.6571533881721,-26.3088660119438,-36.0985129622559,-13.3604857873561
-6.42743334416972,-5.34329438432741,-4.47124881196582,-3.97822303432939,-5.48313155306246,-23.4270243342119,-4.33397405247511,-10.094702342175,-4.45177363820489
-4.74275732002443,-2.39923817560343,-2.17359217454279,-3.25507814431334,-4.43673360330769,-10.3619364442796,-2.39578804305483,-8.39770313840222,-2.41683266609429
-23.7523455943876,-13.9233986043494,-26.3849561471346,-11.9882204491813,-18.5028252378123,-53.0794813961346,-22.0032473973764,-9.46300512838341,-11.8322201354332
-15.8053882602292,-7.14953247668826,-8.87446731803696,-5.77221497492498,-9.88187438890278,-34.2887123251948,-11.9699301627973,-15.3269473467093,-6.57841410274374
-3.36515800360734,-1.3296069729474,-2.5805252959005,-2.90867953114463,-3.39647266462689,-2.48072677459998,-3.97643714135849,-6.13075242438016,-1.59971960785051
-11.297040795486,-4.56606506562952,-5.44412562426715,-6.5155201404483,-11.839137912956,-18.6934913110809,-7.99859376976433,-14.128165823524,-5.09969023032175
-21.414681257088,-25.3799927637898,-23.3585957762246,-15.7844430104144,-26.9648893322012,-96.3141085530117,-13.5222238523148,-45.9925557133637,-15.818503927252
-2.01267064401604,-1.47586740823867,-2.3075104797733,-3.11764403144826,-2.48115680602197,-1.51951972452062,-3.24347814089621,-8.43213147656282,-1.69396992949063
-27.8261475474756,-12.1917247511518,-32.2046254011124,-17.5747342869886,-29.7661639952275,-6.81709935062117,-24.9036204266158,-45.639393938444,-9.38015542564792
-5.60555337503705,-1.82445028505767,-2.85199085040667,-4.13414213751789,-7.10553856939231,-8.50945456678479,-5.54480644007061,-6.34435992945061,-2.17205836901785
-5.15703242982401,-3.42074597887178,-4.2447657368334,-2.98083350373634,-4.75014980886896,-10.9656056588369,-3.89025288980814,-11.7915142478738,-3.33715045890487
-5.07049557690779,-1.2780096679453,-4.01448307343604,-3.0618183344573,-5.62695237138157,-1.65825032558993,-5.42327267057848,-9.40386653579627,-1.62858689513692
-20.1556153031804,-14.3012999074926,-15.9398708482384,-9.57898866934633,-15.3025643758236,-71.0307056152155,-18.2648584604569,-25.1684521062571,-10.9900751083349
-3.58951820192412,-2.5466661516124,-4.3349246426921,-3.182425506712,-4.41155563682324,-3.29008954911973,-4.97461710657215,-6.78922797024211,-2.81072494284057
-6.38704854397756,-3.37368849491833,-5.39745244056731,-6.15993303044555,-5.30753223798511,-6.7283976309917,-9.10060864540772,-14.5940200212249,-3.95797379995657
-4.51439650420755,-4.19927758235783,-3.52200864085014,-6.82974081581969,-5.98264256997461,-21.3116896979705,-5.45015507648591,-13.3800141841321,-4.16546003925457
-7.54130444970034,-7.25130080033436,-5.16673504354356,-5.28728695974769,-7.33403124973762,-31.0200872889657,-4.21421351291134,-16.3791960554345,-4.91923521716293
-26.9637159680083,-8.06261200653596,-3.6665385072834,-9.82548049883655,-29.156761100639,-45.1392138966164,-12.9842130427582,-45.280984500373,-4.66216539554527
-6.81440333452908,-6.39497254532091,-13.1649993792493,-7.44886687558954,-7.80569657383508,-14.4006091018532,-6.42123536917261,-7.02525534544124,-6.7869881106571
-5.99542716353138,-6.48232109845077,-8.7265326645623,-5.1410473559332,-9.61180620789747,-24.170532185802,-7.473590437186,-24.7223262859889,-5.88386623655834
-6.97524814537423,-2.62638737908665,-1.65205448509166,-2.80281197508674,-6.03344638954113,-18.9949776255514,-3.97781617813863,-9.87124948122784,-1.98622350712949
-1.8707652217372,-2.87464125872899,-3.42468261654828,-2.67463742352738,-1.51207727298083,-14.6218912390139,-4.2639436982185,-5.3782957200719,-1.99962165145251
-20.1571709887891,-6.07017897205582,-10.4940912689028,-8.12423162552819,-18.0753690049317,-30.8996172828879,-15.8157155739298,-16.3235050798172,-6.86068195572313
-18.9252231046883,-7.6774750001822,-18.0912966233427,-18.6343401043132,-21.2182361947122,-3.46731806609742,-22.425547772149,-27.1109154567954,-6.80614225611164
-18.508626106599,-10.9307397441514,-12.8589130556744,-5.49904933443154,-11.9761654707307,-48.8729312890601,-11.8541756673812,-14.2130658707325,-6.16697244491142
-34.6148610707636,-19.9694546847947,-25.8973226426596,-13.6962978287896,-41.4839739282024,-83.12486288149,-26.6431988287337,-18.9732180501726,-15.6386993403892
-5.62617688161334,-7.62925473134119,-4.39437129506133,-6.11310545868108,-5.36825470793683,-39.0388050151673,-3.01290265137422,-16.1819281663714,-3.74918746345275
-7.32500036220061,-7.67660783130315,-11.8103881924386,-8.69462346665355,-7.35036418749355,-24.7714168317231,-10.5920318089407,-10.7411780046284,-7.77926823109194
-13.1219155771656,-3.95660364895146,-6.47360556453207,-6.42419167480169,-12.0721897097954,-3.58319886126504,-12.7259040559832,-23.0164628450093,-4.3556208886144
-19.2478758580616,-6.42071808974938,-13.7706250472886,-8.43803959931759,-21.7675506294756,-14.8983918147482,-20.5771847320331,-17.1202753721505,-7.36559805082157
-14.6158926722838,-9.26528555200062,-9.2938348364247,-6.51356292530432,-7.76155550832165,-59.6624684245495,-13.0976196925163,-15.8747296384126,-7.60721628672742
-2.69720283155297,-3.24055939291158,-0.608238680221034,-5.56161593063738,-2.49895007983824,-10.2364554005317,-2.72370917367389,-19.6471671062926,-1.17564841142289
-1.12409028055433,-2.04252620535735,-2.47870610019239,-2.94697097811149,-2.27263235518963,-7.6300793158524,-2.20030919511423,-8.20825554793658,-1.48079295779988
-9.0460296921482,-10.4078066976857,-4.39994419845548,-15.5881357846144,-12.5776334955271,-35.5322757674644,-18.8082644860984,-42.2079928847911,-5.93332800175978
-38.49241606136,-92.8768605405962,-72.9557669293523,-86.8596777306465,-14.0215882435604,-475.820907565342,-54.5205101832971,-115.452333932134,-27.7829645975176
-6.24988718160497,-2.58440987056024,-2.12598097310023,-3.00521117299267,-4.93911045425324,-15.056657114155,-6.377453661864,-6.04037112337006,-2.50233209974149
-12.1117478663629,-5.12127155274016,-12.3214902324176,-7.29493997132672,-13.6053238812417,-9.5813707836542,-10.1641251838305,-9.82622929246091,-5.69213828763497
-40.5078956019967,-30.3990283574395,-34.2234530484014,-17.7818087510661,-20.9920481727004,-164.098729253934,-35.7778198303769,-29.5675533786915,-19.711260964013
-17.1600941810402,-6.17382217204779,-11.6185114024456,-7.63674838877507,-9.6279525131414,-32.2077028513192,-16.4404282511703,-13.0614113634398,-6.80363014078719
-3.93618189882283,-3.20238987018856,-4.85147053268963,-3.6629760245252,-3.09173043605466,-18.1033959480103,-4.09760074340112,-7.2643733613234,-3.44629926669386
-9.8036868974383,-10.9804171371115,-14.1266961982943,-10.9702344058597,-7.85940883826734,-54.4266922016849,-13.660126898422,-24.8654713691957,-9.67432504934439
-12.6413598003847,-15.2542435991552,-6.64384242896788,-16.0439624387324,-11.329588974561,-67.071914286666,-13.8293912336924,-50.1655381416084,-8.28247060756344
-4.50387533422468,-3.09024031239184,-7.94435925385587,-7.25953379876471,-7.23280777107316,-11.2316102626566,-7.65034822687263,-12.1457096348997,-3.66825803388756
-6.18358780958311,-2.19903812209505,-5.76541803001523,-5.00801135267288,-4.61876437612553,-6.45688694079358,-7.42667313726922,-10.9702255205955,-2.78736988833334
-89.5870534817073,-17.6674790296389,-30.5652240980945,-25.1638311715089,-50.0947716700756,-80.8762744302609,-57.5744537062024,-59.7767978404283,-20.2154627087984
-3.11924483978415,-2.61097606778816,-6.08704020860398,-3.41748452552434,-1.86859646379512,-4.65917990223466,-4.15925428839626,-7.6504935947609,-2.55979379919712
-15.7576061808966,-5.76783227571503,-4.83997147157332,-6.83690528943759,-12.4121141240703,-36.1900029775218,-15.1570539514175,-15.9353218996923,-5.73930516538025
-24.9309358992454,-7.40082381323597,-20.3531249435373,-13.4389794773192,-37.580722967389,-8.54361497643049,-25.1054515513598,-20.59380168117,-8.67218328295868
-7.8324197084578,-6.44896087941344,-9.362969905454,-3.35212122445073,-6.17077745543542,-24.2639610534951,-5.06658999352373,-4.69461544300989,-3.74739589861615
-34.7569120751667,-16.4038735966406,-22.2677066505329,-11.3589828876753,-25.3266981449819,-73.5260803871461,-30.3600011405833,-47.9350722408628,-13.2783709612831
-113.959958974998,-40.875562860917,-77.7625488946476,-70.1587918870994,-96.2716681646405,-59.9785496984756,-103.541460783304,-179.289062120873,-47.598494024532
-82.5114761691256,-30.9525104761355,-57.07222649771,-47.5973906808833,-99.1164843343816,-172.719658043503,-69.5880769988547,-97.2492092474334,-35.4770952111029
-14.2585994240895,-5.53289342995884,-1.52714642998097,-7.01644796507823,-17.3149181079353,-24.6793573958764,-9.55565661686071,-37.407522285306,-2.26211567375799
-7.37773206030466,-7.58479220545549,-15.1012854586579,-14.5392644873944,-11.6566336637712,-0.710216263273139,-15.6438854865214,-30.7174295736772,-2.88385480445393
-6.78772473021152,-7.45046355349811,-9.23453287979446,-3.07934756987679,-4.3405165144294,-36.3512868750883,-6.56382771144548,-8.43702264843735,-3.65954821715786
-2.49267025585081,-1.93657657804669,-3.59718762031213,-2.47753989140435,-2.61593132897119,-9.75340962281226,-3.95968872120969,-4.51923813818977,-2.19077853508145
-7.23293708609868,-1.73706860121064,-2.24629229791402,-2.46373758162917,-5.6436500361137,-6.46961925035866,-4.98840176747575,-9.50362439511311,-1.99407198377362
-10.0345872080128,-4.66553961980568,-8.26043621042684,-10.3583056509695,-16.3415853388931,-1.72354563625055,-12.018497706046,-30.3795919819886,-3.22161522623459
-52.6393299143763,-16.7491154872976,-14.5635972164052,-31.7508537628838,-39.7807198973501,-63.0549452890328,-42.6437268490277,-66.9773171492998,-17.2580132101283
-11.4546576566448,-17.2563748007464,-29.8025626849888,-20.7053873169603,-24.5086395363974,-24.979455015105,-19.1320409916042,-19.9869220895712,-13.5999267437334
-3.96186981526214,-5.38587615521207,-4.47243922288954,-2.95149558670107,-3.69627831086277,-34.2478013239826,-3.55833196745983,-8.66257809357047,-3.33756791270121
-8.53972307794284,-3.89330976714031,-8.43431024817465,-6.60898523148437,-8.06456413815303,-2.76475700153152,-13.58677071647,-13.6824578212522,-3.78235711520542
-2.7291989648477,-1.71946064828934,-3.20314329390624,-2.71085054626603,-1.67558935789118,-3.20378496721634,-3.68331919571036,-4.11972893753149,-1.93613041873922
-8.67900505160237,-2.17408838298498,-3.29494616958497,-3.80513081302988,-8.08096761895719,-9.79048500928863,-8.40431809773117,-12.097511782314,-2.52212799079271
-5.31389627498924,-3.74203845827367,-6.69799519265892,-8.7635784891985,-10.3621396843406,-8.64031597727885,-11.2222416414715,-25.7276898384182,-4.56741415963
-5.81703906708162,-2.58952874282814,-4.09371682641408,-2.62064544984898,-4.74688934395776,-9.57342797880656,-5.17555371995631,-8.68336408868331,-2.78457768284754
-13.2306302407985,-8.41994480870723,-10.0653417805485,-6.4013878236435,-9.85733253810131,-45.7473580259549,-11.9742304367069,-23.9797730532694,-7.38296481532452
-6.95718896638952,-9.5994517728356,-14.8628786871717,-18.4622773383347,-10.397736943411,-19.2702330987267,-23.7517261766699,-41.3852144083738,-8.89693089290683
-4.61728778669775,-1.24270336170133,-4.77998676494915,-2.72948008171963,-4.47547324194201,-0.676364796246398,-4.9061611642181,-3.57518014808522,-1.16249818332027
-8.50512928194187,-5.70883003078103,-2.61254375476038,-2.94070460028686,-8.50643471202498,-33.1152810772564,-3.95142496296958,-11.0344291628672,-2.92219586144718
-8.69799352423409,-2.83779294297732,-9.98022536269118,-5.66120859208857,-9.03089862389394,-1.35657860586978,-8.45578525098033,-12.2367936322066,-2.39663710583769
-10.666811036513,-4.4305676877825,-13.5377727672543,-8.36501399319172,-16.4662285931979,-8.74312442530045,-12.8256011779079,-12.2113077213756,-5.23053138764496
-22.1986840530997,-12.2275634632645,-6.82412765289425,-8.84864565105245,-17.6849138148453,-62.6273763112688,-9.89014504769612,-32.7388793377898,-7.61589909507996
-10.0499156357072,-6.21621880010953,-9.31493540808398,-5.24053759128322,-7.973690252719,-18.3601347258288,-6.02058388200355,-7.44104569273638,-5.76467337655639
-24.3888012038035,-7.8480750116182,-22.2058933382857,-14.9654645150114,-21.1005589114932,-11.7353700617623,-21.7807644301456,-33.767420045099,-9.16323591413905
-23.4829823848008,-7.80617996044781,-14.2383873787182,-9.4625770804563,-26.3186261192276,-14.961201538167,-19.9609249444344,-40.0550814863132,-8.7366435086266
-49.5797966652159,-14.6159758708202,-20.1596908036219,-21.5755192282462,-46.1728915800091,-34.0808709437047,-42.6829632543362,-45.5855869245365,-16.6076826650653
-14.0175255635493,-9.26329886530116,-17.5199821175958,-13.3242584356715,-13.1364585459011,-38.7755808231074,-18.3115229168305,-13.0746387544708,-10.5573966423875
-2.35773935744373,-1.0083355028324,-2.84587585862409,-3.01918546018238,-3.6228896003817,-0.0849989516204683,-4.47423396908501,-8.04188696258886,-0.589532446460368
-27.4904913582903,-27.4906194182682,-29.5140950699736,-27.7306239913993,-12.4049333455078,-168.872573477221,-39.607681497835,-48.451955649926,-17.4629479830688
-78.6367170450033,-39.1333407056298,-61.4263105221596,-23.2907904177117,-65.6778493487695,-189.245091683512,-56.5321420802391,-34.2642444616435,-26.8980221886927
-2.38916819427986,-1.92837881363799,-2.39106844013029,-3.09251927561798,-1.87968040210351,-8.39440846548868,-2.87217117341248,-10.9172304534666,-2.16751016561954
-6.30289371243394,-4.25091904933395,-7.27172856305818,-6.64735219137893,-6.85290792654904,-6.27585619086363,-11.7807754890375,-19.1385757384751,-5.00513814076156
-17.2956517433801,-16.4475627061916,-9.69337266184427,-11.0884916449024,-10.7753155002792,-112.077257069583,-8.38154880280129,-26.9399594021087,-9.80709579146895
-1.70304553442149,-5.11995935207367,-5.08048548342594,-4.30871360128726,-3.62295967915426,-20.1174210662894,-2.44973708134493,-10.3556450166556,-2.15148549971074
-8.2962543807583,-2.77432506390986,-2.93959815288289,-5.27414435969442,-8.2148443194191,-3.67675926099592,-8.26258468440459,-21.3316344044947,-3.05472387368815
-12.2478449119411,-7.52733518137956,-15.0128914552922,-11.4094694117414,-11.1908992014835,-20.6205126292234,-19.762051592449,-20.0948326539304,-8.82028243965985
-2.49970272562342,-4.06027548953384,-9.06917997598226,-6.73446518049874,-6.72112568720979,-1.80370224999335,-7.95458964910287,-14.6093337010309,-2.7490380179282
-12.7825132239196,-13.5504014798492,-17.3246036100073,-6.88509776345883,-12.1949627779961,-70.6981819624883,-15.9823901167093,-6.85800998243413,-7.67356550853386
-4.42944058088051,-3.03520787537755,-5.00092197221661,-4.63289092054212,-6.8118117604359,-1.11305294935678,-5.42973156629795,-15.6026659882805,-1.86393510856919
-11.5639280975172,-7.07324089466447,-8.38052794081399,-4.95515198340177,-7.35182440158498,-36.8974369493213,-12.557241352988,-14.5818625068295,-5.80868991047732
-14.874969772638,-5.65216204221676,-7.01778532658232,-5.01599762577011,-8.4669388219635,-24.9958039634932,-11.0008341030192,-15.9108728765131,-5.71600844712998
-10.1494146094615,-2.777315446625,-4.25151679045546,-4.24396584157055,-6.41911722442055,-12.9258867505713,-6.75329439274508,-7.71174893460227,-3.15076537386942
-116.089190156615,-51.6802424653594,-66.2274093657415,-34.462911567178,-97.0504083128779,-210.431858963969,-68.7602164397053,-52.4111243767147,-38.6095823425084
-57.4174365093512,-27.4310085832033,-31.4329484348691,-34.5482895654914,-45.4924499323509,-91.1597029537097,-40.3724547941302,-138.066317371189,-30.4133035316318
-9.37293181490211,-3.44886845103678,-5.95974243256319,-5.81756607133427,-8.73147899566328,-17.6955983297241,-10.3712664265392,-8.32399236421622,-4.0361101163864
-4.60689929872699,-2.89179544587057,-6.60028600903236,-4.17331543660853,-4.72142546972355,-7.05528582071237,-6.17915827307423,-6.24955810665941,-3.26060039410271
-7.4573322132091,-3.34711443161289,-5.37007594504041,-4.5042496297273,-6.03346950375338,-23.2578305175438,-8.78262374063631,-5.26110530148504,-3.79775063912209
-27.672610018632,-16.4177577053477,-23.0201953224494,-11.9813219196974,-20.2997541425256,-87.2576347206361,-25.7825170780074,-46.1418821464003,-13.8917844640555
-2.50055042010417,-1.86756386436201,-3.59187901713427,-3.53394069559388,-2.50685407257054,-1.14686760959548,-5.3152030166121,-14.6651807745772,-1.81762116350833
-10.9450052505387,-3.05600225082371,-11.5918779235992,-7.98312876383835,-10.0144601391596,-1.09876750036587,-10.8197768724458,-17.4979746471398,-2.50770110289417
-7.86472591053181,-3.0969539225849,-5.20011115305779,-4.19318440394298,-7.70200458608049,-14.3463561401463,-8.08269457040602,-7.93538587247903,-3.49142195549719
-5.36404340318057,-4.19894464019779,-2.4876561612416,-3.32590127839432,-3.01786919291573,-21.7932617073509,-2.32102221035577,-9.11723025070069,-2.68279645827328
-7.1009815349955,-10.224977287202,-6.79724171898667,-8.47562770548254,-11.176481334287,-37.0862856776431,-4.66851748528379,-28.9145906803353,-5.75827822346022
-5.45642495251323,-2.19129685448842,-2.49193908423867,-2.60298348426006,-3.33337827575035,-8.75777955553939,-4.3803850121077,-6.56106997734633,-2.42067780696918
-7.97781807360491,-3.16351685407972,-11.4719573961917,-10.229295656015,-12.4660365615828,-3.15848377195237,-14.8638657277785,-22.048408660294,-3.85951555247977
-11.5822347612144,-6.17165785857604,-9.26811231250611,-6.8862665137833,-6.6955888445525,-18.8721397395747,-13.1168041814957,-17.0817141115379,-6.68991310365102
-2.07652746983931,-1.06097898634113,-3.18704627974171,-2.5165690682428,-3.87119252017073,-0.525612233062921,-3.36321889515287,-6.59273175515605,-0.995245175997179
-2.19948645630539,-2.07385813605224,-3.53463470932075,-2.54441005002746,-1.60964916879432,-11.1653645278673,-4.89759482398345,-3.38907711219741,-2.07381817661615
-5.98036822142314,-17.8581912817598,-22.7574264487644,-21.5230596448046,-7.27924047285053,-69.9052478999412,-13.0110518762096,-48.6255089196587,-8.06507010981455
-37.2689693192035,-32.1014124327401,-23.8925246399215,-14.4231467055607,-37.0984625707585,-151.922922373426,-23.3676041415111,-70.5022219986722,-16.3785084728966
-21.6338862530461,-7.48081223434344,-17.7350634218865,-18.0994323195659,-21.2204470242582,-2.34179471023837,-31.1186216363434,-28.3694465920421,-4.93620722907568
-8.39444764134246,-5.056736750868,-7.22910026400763,-5.63824816381107,-8.58801383068829,-18.5810155689404,-6.78929287881236,-15.1898915863623,-5.57641141077307
-5.22992259475489,-5.1013788544229,-6.89360263234493,-9.63391178948431,-6.01231261424032,-4.92295156670687,-10.0717607635741,-21.2916015868868,-5.43581877597351
-3.40523698870833,-3.82350654658057,-5.83590047600706,-6.58462457675345,-7.10219236887475,-2.69393107063256,-8.14375904170694,-15.6096287343021,-3.55615826694407
-3.06156299679157,-4.29836663171062,-3.98188521941241,-4.61587134143531,-3.96135382253383,-11.0787314345673,-3.2799925508156,-13.8191075957238,-3.45747457748546
-19.5626300860791,-13.6201928214106,-14.2798328681742,-7.72570044195542,-14.6319601584452,-67.7435327623325,-9.70141361005014,-19.6055396339442,-8.56853532878694
-40.1388363408295,-13.1928609939693,-22.8178224836356,-27.7545390999003,-39.0889740023323,-34.4306573290817,-41.1979891495303,-87.4565720787027,-16.0294381669551
-5.07491824501634,-2.57044969527968,-4.47831256537172,-3.43273245984327,-5.12507745511946,-7.52989901473519,-5.16727181229471,-7.49538608520605,-2.88540791387045
-123.796213599296,-53.3695244443488,-66.452952055113,-44.0435867300689,-126.13519956027,-170.670910657528,-74.6458216226446,-108.609459866216,-49.9920747692342
-4.19335860609488,-3.503751342056,-5.99250451691145,-5.78026458579083,-5.26435167199388,-3.26511756158553,-5.69576146715151,-11.9416409347653,-3.85397726492568
-15.5248379624105,-9.27151243775738,-16.5904405406378,-14.1563159392524,-10.5982201940789,-32.6928495692287,-24.6892072446771,-11.5478513706529,-10.9263851286436
-4.27259678913093,-2.96873399774377,-6.15593685386227,-3.78322829235725,-5.02296787060661,-3.76514088311223,-3.84952071618591,-5.53742393580784,-3.30636084798862
-4.78117232191077,-4.7036421002476,-10.043369099551,-6.79622690391375,-7.92017534880979,-9.55741879322057,-7.25644338476097,-8.18469545601621,-5.11843635899476
-28.6510921598556,-11.2985277670037,-25.6339422319244,-19.0368689982661,-16.0179692872483,-60.3476678713797,-36.5733083787061,-20.0901084845432,-13.107036666838
-15.9861242795011,-11.4476657087382,-4.90660663764124,-13.2313667217337,-14.8543242056917,-59.972363132527,-18.1722405355341,-49.4670072540929,-6.44472350010034
-4.97429982854647,-5.57747681822711,-7.27289840179102,-6.13311851589104,-5.6452216323472,-27.6578557424897,-7.77613147275294,-7.22952923430502,-5.54291717973449
-13.0654976000463,-12.1826323117488,-6.88009677891126,-8.54709729311457,-8.01190513854924,-70.2478617910726,-14.8198201856462,-16.9277885933378,-7.79854517516719
-28.9337130266873,-34.0305189090863,-25.7319421449922,-42.4872224206696,-60.9331473127124,-51.7281626810615,-15.513769164084,-141.164314420296,-21.3627730951962
-15.1206453937311,-12.0945112540752,-12.0842975101519,-29.3864380470349,-23.6829045824954,-34.2213467329693,-28.8745562212528,-72.0113627490478,-13.6992780985228
-44.9868502037784,-54.4014592163634,-51.0753202145705,-46.1951844602825,-53.0968715036896,-271.84808670379,-25.5468831140479,-84.9052139360257,-31.6613228921064
-11.0891973989172,-7.78363197504053,-14.1826289680185,-7.29431043712222,-11.6549603992827,-34.441821457719,-8.72106030738487,-4.31204297814718,-5.89967613209235
-6.972988445445,-2.05531183665116,-4.34656804913869,-5.48547589971114,-8.7866150812764,-3.33375777533043,-5.88727120851978,-13.490027289434,-2.66746070781051
-11.5499524674692,-5.60006453196794,-7.17359010709774,-6.35939014128494,-8.63483304022036,-23.1452334025588,-8.14848624306967,-21.0630291767658,-6.12277616463756
-29.6871859481149,-13.6291778568034,-22.6636761604566,-21.8177233720078,-40.1051175373039,-16.2511102444218,-25.0087627771135,-46.6979295475008,-15.2516467299322
-138.324088427848,-44.9551593769847,-43.1055589279412,-71.1125200607583,-111.757282011815,-112.765980555217,-78.4411852037702,-215.358729086265,-48.1479984593378
-23.3140461854583,-6.95027465526979,-19.2462365472768,-20.678218021511,-20.6032261916046,-20.3979641831616,-36.9471319090786,-54.2114349304243,-9.41765794028226
-5.58989350161577,-3.69273336414701,-7.39478592192449,-6.35932711863388,-8.72539844279501,-1.98181751056332,-6.73354013879524,-16.11423473562,-3.02427021112688
-9.29840008882046,-11.241423064893,-14.1510354833457,-15.6144810927329,-14.3179747976669,-19.4592715280093,-22.8935395756929,-44.0166177056622,-10.8376613709472
-64.9229818976705,-56.4818525632713,-30.7103973812229,-35.5248718377972,-48.2968939887243,-283.070686777082,-36.3082149559681,-152.38385123659,-35.0218138294674
-46.7778563442668,-56.2090907901757,-45.3152350624169,-34.4211950557734,-38.0231551034412,-289.697659934497,-22.1423879874222,-70.5007534246641,-27.423442679082
-67.5039862807308,-34.3677414170554,-19.822277468373,-39.2209258150856,-62.4240195624131,-139.250241622211,-53.2196859618394,-83.7475245429922,-23.524257433162
-6.1899243508509,-7.75132920171612,-2.3107844912707,-7.12778726107137,-9.2003106685963,-32.8183086105602,-5.05292149688999,-22.0015555211499,-3.03044932679238
-7.80441417872045,-17.9189411996207,-5.97512429912307,-15.1994518835048,-6.72021660883007,-61.005117762263,-8.60515811489305,-58.8881945452448,-7.27515949620928
-9.66440785890751,-2.87472226729017,-8.38030524678764,-6.5928479090673,-8.93079858347298,-4.38941831359582,-9.47774667746722,-13.3502812611119,-3.44959816261403
-129.513179280796,-111.9202375192,-61.4736040441485,-67.5162762591882,-112.600991221922,-594.800736935534,-84.6666057263839,-206.37421629946,-67.8132473060503
-126.690386137006,-85.468260754444,-71.9654714492479,-59.1996123539949,-72.4321645684605,-378.817451095533,-37.5937975522376,-166.711904854986,-44.8433247363638
-3.47680089157825,-3.22822509992051,-5.53058504299809,-4.11095357427296,-3.35726337623747,-5.29121509317015,-2.54242409696076,-7.91505278197677,-3.12333982178861
-2.02335722888183,-3.26362191935803,-4.95966891822822,-3.79711100142243,-1.68444844570863,-5.20624086535642,-2.88224157502591,-8.46100177000492,-2.21634748846773
-52.6161170269676,-15.9180584218601,-29.7199882441982,-28.3817820035712,-69.4951462474295,-3.4265000292349,-41.5450070894796,-82.4869824653014,-7.77623780484127
-33.8004509187545,-17.4294669641464,-14.0631026067494,-19.8041941966233,-24.6737867324951,-89.8789478740684,-29.8265730169395,-53.795283082013,-16.076019783924
-20.3331445508164,-12.0640938434641,-7.56000253033859,-14.7379917286338,-17.4479698304436,-66.2453143246412,-12.6233516569086,-39.6074321221066,-9.2083050100835
-21.4042722662884,-39.0405548267256,-64.4287564659312,-73.1310108604223,-60.8888719552858,-169.148089388194,-49.3848322380409,-89.9414936129115,-29.9591401633256
-25.152841721001,-6.17007936992649,-10.9740859332953,-20.0053646033735,-21.7723251551948,-10.954251823583,-27.6886219578346,-31.8878140900361,-7.95253720123296
-22.7286986966781,-15.9308163412522,-27.9782060379282,-22.7867049967338,-36.6095724614913,-30.2448740389537,-23.7284883361002,-41.7140799178357,-17.739991723337
-23.3817156960601,-17.9269945923385,-30.672964243775,-19.1328475665478,-15.5223081567306,-101.546316900626,-19.8341060314424,-7.18099296468549,-10.9910240364678
-10.6523239349372,-4.15553110473497,-5.9940089140594,-9.21183170660268,-11.4010329314919,-13.9213451736951,-9.13652423038569,-15.2281029766404,-4.93532195763771
-88.6319369772864,-55.6403753541031,-55.595377477419,-42.2914480937572,-70.9234295463788,-244.708339843273,-56.327094293363,-103.035757635647,-46.426066356957
-4.86699147100319,-6.25835514394957,-6.19010371326501,-4.3846675525715,-6.93112983254659,-22.3799556744353,-5.23423551465641,-8.87064626025223,-4.84583232366175
-3.6513490201567,-3.77354950711658,-2.46527356945561,-3.23374562594074,-3.83179426000199,-21.5885032187841,-4.18779437228303,-7.3426575779329,-2.79789139165316
-5.45099583275312,-4.22200768075696,-3.08369453048762,-6.90755202929385,-7.70318623389218,-10.8576056059431,-6.32625877929416,-22.070248341004,-3.76250738092263
-12.3216187992612,-6.78487893486373,-7.4568577759367,-10.0189304496163,-11.3887007038485,-41.130103877791,-13.8726722973498,-14.0684002180713,-7.44534163866024
-24.3861728772268,-46.5685850449149,-80.9994188263939,-48.5548873128514,-51.1891335411154,-86.8812729824519,-69.8424100938603,-99.8410317270487,-30.2663240387693
-11.2501210462061,-5.00166602440239,-4.92369142269602,-7.13919072543588,-9.95630917534508,-23.0117168086733,-11.6751497589089,-21.0318693065241,-5.33994887287473
-8.08182520103152,-9.1511595708251,-10.2020360852122,-7.69308483044691,-10.2758487785108,-29.7120483499705,-2.820476907977,-24.7287896358516,-3.91876065310701
-22.3684509333912,-36.8103240429134,-32.9942706118777,-31.9821139984901,-36.9033557957003,-163.399883320498,-16.6721616529336,-81.0508544205074,-21.6806116107654
-3.52511927822044,-1.42815669390088,-6.04136026597814,-3.90552501802652,-2.97584558060542,-0.52206513920871,-6.41337382954026,-7.42521561584883,-1.19737359396693
-8.19478264532161,-11.8577923419491,-18.1566919840525,-20.3873439433443,-15.0848904109176,-28.6378825213975,-10.0380145849146,-39.9116481384852,-9.81085926974377
-19.0117442593209,-7.83676160434729,-15.5600331457348,-9.25293086032283,-16.8645476746888,-4.44668817044372,-14.7864065959283,-25.0727247707753,-5.74702513534425
-29.6716621299698,-49.5591000752775,-80.9444130912609,-70.3635754846649,-59.9749945621202,-103.957613662189,-47.2716963369513,-144.049569477883,-38.2415960003785
-36.1436922015143,-40.3197493114312,-17.8462309235364,-50.7458941193877,-34.250273958408,-182.285047798031,-36.4129785589726,-145.358483283311,-22.6764559718055
-13.8734707703168,-14.1323298533286,-17.810415871985,-7.49077655132418,-12.1492110932317,-60.1972642974875,-11.3496188290859,-11.738015386951,-8.31458917282615
-19.9098794698606,-24.2704857441828,-19.0773770480728,-15.1590485686679,-7.254347190948,-144.578082543308,-14.891171830283,-38.394643595123,-9.99649068866319
-10.7673247573152,-5.68678872967524,-6.40890788798076,-4.60755224656786,-8.54740626949246,-24.767810328671,-7.75339373082855,-15.4190002482427,-5.24851823547383
-36.0161645345847,-133.555028500048,-110.220611993924,-80.1887988269878,-69.2419803185908,-483.868751748014,-80.6298787110341,-296.696067971668,-44.7928758120586
-96.8597855607879,-57.4859262453257,-37.2439846240932,-23.7485673720604,-54.3314303872383,-309.524469977638,-39.3870809610177,-113.618544215154,-26.1840865018616
-30.1172549846361,-15.1771958420847,-30.8410275578696,-25.2405620638849,-23.4469894606907,-27.4607089644853,-47.3690100848427,-46.1436791853008,-17.637495273846
-27.4337887928149,-36.0001827663331,-52.7505684454034,-39.3326074167716,-53.3795665059445,-124.029200308372,-38.0230450944127,-79.4810139303312,-32.2070082115918
-9.37690852960425,-5.93018022283251,-5.96514126422596,-3.58071853576958,-4.97754618634703,-27.7975656693597,-4.77161716666875,-12.317981686334,-3.97566914857829
-66.2772113199606,-79.7238040248211,-78.6988876928693,-59.6617220912414,-31.2538890681756,-327.388103202475,-51.0421170321939,-75.6723540241185,-39.2238128641815
-11.1279042675933,-3.62365203431935,-3.63598357711986,-2.640048322912,-6.1619921305782,-22.570803559183,-6.11806356910466,-9.67255435594745,-3.03086691667463
-31.6550943432526,-13.5932884196427,-10.470048159257,-14.6141518877244,-31.913797526843,-43.911103503061,-23.4763010944595,-57.0343355821621,-12.0683725219311
-11.3757962194272,-8.00229989310321,-6.97154207563216,-10.8985602493819,-13.518337866393,-36.2384952402242,-14.8556896163606,-24.333729919765,-7.98898929878373
-12.1870193186524,-34.9412306751859,-45.7493464173049,-32.3636647986249,-32.5817756029549,-74.9694352229896,-16.1984863409887,-93.0279132129751,-15.8925032023228
-1.33399165872592,-2.85898946637256,-2.56758606244581,-3.0908465988366,-2.0717715777105,-12.1310070692364,-2.21279110229478,-11.4310697321877,-1.73881783083555
-10.3855465197271,-18.3090605624208,-18.8424344290748,-27.9726979157897,-12.0799631337681,-67.2239907852716,-20.600195683808,-61.502629744834,-13.2973290260111
-7.26336202652206,-5.02739318331002,-8.25149528342799,-10.3964119252865,-11.4757350028052,-23.989834941665,-14.6425053689146,-13.0143464971411,-6.19331711654876
-1.3354163265989,-3.26189625948274,-4.54826395463969,-3.72130877422559,-2.80789357526351,-2.60769751206065,-2.22860863050221,-8.94259342349229,-1.7452039698971
-5.93067218791022,-14.0558862805447,-11.8878576258352,-12.1236666431099,-16.8017697414899,-41.6386172216329,-10.8584841683813,-45.6247813795522,-7.21973142345023
-107.473459178636,-34.0056484957148,-60.7756033539852,-49.2800164995533,-95.7703868943155,-89.6040747430162,-87.9360699715716,-140.310980346425,-38.2671867024214
-4.70716863328587,-5.91350217750255,-8.25300462104097,-7.59759087830652,-4.92646784290323,-7.49473003063413,-5.6158343565917,-17.4189562157183,-5.31378620924354
-29.6307038349686,-21.1394713573939,-23.1495695726152,-11.6232538844833,-22.46142367336,-95.5430254027576,-21.2403154408254,-27.4631434064838,-12.8875459932237
-14.3300899818365,-14.9017998517753,-18.0298575975551,-17.5739538106505,-10.2679819824591,-36.9917188034534,-33.7872829121253,-32.8977853399034,-13.2476592732613
-10.2801589352358,-8.42384964467761,-5.14543593269156,-3.35525423907828,-7.38433152843279,-43.2350155064021,-5.41114021464261,-12.216402391594,-3.76193441371012
-24.3079629808014,-33.6512557334171,-29.2444671304048,-28.9983533680924,-31.126291867667,-135.199066809097,-44.3504780812559,-83.0630392826012,-27.8431169611217
-2.18847415793481,-3.67663732605856,-4.50320531243971,-5.6855050802128,-4.2661218037874,-12.3773233197345,-7.10842149160447,-12.6232474318869,-2.90042586015064
-78.1318244848506,-109.717812538577,-142.199707380104,-100.825242678604,-32.0306690359226,-402.352349116503,-144.488955410589,-192.189509866206,-45.8951999503037
-50.5081091367744,-47.2121869446135,-26.9898401676747,-48.2889432061942,-47.5049918986266,-168.684869269131,-39.628310530278,-156.253911135048,-31.2070045664935
-68.7325520319006,-43.9943341277402,-20.0105020210606,-27.1092149070067,-46.5635223099363,-214.642209781485,-36.4633847326366,-128.801099831026,-22.1491823234621
-10.2413877290354,-8.67964818202429,-8.53620348080086,-8.83993934996221,-5.15868553080486,-40.9141151356083,-7.19761892173326,-14.845359561247,-6.55574586107311
-30.5213676988364,-38.6072655642418,-27.0913560149524,-34.4980141502347,-51.375433777099,-139.353761499305,-25.5888501101075,-140.852347673995,-29.4826617110371
-6.75707895124555,-6.81430447148064,-7.86206388010502,-5.98445965870436,-9.29712747215026,-33.1599823738671,-7.8660469260032,-10.5927953570766,-6.66437780682371
-6.25478712487995,-2.70052634477706,-5.783516746729,-3.71785148453226,-7.41026928732833,-4.96974116994375,-6.35275523568016,-8.02072671457498,-3.01707515227447
-5.18666075889143,-5.21738166924999,-5.41295364867632,-7.56888784421904,-6.55184846944929,-12.9662063568354,-10.5334753407704,-13.9118165379727,-5.48322037986524
-3.52243924867424,-2.17851692812148,-3.05703770015117,-3.83142849114915,-5.10646734911122,-6.77496912571525,-5.116912856505,-12.1133038955144,-2.5218809697915
-18.9088216261942,-18.6920121281826,-14.2598110762808,-13.7896740807834,-17.6376249550814,-95.6523196016627,-5.14326906074085,-32.5878260114815,-7.44861265103295
-14.6849067545507,-13.2820627709966,-11.4174915149306,-14.8116606637548,-15.0387099812543,-39.9397715217828,-13.5588080996762,-50.9630517861188,-12.7914324428364
-25.0936902117395,-23.7608130601972,-14.1458665399469,-26.9435147158663,-46.122917793709,-101.405343961192,-31.040894150492,-91.1886338604502,-17.4284860208177
-5.5681042990523,-7.58752407620324,-13.4933856951982,-11.8917928795024,-9.89635951035544,-17.790285085315,-13.2918371590181,-31.6372825536502,-7.03331094908641
-73.6924041438981,-50.0508679043073,-23.4220659166121,-26.0767454811345,-68.2432985235115,-290.620491829372,-19.9880107416538,-92.0138101603014,-23.6166163331036
-4.95836407846943,-1.69356752579406,-3.10333281085099,-3.32066160979457,-6.94448198787785,-0.829286114666898,-4.55388483437505,-11.0569544909749,-1.41107858290948
-14.7174054343139,-11.4680456042895,-5.81666390690373,-8.18270102208631,-9.48291684999388,-59.7063650780656,-8.83052356680652,-20.6193320850856,-6.51721472905854
-8.87930882865597,-5.72918733093779,-10.4867047126486,-10.1104088588287,-10.4168992211096,-18.023964358237,-14.3197038953286,-24.3105331550178,-6.7143104997186
-99.2850101023043,-76.0927219316244,-83.222233041918,-51.327363454741,-100.893529373029,-238.354963594636,-31.8297216387426,-178.992976998841,-39.7875813423569
-37.7131197086999,-8.18634848432856,-11.5375842729247,-12.2631752981354,-32.5487860595065,-41.5002077872246,-23.8316518458647,-43.2673305551485,-9.40108014839982
-1.07685927683791,-1.92021049100492,-2.77928270768224,-3.68228642152242,-1.73204098627978,-2.86550243873996,-2.58103046060056,-9.95657713835386,-1.47488839182668
-2.67610672460888,-3.23563129917219,-4.67718865351139,-6.48970841560814,-4.59851469644671,-12.5773826690058,-8.17032540993878,-14.717849684817,-3.27752893967177
-11.6722250772115,-11.1820084777334,-6.14406522896139,-11.7491543754656,-8.17111613409524,-58.8255816824389,-12.187083775866,-29.8802322020763,-7.3636545292008
-2.6055293730413,-6.38207926685245,-5.33305660875776,-8.26215134807704,-10.5742927327181,-26.0372440874735,-5.36079995661834,-26.8982185273568,-3.60514201263572
-282.799766960999,-163.387611048743,-105.58325231868,-57.6394152198906,-256.458874760306,-790.587608198619,-131.005117127252,-324.274880322036,-67.522435430998
-3.00733414192193,-4.94348552768237,-6.88016611562552,-7.94277795320377,-5.12503511371577,-13.9471625551957,-7.39286053620895,-12.5020525838842,-3.76492332252204
-15.4883840616759,-5.6139400003861,-6.12739144058514,-4.37670186459838,-13.3701264129301,-19.5467675304901,-11.7364305058174,-23.870415874121,-5.15482626707385
-6.34304108683854,-7.83440299560217,-12.6614554847342,-7.06731182820418,-8.11742974961755,-37.2402986875217,-8.76156329995239,-11.7089410744525,-7.10428153857617
-8.36656828113788,-14.6853099275752,-6.01299373671378,-14.0817608154647,-8.47812744312794,-70.5127070284525,-15.0215819216671,-46.0252911366655,-7.47023615364015
-33.170382196934,-15.6346040002303,-20.3996924826958,-10.6828394807486,-16.2071832499475,-73.8121064386364,-23.3156254334663,-26.9599676135317,-11.9465629071591
-1.73639382414887,-3.14059864999779,-7.20427342183316,-7.08633527459516,-4.8306668329638,-5.32904118518745,-5.88830091005965,-4.95032876836075,-2.47566656060204
-3.86533191015572,-1.8833395123716,-5.16090137655077,-2.93759779516388,-4.31578605211095,-0.551191310565194,-4.70237570731537,-5.60598586726602,-1.06134919854744
-54.1976995312798,-36.2963089435828,-50.4202830514891,-22.0834213402931,-42.7792917801061,-172.11060978806,-52.3004067482898,-56.5505821107366,-25.4506711535269
-14.8450861405756,-9.57523659080288,-10.3346924339665,-7.04485590145493,-11.7707405765173,-40.8173750912566,-9.27710390974767,-14.9366199982683,-7.71213539204018
-14.9832445434711,-14.2214530264509,-5.54395850740633,-6.54641411628613,-16.8861937306826,-72.7804164917529,-8.64535048890948,-29.1554342737464,-6.22737969261584
-6.85943270048514,-11.1807856385896,-10.5222623524115,-7.72499520052651,-4.48625383582035,-38.6578870099759,-10.3658549261005,-29.7218927916656,-5.68815597125495
-11.4926887504829,-2.74999821463715,-6.61665311675911,-4.63501808212718,-7.95306328564645,-8.23496100712915,-7.76144461348957,-11.709512912394,-3.14815809726438
-6.16759694633387,-6.41352276337512,-1.97585052937291,-3.64284010811611,-5.31771487164694,-30.7739536648242,-2.92347707279268,-17.950746784802,-2.31181777036834
-9.09382063090111,-6.11246282509088,-8.16039776191512,-5.22339883615157,-10.5954305176715,-22.9005676099786,-7.5867091262732,-17.0206054301496,-5.98966789252789
-41.1881495895515,-12.4593976926059,-23.2581707496272,-22.1932731317028,-54.3197079051525,-2.68645609967512,-32.5066899826263,-64.5336524229989,-6.08806366037911
-10.3560715054821,-6.78169496819713,-2.09365329609958,-5.19417004219371,-10.2561753203712,-38.2560267652551,-6.81011562896439,-22.6861079424329,-2.66257829342227
-5.35323129309182,-9.68491036426046,-7.9111503361399,-6.13241087394335,-8.26311049456331,-34.8323920891364,-4.39743487087917,-15.4281707698614,-5.20617331831457
-1.58212208426592,-4.2452724850577,-6.95964548999063,-4.2018116048809,-4.73042877564049,-13.195809511268,-7.35855239141231,-11.2291963798937,-2.17515122519377
-1.49972369084922,-2.5620951754694,-3.06943009858104,-4.39835106084785,-1.37483312299137,-11.4474204445638,-4.23892772958217,-5.53523003760219,-1.83141930424423
-26.4888452724511,-18.2426608773051,-17.7386271297802,-10.3722618164069,-17.7669617103011,-81.2400366784236,-14.3018543830786,-26.5853724452851,-11.3715365905647
-8.8915694841049,-7.5216959213528,-13.0648917284665,-9.33178372571074,-8.90148078395008,-4.30212580510432,-11.6108947072339,-25.1971576901992,-5.76360931067909
-5.68328967612007,-3.07128553546677,-5.27308368224717,-4.52181740868381,-5.7785525453072,-1.19850369781718,-4.37729719040289,-16.3494632457259,-1.8973034902834
-40.3124468328796,-15.3105357410027,-21.7898060345815,-28.7217651707424,-32.7804333873147,-29.7834569966545,-31.4042459796065,-73.8088363939827,-17.8338439643175
-2.77531137496897,-1.7464352389439,-4.13965386639354,-2.88868798450444,-4.74967606473424,-7.6545510370757,-7.21247419686279,-2.30171135138315,-2.01477205131953
-9.93006090250453,-2.5099390841888,-6.92674285281743,-3.41021452694869,-7.54183251837609,-3.44407303164889,-7.87613738454669,-9.32475665105134,-2.77881937494392
-27.7172425178792,-13.5764327946288,-16.1570555315379,-7.58771705453315,-20.0790950618776,-60.0748485657363,-18.2480218690087,-21.6195651816792,-8.44848818138513
-16.1778660352801,-5.19661772140262,-8.70447419659264,-8.05547101481654,-15.6662069135363,-16.5324189848089,-9.69532747419214,-11.6366882481316,-5.83625358744873
-6.20252692476474,-3.07855583034114,-4.45843971470721,-3.26812969784751,-5.51090916877211,-10.7206203686031,-5.34182183643839,-4.7919194986739,-3.31703630969385
-20.2541260066398,-14.9769015830012,-13.8354724522171,-9.4859847762823,-13.9219666332671,-77.5659233678546,-14.1832310886582,-26.0360272477236,-10.6545129261898
-10.3167327705716,-11.0452096936305,-12.1906120194025,-10.6457773578915,-9.12123341479186,-52.2768797895504,-7.72134166050875,-13.5446339262781,-9.14377995526912
-25.7740953114828,-15.0411751186124,-11.5546789976295,-9.8397579255926,-20.5592422506884,-78.0138185380515,-12.3522099012392,-22.5509925782622,-10.8148820006431
-6.53900579129703,-6.78549004824041,-8.51287274712815,-6.02600409303497,-8.04679533240568,-20.6745577522047,-3.20376290962297,-16.7472410511077,-4.0557956631915
-12.2770954880372,-2.28653740043757,-6.8217776976336,-4.42364021508425,-7.85760173191541,-3.86383143987449,-10.8052873843932,-10.7870812926417,-2.68443115085391
-68.2157903675228,-43.2268623982357,-50.7721335888617,-23.5238985786307,-55.8656284014082,-197.892191710519,-48.4232667730899,-55.9494307432551,-26.2663745589156
-1.59611096479382,-2.48383246331883,-3.25059786018218,-5.12134229470496,-4.56521465332382,-6.8555203853842,-3.36647458864966,-6.86589397048566,-2.09091881268565
-34.8435206704309,-20.571399417954,-17.6842243057285,-15.230197005862,-39.2107360553422,-123.885231731721,-32.8437495768255,-39.1860321514051,-17.5705995094597
-2.92540971903124,-6.29480554528433,-5.22965203079486,-4.2010795433644,-3.16970508227099,-20.4386244957863,-4.05632387204563,-14.9361477619038,-3.26454055794289
-21.3367490973707,-15.1566552508894,-18.5139232783953,-13.7023449035048,-16.9711022780703,-45.673888577024,-23.4555263492867,-52.8747050701558,-15.3410759498963
-16.8097674737159,-10.0189255135554,-14.3385169596527,-5.61184234973225,-10.18042760715,-48.8643545022566,-15.0157480525353,-19.0635382765946,-6.44770154438674
-6.85292473900455,-7.08442498674372,-15.3263866621378,-15.8098385368735,-11.0827645445398,-16.7623301988227,-17.2039134928305,-30.2248586987609,-7.85765980475025
-2.8770836668563,-2.08471578162481,-4.73530953460905,-4.68382670331992,-4.99069939422547,-0.735407807671519,-7.16176317655302,-8.26918948237726,-1.5773801885603
-4.07971060125143,-1.67433193268514,-2.88700078231207,-3.48827561949938,-4.10066651491205,-6.04438049535995,-3.61070773485202,-8.2762505682586,-1.94460573224972
-20.6234025002028,-10.8390052762009,-10.8948909631547,-15.3240339185968,-28.5229480103943,-38.8431550649821,-18.63178251315,-56.7893456148593,-11.6775249150294
-4.58686628332566,-3.34884947491544,-2.50744085063781,-4.70561887343005,-8.5025956998628,-8.86124466573865,-5.62010240283709,-12.7868554687478,-3.0385444648087
-4.94169319975346,-4.58659259882142,-5.26741322185158,-4.4930671182037,-3.88981737144003,-17.9434801888628,-4.70267354313862,-9.66446260453065,-4.50160741025572
-7.80522744950681,-10.1085028897144,-7.00294882371721,-7.07132413552341,-10.9853269048631,-46.2385211555458,-6.62571159969365,-20.7958992576205,-7.28555773006575
-40.6951626956718,-27.913972704073,-18.3088702528435,-19.2388521761555,-25.921397901935,-161.485645197573,-20.3731218205135,-50.5723094442749,-20.0985780023854
-3.43152727894626,-3.93576057134721,-5.3920718183332,-4.99446978240167,-3.09583264170537,-20.4916151692387,-6.28106785841531,-13.1616978966306,-3.82468121728564
-3.9434132829097,-1.88343992414353,-3.62107775731226,-3.19999841775817,-4.74872829444388,-1.4177662151144,-3.50075363107993,-8.3787007516635,-1.87256901421873
-3.41965543978305,-1.74889698906005,-2.7158120209627,-3.22804518324955,-3.04239083692082,-2.90026195371986,-3.55279509594928,-7.96883028426537,-2.01801547054625
-18.5643738481453,-13.5494794404867,-6.46706114995014,-17.8855919209919,-26.7192661722767,-18.4000707481478,-15.9936906582762,-68.7099664150914,-8.21755165118778
-2.12593800274905,-1.86463762718852,-2.82470108210491,-3.38803366477169,-2.10181813347553,-10.9170098395182,-2.21711253581631,-7.95824542910359,-2.1211149126116
-6.01315142774261,-3.19090811347552,-1.81728288332828,-3.73786127110955,-6.2865674111444,-12.0161173865427,-4.51152946773511,-15.3693314613008,-2.25232558965313
-33.5948976365386,-8.05969630153761,-26.7051570585917,-12.3826944659089,-28.1188363286361,-14.3965715619695,-36.6671388073018,-15.1255730824177,-9.29301834123706
-8.60725035864057,-5.46116129230437,-5.07032104301176,-6.12964134323968,-9.61710648368449,-32.23359695258,-7.99695833154426,-13.4293213143997,-5.57993211232864
-10.7189813088444,-24.8552680307831,-25.838497289682,-23.8250921929044,-8.55522517146425,-59.8648886995458,-26.7176048084141,-52.1865125803783,-11.7659665970399
-19.5894262695533,-18.4562181023094,-18.0605741616798,-9.58297607302179,-19.3568866829611,-92.3048670566405,-12.1934581945622,-21.0041146967365,-10.5807005320232
-11.3373462707202,-7.33866980934123,-5.1658992396252,-3.90810584477558,-6.72477434437704,-29.4762900054549,-5.1996049898566,-17.6612820618523,-4.30276658954893
-45.4887389984485,-42.1949126599526,-18.7968876123208,-30.0940868551379,-45.5038119515865,-138.927675258719,-29.257914231237,-157.738039569567,-21.9866987407213
-4.94227416919892,-2.60041952884889,-5.64038758324274,-4.75906558105499,-5.89384229200884,-4.11194203225362,-6.26682988354753,-7.62372189673541,-3.05592227051866
-9.19487597321609,-2.59375427145456,-3.06781776522889,-3.51370363266611,-9.23938109675333,-12.0092601444257,-6.36328860821893,-9.73582066662973,-2.85037551088687
-5.57068008443701,-3.2029849724,-4.92882976598171,-4.03909759836531,-5.38842379295415,-7.79840946270882,-3.31281701065894,-9.36136534466888,-3.43920245576901
-20.7007822766109,-14.2169941697325,-10.2445453854835,-17.0575295528559,-18.5657998423638,-53.1769253012022,-22.2974420246715,-35.4948465325351,-11.9641086031561
-17.4518461656367,-7.54816219406973,-10.5238506006753,-7.58305698756943,-11.4438309737707,-30.5023671964373,-15.4342524428976,-17.418425536666,-8.030349238705
-14.0225414365916,-19.3626818151562,-25.3905949445981,-37.2063136141153,-23.2346190761513,-74.0588257596374,-41.9719228550921,-93.4365749910935,-18.1079488534179
-3.80121007600947,-3.05706371146547,-4.37672894926493,-2.94849137848905,-4.51373568172885,-13.3981227620878,-5.10162030409625,-5.48122407838272,-3.19517129386541
-19.5267861063505,-21.5565554479012,-16.0569305349504,-16.5572136979591,-23.2456172924491,-86.9798462497902,-9.97185156642321,-56.4684693450693,-12.2734713918184
-44.9988567497705,-25.6430941560198,-14.2213964119799,-24.4546130604946,-32.3730150036676,-122.312395658331,-20.8529887619511,-96.790850926825,-17.2647428492802
-18.3097687625863,-12.4910519830286,-10.4526041768902,-13.0428237883841,-20.9090636565292,-46.0429801178126,-18.6761541635427,-38.4390882099648,-11.8298867869712
-3.51924950287908,-3.64879773154296,-5.28495230484606,-4.18489654515696,-1.40105091460212,-9.7670870952597,-3.60481548203688,-7.10162662109695,-2.05304250617993
-6.99391478775676,-1.66706074952704,-5.73638137336839,-3.83227905750022,-9.28966675827133,-0.328995550850698,-5.7995841251392,-8.83747055500756,-0.986405909877057
-7.05653866689349,-4.22807620839842,-4.61578044352359,-6.79334688314779,-8.48055222126426,-16.1696314239011,-7.35558433055931,-21.4126069374373,-4.69694495823561
-2.28473006668042,-5.09359119030443,-6.72889136041312,-5.80337762469526,-3.55937012611631,-13.380473681511,-5.86001063999545,-21.378102457667,-3.02681621650549
-8.47413107732208,-18.3658595982449,-15.2951931052842,-26.6990420826532,-14.3415308820151,-66.1981707244342,-26.2621084713754,-87.6923374083069,-11.5962148735419
-29.3640954078344,-18.5512246625665,-16.316131178294,-22.3354396569174,-23.6580170356779,-88.6148848316756,-23.2075733946409,-47.1722314028861,-18.1746657227862
-15.194962657969,-18.396687975685,-17.8499502557562,-18.5158903947492,-16.4843778009888,-94.1690105299971,-14.7885311153195,-46.4593752858041,-16.4988153908575
-10.3143094255314,-3.84190180274618,-7.46874522406857,-3.28273659403297,-9.86409392512666,-11.7932446522037,-6.68752758732382,-9.31534453353084,-3.71005999305624
-19.6632513956877,-20.314319341556,-29.7848211521226,-27.7778210942637,-25.2837358929139,-11.5236429715645,-21.7687369189027,-91.418311063588,-15.8089611062186
-59.7118387540733,-38.6072804572324,-48.1544521133867,-50.0068563704291,-77.3115448052534,-123.356842543823,-56.7228507740501,-145.726618969338,-42.7244065712963
-10.2073204177512,-9.5099164305593,-4.81381607086565,-7.37586807679949,-10.7798068040841,-34.6467127935719,-5.02010838647731,-29.1852057953757,-5.41753964723079
-14.1576683546401,-26.1688106110484,-35.1411579539695,-21.0410045665492,-18.5062323040822,-79.473815827428,-18.1497904162051,-37.6707809395379,-16.2825898712036
-4.8737087556242,-2.53690225207318,-2.94392120947929,-3.43660035945835,-5.71018536151319,-10.0112235383276,-5.86207074760206,-7.86789962667411,-2.84808715213819
-37.7096201811691,-23.8311014330543,-27.0045390603685,-33.9815919918717,-68.934033616387,-42.8772749580894,-34.1213355033118,-96.9603064321037,-26.4947196057763
-11.4089447798709,-11.8313851094699,-3.8573354814374,-7.03654777988002,-9.02618934414325,-58.6265775685721,-4.93786485692928,-33.0800587427396,-4.56264589550554
-24.0237707813299,-18.5079633822392,-20.0934970682812,-25.1727536840189,-36.3282875266988,-58.7786995373302,-22.9648043525728,-63.970458914886,-20.3110161125697
-5.2124243368153,-4.61323504113386,-3.80871969046642,-6.81624658577844,-6.66223601768625,-18.4295526328575,-4.36021117578602,-18.3419434932069,-4.38538731803712
-34.9519727248183,-19.9781665601089,-30.3764355886963,-13.5985973079969,-20.599689066164,-81.2409552660563,-24.771202637971,-18.2759827775344,-15.0500978699774
-1.54761924892908,-3.97633546814551,-3.31811017299091,-6.32706771709243,-3.73083783430903,-3.91313897320046,-2.67257344375711,-20.1511444916802,-2.25735828796226
-23.2522986193835,-9.61111499023312,-27.6599301275941,-20.2954565772261,-22.8934676531085,-4.37756586012995,-28.6051870154456,-42.3015446901355,-7.72692685033933
-14.9574530809643,-17.1283161446437,-24.4299015011092,-8.99301006601761,-10.6166631226789,-81.9009068587694,-23.7366860733322,-26.8480188607632,-10.7323049849579
-33.5267587965929,-28.8060152038323,-68.0892281374901,-42.998454557259,-43.0347355389385,-4.135246489675,-50.1778914758163,-81.0460546720887,-9.52325661541661
-2.94529203294559,-3.60611656847738,-3.8829798661183,-4.39468606194736,-3.61727857499121,-11.448678949811,-5.15450289439089,-11.2192456447995,-3.35846756885566
-10.9732793420372,-3.83364845473932,-1.83125485895951,-3.39225864633592,-9.35394328246401,-17.9366698519234,-5.90115155479327,-16.0597777576971,-2.2269372461581
-1.59277464759811,-3.56262949308949,-4.69676416136306,-2.73732319771768,-4.56132646968091,-8.85792577855805,-3.15282096040419,-9.75922227838024,-1.94339522548673
-50.6106538544155,-25.8617593217586,-29.2256429171073,-19.8253237996201,-39.228408345811,-127.934437720859,-43.0436870044644,-31.5538134482153,-22.3186981733501
-31.5842700556013,-33.3568140083581,-31.3729510821056,-16.3939717961162,-22.4504476985367,-159.078036777412,-10.0321084688406,-41.0522322712555,-12.5245034195777
-12.7489192570073,-7.04611441493279,-21.9469350728184,-16.229528632015,-18.6050212408014,-5.51978390448891,-22.37020613,-14.6453769341025,-7.41144518355341
-14.2578642495175,-19.5530968673846,-37.6664999164314,-33.8402829140498,-36.986573761159,-54.6849105942103,-50.0602632419162,-69.8217230164098,-17.9131921137959
-35.6543616784104,-16.6841253685103,-22.9070417323773,-17.7337268825786,-41.1054513906449,-104.290646761158,-24.6169157462324,-22.0007753275814,-18.198769674799
-55.9107065924332,-48.8309950467061,-37.2486143018253,-27.182081215755,-48.6715301378543,-235.039755772417,-32.0022912765676,-123.802295750369,-31.20715772426
-114.937696990527,-78.5701297384238,-37.7718290174415,-91.3516990476098,-103.553816269128,-495.566368838614,-91.0662141335711,-240.051894710799,-46.1886677268663
-44.8049064211883,-15.5431501018725,-31.199361458205,-32.1348287048815,-44.263271232733,-7.66923989967906,-55.8297638673855,-92.062825708581,-12.2540787844719
-3.22116401579942,-6.41447534525541,-8.85231832574009,-8.22326651981201,-5.33773860271808,-11.9823388574469,-2.75757531959421,-22.4164781908872,-3.65085251701053
-2.39733791042974,-3.76311870778905,-5.94689354697612,-6.65898549759457,-7.70489710186403,-3.85543432616356,-7.02700482394355,-20.8040626060231,-3.23039065422863
-17.5845491099059,-19.6743277401263,-15.3165124160825,-17.7238988049711,-24.6813320901243,-80.2596943938947,-11.326221120428,-51.5779715907191,-13.7748054202565
-4.71790690046129,-2.11400905369009,-5.09058287664971,-3.72107833085904,-5.8588953505523,-0.526728949925501,-7.53810451655923,-9.73235409784768,-1.12668510106674
-29.7995194331762,-53.569139548822,-59.7634174572989,-47.8195899388297,-60.3516797952128,-191.835560754778,-44.0003482314384,-157.358331776569,-35.3202793310328
-86.1240122717857,-59.9073809816317,-82.5603792986049,-39.4725466844479,-31.389877094411,-236.993224156778,-81.4336677740422,-81.5283950635715,-39.0033945959176
-10.341507796726,-16.852300060994,-29.0415014914933,-21.5832099803307,-7.80663319764825,-43.9094642105122,-24.696935748925,-38.7609865007758,-11.4764831587298
-15.2030533752241,-13.6564990524201,-9.05394504782652,-12.6996805327996,-21.1049026234847,-38.660769302108,-11.4350271216243,-41.802245618004,-10.5460747657706
-4.85995808656375,-1.95745792019504,-2.49632170680843,-3.39740090202371,-5.03556345844531,-4.96591158784366,-3.92096340410355,-8.00094589951334,-2.2185200732246
-17.300333424078,-11.4233799115467,-14.3540490944346,-15.3839012186708,-15.3873146302571,-53.896068155172,-15.7887457436589,-26.722422291104,-12.7073148945976
-13.3042622548042,-10.8980578249368,-17.1948337504735,-21.6308845983772,-17.6231603163961,-28.7053404451467,-27.9111341347977,-31.55606492839,-12.4692463386387
-14.8736755928076,-26.049110206263,-29.8335660051564,-24.4376745811407,-33.8139288533039,-69.4827838773194,-30.5653530455098,-58.2599140718128,-17.701794174527
-13.4041574382667,-21.3047834108477,-23.7942224333081,-32.7888681370245,-30.1037547090436,-46.2569498454183,-29.8949140560435,-113.801918442498,-17.1589693601008
-21.2774944924359,-14.3128688678529,-10.4755860270126,-7.90279015952856,-18.56007108682,-77.1541603698703,-14.2879708113402,-24.4656511874061,-8.72546817322969
-34.1631335233671,-29.1175383682351,-25.4364521505493,-34.3950266564723,-44.6778522249769,-135.7090327966,-32.2634132913289,-70.3644314930946,-28.4576661405334
-20.9491222934415,-11.9381668873425,-30.3888037937363,-18.7794248143438,-24.1807459775486,-22.5349189833612,-18.9799571656362,-13.0148005113675,-13.2898712363454
-22.4143225866684,-14.4730828624417,-18.6385018190866,-6.50489220892233,-13.9499305783385,-76.4759734202048,-14.4522971216827,-3.08437928787114,-4.65728743516309
-106.158479867437,-54.4028454794649,-106.28089405898,-61.0963127675871,-110.587948650328,-160.223258350174,-113.704698642325,-197.214283108477,-60.510748379195
-11.9942150714059,-4.82670319116252,-7.39559689024719,-7.20670999606986,-13.9078441467807,-17.9877476729112,-9.64300450552901,-16.6137442626456,-5.40369183729855
-20.4432790955434,-7.9732712012399,-3.00896358362237,-9.18484037597306,-16.7779932172537,-34.0340179375809,-12.3525530918155,-38.6047050231076,-3.97566333985409
-6.6791736974913,-8.80457231025225,-7.34447798534758,-17.6959790851865,-12.6882761725404,-39.8852415583969,-17.9424033304371,-40.5781916255964,-8.08584950270224
-8.34971297216103,-7.64019142091677,-3.63562486172372,-6.36319591328456,-9.89763377532636,-46.5787918737834,-8.96942580570289,-21.8755659888609,-4.3368997888025
-12.1407535356969,-12.6351401397861,-6.57437734707581,-21.6143846379838,-14.8094113024251,-39.6151763221187,-20.1518973610785,-78.4614996501753,-9.19135484538469
-34.5993909271421,-42.1943504956808,-63.5630144997817,-73.8983008248173,-86.139162321346,-98.7669310061357,-65.7217296230663,-138.728092253964,-41.7303181658406
-76.229691830976,-54.7765561939542,-42.2977836584105,-27.6437191602915,-72.0127531202158,-245.46887767019,-34.5682787259069,-106.303807530269,-30.7561216017692
-155.998807281575,-79.3514854183187,-20.8237360944215,-83.0028987760351,-170.802759448718,-425.501717062059,-93.8667946790866,-395.120890810107,-29.2426290156806
-8.36672629963629,-16.7191979495151,-18.0648352354702,-13.2083101807982,-22.2836365494051,-59.5022214396668,-11.3796025735105,-42.3592928083865,-9.95565095324211
-47.5601263336504,-38.0261253067354,-38.0395289477466,-22.1689225987245,-41.0953703396426,-151.496236381413,-32.2764360952455,-79.7899998505888,-24.4070945406424
-9.36209227684173,-5.52209929007965,-5.73831866331417,-4.00542767968687,-10.2219129878718,-8.95628226944891,-4.56122246768395,-21.6469071699511,-4.49908129151494
-5.67813048500481,-1.48805690765677,-5.18376509680058,-2.91319052266479,-4.46872508535961,-1.47194432266737,-5.74872379715536,-5.01159804104132,-1.70220838240131
-2.84188071129549,-3.78612753556603,-4.09133974352841,-3.53646856752319,-1.96526104593551,-16.7202453927016,-5.02300332676898,-11.8185242616256,-2.60120262481312
-2.60167890989114,-4.32634346487292,-3.09692147045588,-5.32570590222455,-6.75593932762473,-12.8506530699092,-5.71333741750395,-13.7188111810244,-3.2075711884622
-5.94414016296104,-5.18541787083036,-5.35738449280596,-11.1812214579297,-9.84292425006249,-7.58894216654831,-12.6051152160641,-30.8933961413856,-5.68915487731071
-27.2579681134244,-14.2703704627961,-27.6465578226345,-14.605199385764,-30.7034702237011,-44.817303738183,-26.9092614215146,-18.9666239312424,-15.2180640683959
-27.1130785938116,-13.2090896887829,-16.0447758513986,-26.797538827917,-34.5972617497927,-32.6287043948417,-42.8698393143448,-80.8157139958652,-15.2967581047991
-12.3098854293434,-7.51084064305741,-9.06115577317074,-3.66800389197909,-8.9877079108238,-31.8312271421546,-8.22058400364943,-14.8693612025135,-4.25003231185274
-1.82647172204074,-2.81668813727813,-3.24789445447047,-2.88745985434383,-5.59200694687098,-11.1847727290292,-2.50504481471146,-8.78527164400852,-2.22583569571334
-9.77037981424752,-17.575647226579,-25.370410396249,-19.8795357490346,-18.9199434447091,-62.0029105940978,-21.0616066623497,-17.1542621122858,-12.1250289942175
-9.03398481383905,-8.19264603004307,-6.97585698329267,-8.63999033067172,-10.4340890282223,-25.4606214130264,-10.4877127747269,-17.401098181221,-7.82106626631172
-32.8648460519343,-27.0343065776564,-11.5760852005066,-28.5431550974821,-35.2910836228739,-150.210729289479,-31.1226473993407,-92.642554002018,-14.8870810997671
-1.90318789493445,-5.21023264141834,-4.44844985086722,-7.34356773166461,-5.23012971935209,-9.9442520340466,-3.4669838964846,-27.527347271011,-2.64746160304189
-19.6168908390995,-10.1221531695503,-6.1647737629246,-9.03362405335654,-10.3216739677861,-55.1294008637342,-10.0013122797105,-24.5309904478401,-7.12747851588883
-10.5819371042317,-11.8253331858539,-18.0013002118472,-20.3742390537418,-19.364956161264,-32.7240359287701,-37.8839734175509,-40.2753257245048,-12.2261190665079
-7.20158608127636,-5.37701570389086,-6.71618498024609,-4.31768030533799,-5.07076911160701,-16.0232833969346,-7.46470449726857,-13.5933523715347,-4.81590443946167
-6.04133526640922,-1.80080415937622,-2.22037897018581,-3.47482101204109,-6.48512689516519,-5.94309488509796,-6.04502548702774,-11.3343674662027,-2.1168595749991
-14.1614050040121,-6.57168105732428,-2.53059700118007,-6.64798697288738,-9.97508751189398,-39.3221242564035,-9.14719005116705,-21.141375464383,-3.25054881107621
-2.34961231550701,-2.12753186730213,-4.46390755028841,-5.32660195756855,-7.52692590735038,-2.3428942581426,-5.51008184670823,-12.1652628790117,-2.50226760552498
-10.2970670892712,-4.68363058275304,-5.09517063495124,-5.04401254303496,-7.91792778537936,-24.3966029308686,-9.78457099255144,-6.00215044951345,-5.08613474234616
-22.2816724983174,-10.0986107526074,-24.5518480615614,-18.9983664080669,-18.0208111266528,-12.2821004328138,-25.4585007489642,-50.8895966787879,-11.7588890215985
-3.31374521964755,-6.63639413559524,-7.19370673494185,-7.54124264937102,-4.99935693331315,-16.207071809421,-6.4505873103561,-19.1591505943366,-4.06118063171808
-10.5714518703189,-14.8871792259164,-17.0773953845486,-15.1032174446401,-19.8584137249442,-45.1440159143486,-21.036677717751,-37.2945728082279,-12.2805182061062
-21.4766430214567,-66.5769324525552,-67.2649160272599,-59.0883022177946,-35.840572339073,-235.444048095648,-68.1388269458865,-162.997292102746,-27.3491726489115
-13.6082086609574,-6.39993089746708,-9.23899024165087,-6.10276380175575,-13.9761674635562,-22.8622660329545,-8.952048760342,-20.4027240258674,-6.64834674256211
-64.4416911252791,-16.6410648176002,-25.2306162062001,-19.2402824995751,-52.2867222614084,-114.121564920508,-39.9326809552398,-38.5963370369921,-18.7516188460039
-30.008269379306,-16.2932855893442,-18.8542657124657,-18.120823851277,-21.4787937639821,-80.8085183669424,-28.0132992166392,-29.5557231790493,-17.758699790971
-14.4716853226143,-16.6776110091869,-12.6297085520263,-14.4958214593437,-17.0586165398655,-68.5094387020808,-7.20484573075384,-47.5624184871097,-9.50350109415163
-13.9490664164643,-19.8242507180208,-23.9891372145412,-17.1674047877182,-19.5091791819785,-56.0758516296451,-10.8846280585357,-50.8322873434505,-13.1220968940593
-4.99697851886682,-3.95562363514906,-2.77063126068907,-4.03487036164008,-5.19962410522803,-15.6150534459173,-3.96654275937257,-16.7891344920293,-3.16305397205258
-7.72723049789522,-2.94059811220076,-4.38334482095474,-3.70719645195635,-10.885653919003,-7.01290401220939,-7.27446132215873,-11.6446885649786,-3.25366317485455
-10.2703976538698,-3.2457910268582,-11.7102447185444,-14.1917967919338,-10.4383362836124,-0.330752518004521,-23.6521360594271,-21.9289119357522,-2.54887671250636
-25.9433852401976,-12.7411561652329,-19.6522697535535,-29.8751946381583,-25.9254891134565,-43.4052119200918,-45.9419626881456,-35.1884755126645,-15.5343099810715
-8.12897649205769,-5.06623612949489,-2.52718603661024,-6.35081369656861,-7.98534830063152,-21.074076789853,-4.61711265590847,-28.8153470050709,-3.24420858780908
-15.9459752409748,-11.4005973329376,-21.3124991085487,-24.7816018261218,-27.4454531100466,-22.3602213626393,-27.0353796121206,-43.6863696372639,-13.190212860784
-8.08865943010587,-5.46414852415164,-8.98883822959972,-7.2022701824188,-9.29450692629429,-11.1639183009164,-10.5076933362243,-19.835555431284,-6.03814570558867
-53.0747921378611,-27.2853110005409,-17.9920783636929,-23.3932050610199,-51.5457234152835,-144.224878467546,-30.4027803273874,-51.975933929618,-20.2377977538197
-120.85882577585,-134.50322354918,-113.790489936102,-90.6789506899534,-90.3717031185279,-595.527755087084,-43.0153125174955,-257.318589436729,-55.6251832183627
-61.7821055570221,-46.5995878510965,-53.8945081609167,-32.4759947708749,-44.74663361922,-174.180108332187,-44.706598498406,-65.1846564415587,-35.5989180430287
-7.98175027793362,-5.61884819408603,-8.43383177985068,-7.15822929563895,-9.9057176285672,-7.67208794392208,-8.11119653807012,-26.7600957158905,-6.28708753440679
-19.0510125664664,-21.6586452539398,-25.0846630096758,-13.9974485236271,-15.8124462337231,-131.314310396334,-18.7034276610997,-9.85893422206651,-13.2020747908494
-37.9826152514644,-37.9723647064818,-11.7577140092689,-25.549658836344,-34.4447196795032,-206.640553500026,-19.1987182064651,-129.087236127572,-14.4681765451574
-37.1617851608452,-15.0065348491626,-22.0366895943848,-14.6958810133233,-37.1178636045514,-41.0007873877722,-25.1229058021258,-37.3746736474257,-15.7301782422851
-4.30611727765134,-2.08478054569759,-5.01475733791877,-3.63038379987598,-6.94631078231925,-2.24179229813661,-6.12327499411346,-10.7723767413187,-2.39581903136303
-25.2280445361394,-14.546492760708,-20.3208591205363,-19.1615804245731,-26.228894530034,-67.3116854167062,-25.3499883610632,-39.5679059792873,-16.215619619442
-25.4369692147815,-15.04751385611,-27.5583500618014,-34.7675506938651,-22.4833923917152,-59.5242070770044,-35.2318388816286,-58.3706679777415,-17.8718030672693
-16.990554718102,-10.5581837254893,-5.79122063405301,-14.2679088448019,-22.3816596231771,-35.8565253345479,-11.7879263902152,-55.9999855311241,-7.50071433823198
-5.15775319012567,-9.67276511238597,-10.672414518461,-8.4074619676144,-9.06480106040431,-25.1603163895607,-7.09706055969535,-27.1089491336418,-6.03968168409908
-5.3714182793024,-6.68346627553335,-7.74184342982217,-4.88053626690464,-3.96450882817066,-27.4607266768581,-4.96333730901644,-13.5319359675939,-4.96137552176442
-15.834747644381,-10.9013507251599,-18.2053145500001,-8.36792401333663,-14.3191167917721,-43.4264954328823,-12.5185214744753,-3.47685544597955,-5.05048287927319
-16.2791972054156,-11.4107888076923,-8.98444287258442,-8.73318204514493,-13.4029522969713,-49.2204238260089,-12.8876390062776,-31.2182364990977,-9.43318612811608
-9.65463008226862,-4.84364300134258,-9.29553145616658,-8.9895651750162,-10.7145274735898,-2.22416022197961,-7.65711821454853,-21.0538892040165,-3.39558816685189
-42.3387137971042,-55.4980856410465,-41.5282651844914,-28.38499199694,-31.0993561156198,-265.108130604882,-31.2589848042177,-94.9413983964496,-31.625188185513
-25.0570159770263,-21.4068064282183,-28.8314739962916,-19.7077173514867,-21.9149020524648,-68.9378938684455,-10.6518756782008,-58.2237682428084,-13.8723115831258
-19.9446275548767,-18.1355989400296,-22.5369063522161,-21.1120100789785,-9.53534732727188,-47.3829683503573,-26.6911895761871,-44.0236670253891,-13.0717327432029
-11.525897888379,-9.02053963394593,-4.54013502410057,-9.43512122195474,-13.9474357258016,-28.4362889281253,-7.29897876954255,-36.5365714356598,-5.50454126526651
-12.8503433834059,-6.97950731200308,-10.1827416602775,-7.58688323562533,-13.1355302419736,-30.7314875105982,-10.1507808422609,-5.20710708499878,-6.72359641108707
-31.9080191869611,-40.1035440782297,-73.7015896788422,-33.7509242715302,-24.2077295259999,-172.697361867427,-49.7204638824712,-11.1559211552011,-19.5198540473047
-42.5717167084222,-50.0119976069462,-45.2074171575669,-26.2042749778012,-51.7379585341698,-222.127634669401,-25.8079088962689,-91.7061557129788,-29.0382323185049
-10.6653689693172,-4.03637078035238,-7.17391877920484,-5.30967206951482,-9.85327109616563,-12.7447339757019,-9.7388106794624,-13.3151609404138,-4.58976940192643
-8.99391087397905,-17.7751685109813,-23.5445823453919,-30.1407382255709,-22.5977970667237,-31.7523738427301,-24.2477547245512,-60.7059950465916,-11.9705364049769
-4.47170094111413,-3.89536094620797,-4.31679152105133,-3.81109921661125,-6.40705215228391,-20.1361260462314,-4.09723281108778,-8.33692562958438,-4.04179473233998
-4.34432065386558,-1.33787214252434,-2.02366331874123,-3.43968384402588,-4.50001090830077,-3.33969621623187,-5.27627979345836,-6.48306097900748,-1.64708237300815
-6.13718781075665,-7.34058554361217,-7.93721229330624,-6.60788060181557,-9.25669654569544,-27.3881268953876,-11.8778399140967,-19.3614841913974,-6.78427360944706
-6.83794367142072,-4.02801222451824,-7.11058404472475,-12.3199968187305,-14.5656882709731,-7.60886292185217,-10.5202095376901,-18.6122431792121,-5.2100675345992
-6.76895445186707,-11.3489727512015,-10.0115352121583,-16.4241656204555,-10.0916819318023,-36.6798319459521,-19.8548812995065,-43.4997796458712,-8.9118349079545
-50.1485638442879,-32.7238710679002,-40.856813797371,-26.6949084271466,-50.9846903583742,-161.183358817867,-54.7031839193891,-68.3491988916726,-30.6459420322838
-14.6565601778773,-11.2045746088279,-4.81949499589008,-7.40072227071035,-9.55020194670524,-61.3957276503528,-7.52898477120682,-29.2435759243256,-5.5203543066584
-31.4677886461501,-28.8410279475957,-33.0368749351495,-20.3405817083913,-34.3384375762914,-111.805463293135,-25.58417592065,-60.1235481622223,-22.9547485722649
-17.4024170223543,-28.6149616537425,-36.2352816496548,-31.4027455030269,-24.6916205894658,-100.918486841263,-33.5570892929208,-86.1100769031108,-21.298991515144
-49.2054466219433,-32.9201483616228,-64.2555480199167,-56.7302575542018,-74.0273821901498,-4.47226399963885,-47.6070350546115,-94.5711604858805,-12.5441240519764
-15.5942292981765,-10.7891636091799,-6.34357199314019,-7.07280829430362,-12.8334031171549,-46.1273677252415,-4.94971683945761,-29.6457005202807,-5.98714762928206
-2.80666191254586,-1.64739118006791,-3.75636256510357,-3.60003437229736,-4.34367647210336,-0.745346606294639,-6.6542735321878,-8.0540567372303,-1.32983036220434
-6.72887237287467,-2.47893888319279,-4.46317792577226,-3.84353239815214,-6.44121473477602,-7.37324699335709,-4.84846393424463,-9.71405027773425,-2.82887388224666
-18.4439849567317,-19.3719825791324,-18.3507738551204,-17.3448055213872,-24.6345247940198,-91.6303313753621,-25.713434658111,-47.0786369190015,-18.6863750315037
-25.2912335301037,-30.0463770182191,-21.1076727674135,-16.3174119749716,-28.7544658315582,-150.94835043962,-12.3676556923671,-56.4256755573707,-14.8314655156468
