"row_num","gen_method","b_Price","b_Acceleration","b_OpCost","b_hev","b_phev20","b_phev40","b_bev","b_bevRangeRel","b_noBEVFC","b_american","b_chinese","b_japanese","b_skorean","LL1","LL2","LL3","gradNorm1","gradNorm2","gradNorm3","stop_ef","stop_status","pruned_optima_row","end_conv","end_LL","end_ef","end_outcome_status","end_index"
1,"beta_var_val",-0.065961032,-0.086724325,-0.123458989,0.078787462,0.017337116,0.133321046,-0.225292786,0.305755872,-0.261643415,-0.113318709,-1.203619405,-0.05776064,-0.392742187,-9336.048053076,-9336.048053076,-9336.048053076,NA,0.000395837341152334,NA,1,"best",0,1,-9336.048053076,1,"best",1
2,"logit_random",-0.132912054426738,-0.0317514846597768,-0.296309833138667,0.132786088475688,0.0422129712608777,0.298561928959281,-0.403804848689593,0.582043518948123,-0.0697289753289601,-0.0357137987946508,-0.19267666316203,-0.088615234118855,-0.879291385688933,-11463.9729564349,-9336.0480531328,NA,NA,0.164300456769886,NA,4,"dup_best_test0_conv",1,1,-9336.048053076,1,"best",1
3,"logit_random",-0.0712139533661922,-0.234805109101998,-0.273897049079491,0.114851146604367,0.0381744072562988,0.378571213963414,-0.370823364526657,0.227134972848306,-0.373269956840957,0.0891524688009366,-1.16545357121991,-0.108728817826955,-0.542250373874088,-9939.0479190304,-9336.0480531501,NA,NA,0.0123481420603068,NA,4,"dup_best_test0_conv",1,1,-9336.048053076,1,"best",1
4,"logit_random",-0.0813290964109317,-0.0850170225917828,-0.271688291044229,0.224291546742349,0.0277198951181197,0.431341707455648,-0.369073102379234,0.173860428772547,-0.228024405738469,-0.149035340552226,-0.931048438553067,-0.0276163435266425,-0.590285913209914,-9888.07677662691,-9336.04805342007,NA,NA,0.419277568699152,NA,4,"dup_best_test0_conv",1,1,-9336.048053076,1,"best",1
5,"logit_random",-0.119868868325778,-0.112637238243265,0.172004990918167,-0.189186355726188,0.0313139797071506,-0.071663683817945,-0.249324755441883,0.420117241747908,-0.197547071821742,-0.170530928177282,-0.864594689040799,0.000910093078184897,-0.290098474826986,-11720.4781107069,-9336.04805307773,NA,NA,0.0145277043887935,NA,4,"dup_best_test0_conv",1,1,-9336.048053076,1,"best",1
6,"logit_random",-0.0150331234486085,-0.125035907847423,-0.356581028866325,0.0808707887999832,0.0309006254005847,-0.0532538010989543,-0.269500461194808,-0.137209704362502,-0.430794888604484,-0.0443790838185552,-1.93844873713301,-0.0209083487276567,-0.711581961994509,-12185.5335533223,-9336.04805321369,NA,NA,0.0629705133231171,NA,4,"dup_best_test0_conv",1,1,-9336.048053076,1,"best",1
7,"logit_random",-0.0768849661652772,-0.0354723896420691,-0.0562927682073148,0.10796401963052,0.0185786177913368,0.231726483651997,-0.0574577462969998,0.154006055417125,-0.0344897094090248,0.0681299810604298,-1.6982422303855,-0.130301785656572,-1.3695024135264,-10087.8645442242,-9336.04805307968,NA,NA,0.0324519456416349,NA,4,"dup_best_test0_conv",1,1,-9336.048053076,1,"best",1
8,"logit_random",-0.00178923084774839,-0.185097531433486,-0.220358442049782,0.0156518250567884,-0.000126554478172395,0.20343364969201,-0.0384464571662388,0.776440620180598,-0.303334158763296,-0.276792064469876,-1.87471503022261,-0.0321885877326055,-0.02328686331162,-12170.8323723369,-9336.04805321334,NA,NA,0.115592196406855,NA,4,"dup_best_test0_conv",1,1,-9336.048053076,1,"best",1
9,"logit_random",0.0472633207333241,-0.124774153224788,0.0491830334351064,0.0789696282619649,0.00768180766790008,0.156342663689968,-0.0480607777235375,0.837521445185013,-0.0774713260657001,-0.1836797675187,0.644691656313983,-0.0890116111213439,-0.309425480854696,-17812.1876596384,-9336.04805710331,NA,NA,1.249801009541,NA,4,"dup_best_test0_conv",1,1,-9336.048053076,1,"best",1
10,"logit_random",-0.0491253357788771,-0.0568129866068393,-0.0202182725856738,-0.00593229816861381,-0.0309705889812255,0.254414500826644,-0.362349033772183,0.383907160590111,-0.151277340273099,0.104522641184453,-1.61636152243747,-0.0211079770420123,-0.70606135101813,-9844.67967723385,-9336.04805307812,NA,NA,0.00997175172348817,NA,4,"dup_best_test0_conv",1,1,-9336.048053076,1,"best",1
11,"logit_random",-0.0417809629912746,-0.125698268753003,-0.269967530623023,0.151437675894396,0.0111494948484412,-0.104761992242752,-0.251729757074729,-0.306753575555337,-0.320560748428287,-0.134548953657592,-2.56519973957376,-0.0240609370063418,-0.848475616178635,-11441.0669572854,-9336.04805405821,NA,NA,0.357336296706936,NA,4,"dup_best_test0_conv",1,1,-9336.048053076,1,"best",1
12,"logit_random",0.0119250445977048,-0.0829240458664507,-0.277316080229864,0.0929837391404516,0.0236499043084351,-0.135861591463261,0.0366566405786292,0.0853094305974864,-0.194906881377083,-0.229529270218293,-0.274713988960326,-0.14104192225175,-0.186457331519967,-13165.0889866221,-9336.04805409207,NA,NA,0.195284671639448,NA,4,"dup_best_test0_conv",1,1,-9336.048053076,1,"best",1
13,"logit_random",-0.0235354193568555,-0.135983011900542,-0.251308872131483,0.257138373878214,0.032457458464313,-0.121480950701091,-0.461702631617235,0.276988687423819,-0.0209034544781351,-0.101937335493971,-2.58602590134598,-0.0847227389438767,0.064957293745821,-11377.8189799825,-9336.04805330227,NA,NA,0.191712993393911,NA,4,"dup_best_test0_conv",1,1,-9336.048053076,1,"best",1
14,"logit_random",0.0194797351503173,0.0715354533960555,-0.2968212068271,0.103190993128058,0.0709388398020382,-0.103052472464117,-0.197661050658359,-0.0123392839733669,-0.25200939347501,-0.193267364649529,-1.2223900238944,-0.13127896121978,-0.388212283879798,-13708.1255325007,-9336.04805410081,NA,NA,0.098209193260383,NA,4,"dup_best_test0_conv",1,1,-9336.048053076,1,"best",1
15,"logit_random",-0.053565761945061,-0.0491724694359778,-0.191989496214545,0.155568154022611,-0.00461400094506979,0.156720615508058,0.17919470473392,0.173249624011332,-0.0824773513039554,-0.00567485429403736,2.02374284350926,-0.0492039367138917,-1.19414652691998,-15169.3442561237,-9336.04805309386,NA,NA,0.0797542043148787,NA,4,"dup_best_test0_conv",1,1,-9336.048053076,1,"best",1
16,"logit_random",0.0389964983824896,-0.204146136436769,-0.166861724173665,0.0564605405806175,0.0339303522555182,0.255327910044233,-0.141836629235888,0.646036299993212,0.0673618536460235,-0.130911279809532,-1.28035601800897,-0.0370064029949582,-1.03083835888006,-14999.048494944,-9336.04809539463,NA,NA,1.22606438285583,NA,4,"dup_best_test0_conv",1,1,-9336.048053076,1,"best",1
17,"logit_random",-0.0696006995384394,0.0133959514026156,-0.0411325700302075,0.0823877388536409,0.0240276411896053,0.282650452017381,-0.144151895471512,0.211847431037675,-0.548005002780358,-0.0159918802068074,-1.64467260764266,-0.062711587361955,-0.559534706603868,-9695.00564002522,-9336.0480536693,NA,NA,0.206127604012244,NA,4,"dup_best_test0_conv",1,1,-9336.048053076,1,"best",1
18,"logit_random",-0.0106546115804034,-0.00687403470110205,-0.174834803315553,0.134465983820282,0.0296829676066257,0.0261773251989581,-0.380077999135782,0.179135101920185,-0.0622163362500894,0.0332681401656361,-0.28144105005009,-0.0384719516158043,-0.274976106725655,-10941.1862903682,-9336.04805413452,NA,NA,0.46655531490477,NA,4,"dup_best_test0_conv",1,1,-9336.048053076,1,"best",1
19,"logit_random",-0.0554488140775502,-0.125633840672868,-0.196317540606642,0.121510997660085,0.0126211968033934,0.0933761901088763,0.315178369231409,0.372937905193187,0.256239817013093,-0.211281074460377,-0.214251303543499,-0.151678864141618,-0.326305587533153,-10465.3437567062,-9336.04805309446,NA,NA,0.0291667096711624,NA,4,"dup_best_test0_conv",1,1,-9336.048053076,1,"best",1
20,"logit_random",-0.0246724336891311,0.0928447828879054,-0.281175193618649,0.140077057306027,0.0426076017844324,0.207210901877177,-0.216270778966504,-0.0298838232561201,-0.645121354601779,-0.110260030228919,0.962036835714704,-0.0338222867235581,-1.15896718583102,-13661.5234649566,-9336.04805481011,NA,NA,0.349797046554426,NA,4,"dup_best_test0_conv",1,1,-9336.048053076,1,"best",1
21,"logit_random",-0.024169129676555,-0.104030695548737,-0.0926644989606366,0.0780644680035071,-0.00366195637015529,0.187870794573531,-0.435394502029645,0.348332955524096,-0.0310872964830466,0.0145823309688296,0.0749560292699367,-0.0880721988355382,-0.346832455904872,-10647.6063023903,-9336.04805308087,NA,NA,0.0250796385904968,NA,4,"dup_best_test0_conv",1,1,-9336.048053076,1,"best",1
22,"logit_random",-0.0210397454746102,-0.184647231588183,-0.170379100922395,-0.0427451356177151,0.0197457514060354,-0.332539200067357,-0.405563831025354,-0.141969910892968,-0.148811183850136,-0.0293627716076242,-1.30843606105943,-0.0824375775768003,-1.06444281319364,-10966.41406439,-9336.04805337151,NA,NA,0.501118974323858,NA,4,"dup_best_test0_conv",1,1,-9336.048053076,1,"best",1
23,"logit_random",-0.110948656671453,-0.199080446159849,-0.0229502749329279,0.105761645779237,0.0354828650703596,0.335497322086969,-0.618093498001693,0.478351528289954,-0.147962615887963,-0.206758266940633,-3.18076424815352,-0.0754817382257684,0.29550097944595,-11334.5110288197,-9336.048053133,NA,NA,0.0488743944792102,NA,4,"dup_best_test0_conv",1,1,-9336.048053076,1,"best",1
24,"logit_random",-0.113667792760491,0.0208501648210444,-0.156386249681062,0.0555012563981592,0.0355288951295535,-0.0672618613524734,-0.323823796885421,0.653918300164178,-0.37289934639035,-0.129083813895681,-1.28153437728993,0.0140469578581673,0.554362600001555,-10464.0815679324,-9336.04805344714,NA,NA,0.0910568660238446,NA,4,"dup_best_test0_conv",1,1,-9336.048053076,1,"best",1
25,"logit_random",0.0444264677224167,0.0602784986077976,0.0452990206001027,0.161298455889508,-0.00757001227390251,0.228796754429988,-0.563250699928185,0.123772991046785,-0.0913145276052806,-0.186989250167275,-1.12053594816673,-0.0447159208476775,-0.357184557581327,-15682.8616302875,-9336.04805795181,NA,NA,0.856421994954577,NA,4,"dup_best_test0_conv",1,1,-9336.048053076,1,"best",1
26,"logit_random",-0.105257688336533,-0.0431626151098643,-0.0805579141274165,0.0496742553093281,0.00391442842133349,0.30427355624124,-0.56364359765081,0.36695942339149,-0.175641769108593,-0.295090602964937,-1.00191815366485,-0.0653311247650884,-0.504779674896986,-9951.62968152674,-9336.04805307776,NA,NA,0.00864249737085094,NA,4,"dup_best_test0_conv",1,1,-9336.048053076,1,"best",1
27,"logit_random",0.0105434649198022,-0.0577903453934501,-0.0814339722316185,0.0941664457812733,-0.000907872686507015,0.153017424576948,-0.39179244222157,0.12836776123638,-0.323720099820599,-0.108375727589746,-2.00624005776818,0.0059964901443898,0.00481198054458298,-12407.8408342847,-9336.04806100069,NA,NA,0.38995198528614,NA,4,"dup_best_test0_conv",1,1,-9336.048053076,1,"best",1
28,"logit_random",-0.0582157285720307,-0.130797855062492,0.0342639380188395,0.0050624891620356,0.0380201742653392,0.0478670469255921,-0.461453644585763,0.565499469753155,-0.25555701080225,-0.285299843487795,-1.06685907292447,-0.148637457242313,-0.0136369334986451,-10161.9638904542,-9336.04805314947,NA,NA,0.237396167947307,NA,4,"dup_best_test0_conv",1,1,-9336.048053076,1,"best",1
29,"logit_random",-0.0488625218021596,-0.118867165565008,-0.167937818385093,0.131608044211609,0.0408066413134838,0.147593820753496,-0.199677109665978,0.0307352390385724,-0.278054344274375,0.0995260657554874,-1.56613429521995,0.00252861051571992,-0.584276993681493,-9769.60172901772,-9336.04805316113,NA,NA,0.0694737475591467,NA,4,"dup_best_test0_conv",1,1,-9336.048053076,1,"best",1
30,"logit_random",-0.0407400330325382,0.0441117166680573,-0.0512726595739479,0.070754312567901,-0.00497573370422317,0.173897905685952,-0.218235231098253,1.06313128916867,-0.253109243140937,-0.225138421335186,-1.92088323986802,0.00844485327724143,-0.904181713506512,-11155.4816460264,-9336.04805309455,NA,NA,0.0232764613394655,NA,4,"dup_best_test0_conv",1,1,-9336.048053076,1,"best",1
31,"logit_random",-0.112891101508832,-0.0910280877972711,0.0316799301587887,-0.0350021581580139,0.0128790508336882,0.315928662012579,-0.164601614101839,0.382643318846126,0.178930737869829,-0.140982376110231,-0.50897473425789,-0.0351968022011762,-0.369688282608968,-10771.3387673027,-9336.04805319316,NA,NA,0.0722258745186798,NA,4,"dup_best_test0_conv",1,1,-9336.048053076,1,"best",1
32,"logit_random",-0.143634736046879,0.0331075855874772,-0.165994009210147,0.11313103388947,-0.0119074139596556,0.0523370704066813,-0.0669557625279741,0.394497239557636,-0.667629029901515,-0.409222760972012,-0.879242848192543,0.0044647859829029,0.226739813400724,-11071.9758501711,-9336.04805307601,NA,NA,0.000355181502446164,NA,4,"dup_best_test0_conv",1,1,-9336.048053076,1,"best",1
33,"logit_random",-0.129294605863711,-0.047790963321511,-0.279296892979448,0.0804873423433059,-0.00909033225705459,0.0607733617942073,0.230040525824407,0.483525005232411,-0.140379528488125,-0.19173478202128,-0.441693387093132,-0.0387075510050695,-0.456565182072894,-11098.7713276918,-9336.04805309467,NA,NA,0.100717616107265,NA,4,"dup_best_test0_conv",1,1,-9336.048053076,1,"best",1
34,"logit_random",-0.123937628671425,-0.0999333030577616,-0.0386622619922269,0.0533573993025893,-0.00666007780656073,0.276383323408484,-0.0912036644372,0.26263412964184,-0.437293966476413,0.0696461813487758,-1.96563419007391,-0.078086929426934,-0.805567719187758,-10451.2147093433,-9336.04805308461,NA,NA,0.0486742337828441,NA,4,"dup_best_test0_conv",1,1,-9336.048053076,1,"best",1
35,"logit_random",-0.300527464203764,-0.0642372299697145,-0.129373527035116,0.233952581017301,0.041240808743521,0.134940545009954,-0.241321035489195,0.447191605923056,-0.424854086137348,-0.0637136612372308,-1.56555799744586,-0.0683580622463312,-0.527147306074735,-16327.9136856804,-9336.04805325521,NA,NA,0.0609043984907639,NA,4,"dup_best_test0_conv",1,1,-9336.048053076,1,"best",1
36,"logit_random",-0.159411313715219,-0.22647204672111,-0.168036563221071,0.0781192792187482,-0.0111383308672378,-0.00047769647941745,-0.112305048912854,0.0668937032671993,-0.185695912574097,-0.0719729828718366,-1.68842188797697,-0.0473170620433407,-0.182539654498934,-11431.6991811165,-9336.04805308939,NA,NA,0.0239732044961169,NA,4,"dup_best_test0_conv",1,1,-9336.048053076,1,"best",1
37,"logit_random",-0.0955623159147192,-0.260949677254639,0.0176001222263773,0.0900216891050512,0.0316561647506414,-0.0963415475577671,-0.0200010282703163,0.0468760067899792,0.299458382950453,0.071401052884289,-0.515974148142009,0.0582089077480289,-0.529551508868999,-11015.4014315012,-9336.04805309043,NA,NA,0.110779075414286,NA,4,"dup_best_test0_conv",1,1,-9336.048053076,1,"best",1
38,"logit_random",-0.117144662660394,-0.260118446311958,0.0133096713957547,0.186067235811776,0.0159089321075122,-0.0306200399001182,-0.0624420128338702,0.227199171948379,0.0660732255745611,-0.0431448345200215,-1.33972203099704,-0.0945841590497237,-1.25079411453717,-10971.4446425227,-9336.04805307644,NA,NA,0.00156685261060476,NA,4,"dup_best_test0_conv",1,1,-9336.048053076,1,"best",1
39,"logit_random",-0.120829268761915,-0.0762271540455742,-0.10176334816113,0.084388693707756,0.00387031711247403,0.0153070122487665,-0.344743114950914,0.312191003305413,0.124147340991699,-0.0494520135452367,-0.40717259301066,0.0109382502667209,0.0340540335106084,-10501.5750959155,-9336.04805308613,NA,NA,0.0312463473889825,NA,4,"dup_best_test0_conv",1,1,-9336.048053076,1,"best",1
40,"logit_random",-0.0625422640340241,-0.106670468822296,-0.102985782799454,0.139144138369585,0.0232711433203639,0.267243815960071,-0.429096306119953,0.0910437909249451,0.297915137750491,-0.209938029972599,-1.38575186727286,0.0251791681580647,-0.180856883894903,-9614.73775677498,-9336.04805313107,NA,NA,0.0571732061832242,NA,4,"dup_best_test0_conv",1,1,-9336.048053076,1,"best",1
41,"logit_random",-0.106629392782575,-0.277439968145796,-0.128159943111727,0.11415494917983,0.0293873268280281,0.0881662391629593,-0.237869044232662,0.0396461453620152,-0.601888695908459,-0.0309892725469309,-3.22284201074186,-0.1419142081841,-1.09605668859862,-10982.7934280033,-9336.04805399721,NA,NA,0.197815555094051,NA,4,"dup_best_test0_conv",1,1,-9336.048053076,1,"best",1
42,"logit_random",-0.0491807597714779,-0.23505835354312,0.0577884045777039,0.219511989858199,0.0214548883909724,0.21235071012558,-0.635226082424086,0.345226858002844,-0.5179368096408,-0.116561418335862,-0.613496436479942,-0.0076006603678155,0.0442762218383429,-10740.4699646345,-9336.0480530814,NA,NA,0.0160506514921043,NA,4,"dup_best_test0_conv",1,1,-9336.048053076,1,"best",1
43,"logit_random",-0.0878284637654204,-0.0671021490632055,-0.164200959871222,0.0923076633545622,0.0204381781903257,0.0592146828260812,-0.373568703267639,0.195138102227347,-0.487476599624027,-0.147813232584619,-0.853436150659576,-0.0209551427657548,-0.48315893262604,-9632.48659655563,-9336.04805308261,NA,NA,0.00729743425951168,NA,4,"dup_best_test0_conv",1,1,-9336.048053076,1,"best",1
44,"logit_random",-0.0795700669041592,-0.0042624781674544,-0.182976663649602,0.109172265866806,-0.0156205617362328,0.281094452178381,-0.230530437468423,0.228805095862794,0.043762739102487,-0.363705354283371,-1.76810405834797,-0.0788003763299671,-0.753693674965121,-9656.24858635341,-9336.0480530775,NA,NA,0.0213980513931901,NA,4,"dup_best_test0_conv",1,1,-9336.048053076,1,"best",1
45,"logit_random",0.0142038564446635,0.0961265898570262,-0.18299144104117,0.0676489644570201,0.0449065342179587,0.0773833537231807,0.0621281234871981,0.505469077100747,-0.0750399277459452,0.0624968963960097,-2.26023276473326,-0.0937301974122556,0.193695743701452,-13491.3233592695,-9336.04807299078,NA,NA,2.36068349549764,NA,4,"dup_best_test0_conv",1,1,-9336.048053076,1,"best",1
46,"logit_random",0.0588409619886122,-0.1405997472582,0.170314650791761,0.171500531654391,0.0441447741890399,0.110133442551657,0.174850874720386,0.511428485613607,-0.298057624571977,-0.0588581119387727,-0.845144249979349,-0.0982343246302312,-1.09442032174759,-18613.6439418915,-9336.04810531106,NA,NA,2.84812739899262,NA,4,"dup_best_test0_conv",1,1,-9336.048053076,1,"best",1
47,"logit_random",-0.0610671507781778,0.0047392641917483,0.0373334474039135,-0.0176263690099173,-0.023215250985742,0.193902418902264,-0.534845608803258,-0.210041635814544,-0.298277666671263,-0.101531039831185,0.0115897569048242,-0.177129245494844,-0.170725714256734,-10997.922243005,-9336.04805440258,NA,NA,0.401428413923652,NA,4,"dup_best_test0_conv",1,1,-9336.048053076,1,"best",1
48,"logit_random",0.0495826550866543,-0.228866313641488,-0.182388852308357,0.052730514118771,-0.00235833667856967,0.209547035402518,-0.333678229020013,0.574986388309125,0.142478985948362,-0.0449681558499136,-0.657594558536645,-0.143763765465487,0.0689829585366623,-16242.0483626017,-9336.04806488031,NA,NA,0.297453837673599,NA,4,"dup_best_test0_conv",1,1,-9336.048053076,1,"best",1
49,"logit_random",-0.0812301822235289,-0.0137906252023595,-0.00494789118866579,0.152141844921865,0.0015050920545718,0.163490328188909,-0.247844464947184,0.0418367040066326,-0.433558884892815,-0.188218434097391,-2.55684019053505,-0.123807208514638,-0.511667701736183,-10390.3652788835,-9336.04805315426,NA,NA,0.152795406357225,NA,4,"dup_best_test0_conv",1,1,-9336.048053076,1,"best",1
50,"logit_random",-0.030114345262182,-0.132295790118077,-0.0978449576311355,0.0230007027746239,-0.0101896725855441,0.309782669429445,-0.134201256782,0.379749331496118,0.150491220934365,-0.235645689832181,-1.35948388406682,-0.114170372447176,-0.154292726806916,-10025.1862093262,-9336.04805309184,NA,NA,0.00788148252970467,NA,4,"dup_best_test0_conv",1,1,-9336.048053076,1,"best",1
51,"logit_random",-0.13119658507087,-0.081186235753874,-0.334462199329324,0.028243978952294,0.00350111159374758,0.0620088878801135,-0.556826887752561,1.0674095987207,-0.111007472160606,0.0353577241011347,-1.27574397084113,-0.0536614320449658,-0.783647638577179,-11354.9471654284,-9336.04805311787,NA,NA,0.027478382235681,NA,4,"dup_best_test0_conv",1,1,-9336.048053076,1,"best",1
52,"logit_random",-0.0451482510161962,-0.126934263826414,-0.161004486160589,-0.0482485611364341,-0.0269046540170078,0.392796449958251,-0.0658754680730587,1.03363209612108,-0.0416328797029812,-0.0943596984288917,-1.06387816718422,-0.122781261122786,-0.786234375620397,-10668.8971370283,-9336.04805328168,NA,NA,0.188166028559287,NA,4,"dup_best_test0_conv",1,1,-9336.048053076,1,"best",1
53,"logit_random",0.0951374080220994,-0.0293956666079211,-0.330446171229379,0.0747406873406,0.0371349317976486,0.101474698683826,-0.273117881112238,0.514313593631528,-0.542646237211453,-0.0331701370047139,-0.803654765429875,-0.0740113613759717,0.142910915579633,-22541.4301116676,-9336.04809881271,NA,NA,1.06381682699995,NA,4,"dup_best_test0_conv",1,1,-9336.048053076,1,"best",1
54,"logit_random",-0.0297027235710127,-0.124881821740024,-0.0731873732517184,0.109426945424476,0.0268360110549623,0.104818799158506,-0.178030303454656,0.317503370551468,-0.322199111213025,-0.126996311224751,0.493607936233462,-0.127677845630683,-0.671025063151016,-11242.6907191434,-9336.04805312162,NA,NA,0.157262459140966,NA,4,"dup_best_test0_conv",1,1,-9336.048053076,1,"best",1
55,"logit_random",-0.0678899546876512,-0.111714766497084,-0.314689682665814,-0.0755955293712053,0.0750723657946094,0.350821387977819,-0.575511361133321,0.714207899854148,-0.0587265340956823,-0.273379909189963,-0.279766847273666,-0.0150118166329152,-0.360646804795141,-10789.7078489593,-9336.04805307894,NA,NA,0.016711662294049,NA,4,"dup_best_test0_conv",1,1,-9336.048053076,1,"best",1
56,"logit_random",-0.120760360960266,-0.20084905413903,0.0722181313806786,0.0563786169683876,0.0301144677542293,0.21634930915753,-0.730623297127724,-0.183517197344378,-0.721946929438873,-0.143978260317244,-0.145852417852258,-0.00335746295669966,-0.479361020887593,-12100.318504723,-9336.04805391588,NA,NA,0.139169438687978,NA,4,"dup_best_test0_conv",1,1,-9336.048053076,1,"best",1
57,"logit_random",0.0162550664315046,0.0615939794048152,-0.323250344738509,0.063824472517738,0.0306816547511122,0.232667409242723,-0.44945353253492,0.337163975923205,-0.584877720406664,0.195753102333569,-0.957851330789936,-0.0714001568639489,-0.740937833689112,-13684.5481187802,-9336.0480558869,NA,NA,0.353403683174633,NA,4,"dup_best_test0_conv",1,1,-9336.048053076,1,"best",1
58,"logit_random",-0.156707270786331,-0.11513001406,-0.263161796987705,-0.0101165731359425,0.00916336851146898,0.658572037537044,-0.118822497652342,-0.128777593951625,-0.138891127509888,-0.219127718418443,-2.16986547112048,-0.0147053980449839,-0.505748383724209,-11743.0362154666,-9336.04805327387,NA,NA,0.072595956471583,NA,4,"dup_best_test0_conv",1,1,-9336.048053076,1,"best",1
59,"logit_random",-0.0878012869023903,-0.246163326618447,-0.223420171434419,0.124370131373125,0.018394993962234,0.111007089297726,-0.29197567681348,-0.373863544981043,-0.450518501531415,-0.0252556820715402,-1.75630896267773,-0.136128827166703,-0.403154403102016,-10747.5562039256,-9336.04805308051,NA,NA,0.00676107405158154,NA,4,"dup_best_test0_conv",1,1,-9336.048053076,1,"best",1
60,"logit_random",-0.00125909807568382,0.0277007920658722,0.118343928061879,0.065930180497427,0.00283326828115263,0.282455065512142,-0.531587581561816,0.452490395343424,-0.554002076463463,-0.0684575570575341,-0.667335166606354,-0.106224096359406,-0.566657400143094,-12735.93040414,-9336.0480542735,NA,NA,0.116599008460697,NA,4,"dup_best_test0_conv",1,1,-9336.048053076,1,"best",1
61,"logit_random",0.078544455285972,-0.0564677616932057,-0.243196896581897,0.074898559298726,0.00947272328399944,0.200492275117437,-0.0242733691604433,0.280852048600653,-0.0603826941433176,-0.086492011967621,-1.36065241514115,-0.0671459648955478,-0.65889941894555,-19641.2527238264,-9336.04813716186,NA,NA,0.877486923405381,NA,4,"dup_best_test0_conv",1,1,-9336.048053076,1,"best",1
62,"logit_random",-0.0639462030211476,0.166170072122728,-0.143458079190267,-0.0418385669127637,0.00832198458807411,0.271267948426782,-0.572160398733191,0.452396691751117,-0.098612100611301,-0.185408937948587,-0.565422744397349,-0.0162346166975556,-0.487009175407378,-10194.3225507963,-9336.04805324865,NA,NA,0.193267482550898,NA,4,"dup_best_test0_conv",1,1,-9336.048053076,1,"best",1
63,"logit_random",-0.117774570737232,-0.0780591377970062,-0.217914103130256,-0.0174598476010711,0.00825791537518148,0.124563483168304,-0.249429031299325,0.528891915717272,-0.327531693544727,0.0643643531508935,-1.03681143409042,-0.00887398194954971,-0.617118252568002,-10149.8134651409,-9336.04805594652,NA,NA,1.66092066833277,NA,4,"dup_best_test0_conv",1,1,-9336.048053076,1,"best",1
64,"logit_random",-0.0444946370639717,0.0271586581358338,-0.135771065076587,0.05877931136082,0.00225509896448409,0.0377362087839957,-0.227478304476201,0.484372628499476,-0.303155934235978,-0.0360664230065035,-2.52965174147188,-0.123687862722753,-0.210597162706614,-10377.48526576,-9336.04805371812,NA,NA,0.41163219705721,NA,4,"dup_best_test0_conv",1,1,-9336.048053076,1,"best",1
65,"logit_random",-0.124062381584777,-0.0269345130338201,-0.118628121502164,0.0490296149437225,-0.00938216678387242,0.0489367761906991,-0.44612219708686,0.322238302000449,-0.490017888925588,-0.135019125005043,-1.87052486635356,0.0216036571852084,-1.00651641417608,-10310.5657798149,-9336.04805485797,NA,NA,0.278211771014286,NA,4,"dup_best_test0_conv",1,1,-9336.048053076,1,"best",1
66,"logit_random",-0.0521536767707935,-0.121563727200309,-0.202443300347214,-0.0379758742640346,0.00746588404247708,0.0948446662976922,-0.443787676035993,0.2036880507638,-0.126001598893884,-0.187104600913722,-2.10252193156034,-0.0339573618474982,-0.30553854867239,-9871.75814170589,-9336.04805307872,NA,NA,0.00591554319147848,NA,4,"dup_best_test0_conv",1,1,-9336.048053076,1,"best",1
67,"logit_random",-0.0559987425914325,0.00314883215911753,-0.193380448756675,0.0997905632078941,-0.0105765685017193,0.0496796265683119,-0.0375384069902917,-0.178192819083788,-0.416374114435507,-0.280367345946083,-1.70089426323172,-0.060345164757687,0.240683340474347,-10489.5591556132,-9336.04805439992,NA,NA,1.08115630680505,NA,4,"dup_best_test0_conv",1,1,-9336.048053076,1,"best",1
68,"logit_random",-0.0886172477540002,-0.183010185246378,-0.246960151915796,0.207102789291339,0.0423503164867552,0.188234367169041,0.0510087675721171,0.523773929101774,-0.054549630619267,-0.0833300123391695,-1.6225641531055,-0.0752996831008904,0.158016608129716,-10018.7864194213,-9336.04805308524,NA,NA,0.00954234723755784,NA,4,"dup_best_test0_conv",1,1,-9336.048053076,1,"best",1
69,"logit_random",-0.00620841089150316,-0.100403126469013,0.0435446652967477,0.095957054123266,0.000259765115713337,0.263025883856299,-0.00820661386117122,0.28103013407358,-0.396468202204028,-0.0382923368565582,-0.607143268170814,-0.0114497412824605,0.0284333043981689,-11346.7524965071,-9336.04805373194,NA,NA,0.119365041212721,NA,4,"dup_best_test0_conv",1,1,-9336.048053076,1,"best",1
70,"logit_random",-0.00534582148097024,0.0500059513011922,-0.107508398646005,0.100862061411833,0.00585081425054866,0.312572660074053,-0.106821884700311,0.394640522550628,-0.462845472829737,-0.108907057329755,-1.50833881244196,-0.180290994797975,-0.400809722476267,-11110.4468085088,-9336.04805348203,NA,NA,0.0719637593937556,NA,4,"dup_best_test0_conv",1,1,-9336.048053076,1,"best",1
71,"logit_random",-0.102634540753975,-0.189131478341488,-0.175539491642145,-0.0400488869661246,0.0105848110012149,-0.0117088382209734,-0.313215053027238,0.889617313462115,-0.181433938836556,-0.0729586730439327,-2.23903433764778,-0.0838631545852227,-0.79723623372589,-10289.3479609103,-9336.04805360767,NA,NA,0.473622727521922,NA,4,"dup_best_test0_conv",1,1,-9336.048053076,1,"best",1
72,"logit_random",-0.0290073637052329,-0.167376416882207,0.0205042394414848,0.0623135629348982,0.0168285800017615,0.190438201324513,0.0958929315025559,0.343537769664738,-0.381712975154929,-0.0709874172726674,-1.39375683888492,-0.0170393543753658,-0.34145656400678,-10357.6637785895,-9336.04805308051,NA,NA,0.0214726026852419,NA,4,"dup_best_test0_conv",1,1,-9336.048053076,1,"best",1
73,"logit_random",-0.184190759586547,-0.146641438278062,-0.103524421732059,0.154346318240237,0.00750379356632755,0.145795492602206,-0.00536653064090326,-0.18953146531679,-0.449107073486052,-0.126569183120829,-1.38072237372161,-0.0564924890360409,0.158356460200735,-12773.6123905158,-9336.04805309479,NA,NA,0.0641595222545552,NA,4,"dup_best_test0_conv",1,1,-9336.048053076,1,"best",1
74,"logit_random",-0.169217543931384,-0.299612819824138,-0.188321530605089,0.0138361695965621,0.0255941953853404,0.447516060109294,-0.250748986362043,0.139629843171981,0.417319565536915,-0.255603423251289,-2.09249113938982,-0.101164370920436,-0.317264569130885,-11981.9313018676,-9336.04805321603,NA,NA,0.287177097317071,NA,4,"dup_best_test0_conv",1,1,-9336.048053076,1,"best",1
75,"logit_random",-0.284972691942718,-0.188178935968807,0.0398966878928673,0.176937119128922,0.00481705978724506,0.185912708137891,-0.190204597122388,0.371070446482642,-0.00175123310310837,-0.186760013301951,-1.59588884652321,-0.0278388932254037,-0.268130158987904,-16437.5413303917,-9336.04805335927,NA,NA,0.0845513008330028,NA,4,"dup_best_test0_conv",1,1,-9336.048053076,1,"best",1
76,"logit_random",-0.0557554374843205,-0.17071848976255,0.135104255402684,0.025164178112878,0.00147006245675826,0.00359608227299468,-0.0883273474081963,0.369869375698856,0.0496083166138777,-0.253597626126297,-1.80091544061847,-0.158821895826625,-1.03750754285759,-10974.4607394345,-9336.0480530827,NA,NA,0.0673098922902812,NA,4,"dup_best_test0_conv",1,1,-9336.048053076,1,"best",1
77,"logit_random",-0.0900121828158626,-0.0433098886348717,-0.185497565830232,0.0696285856774265,-0.00140454726065826,0.403950017009492,-0.289400079970621,0.467502438637115,0.268952088324137,-0.0658002383217998,-0.638480577246981,-0.0449536360811015,-0.552051243218735,-9918.30638756802,-9336.04805307683,NA,NA,0.0128897649488166,NA,4,"dup_best_test0_conv",1,1,-9336.048053076,1,"best",1
78,"logit_random",-0.22648933055259,0.0727057885583466,-0.0937868669460457,0.0211895764938917,0.0350078028323066,0.00278547850465996,-0.195912549810768,-0.188250984442061,-0.0904713213155671,-0.232558409710733,0.762007561697951,-0.00783482982150008,0.16502816023738,-16359.3485201037,-9336.04805333545,NA,NA,0.369476533231098,NA,4,"dup_best_test0_conv",1,1,-9336.048053076,1,"best",1
79,"logit_random",-0.043767499183986,-0.0855592460446938,-0.139419326005228,0.00638592616271463,0.0113182335538811,0.0308168646283776,-0.346616093346555,0.253985781413938,-0.49610016028991,-0.311760992042017,-0.607613400121167,-0.00866156478453969,-0.701285348454569,-9798.68873657019,-9336.0480530773,NA,NA,0.00862542894670909,NA,4,"dup_best_test0_conv",1,1,-9336.048053076,1,"best",1
80,"logit_random",-0.108205960949523,-0.0923506657304856,-0.216765907813351,0.128872790212246,0.018144570248146,-0.0811731960459116,-0.273663928696403,0.338736830377018,-0.166085074617205,-0.0841509276491157,-3.02282736366631,-0.115926770238486,-0.395533662757087,-10530.4461342851,-9336.04805557694,NA,NA,0.477743940547318,NA,4,"dup_best_test0_conv",1,1,-9336.048053076,1,"best",1
81,"logit_random",0.054161950114633,-0.102247859626011,-0.209313635280715,0.101310480674339,0.020876537431929,0.100711932783642,0.133376752319001,0.1668805365376,-0.206506311304512,-0.240520672681898,-0.687499219388324,-0.155006031537523,0.00467949433367026,-16712.4958740761,-9336.04806431055,NA,NA,1.03028472142505,NA,4,"dup_best_test0_conv",1,1,-9336.048053076,1,"best",1
82,"logit_random",-0.18777281686449,-0.129260156950292,-0.121783581295018,0.107558279135106,0.0188882343855207,-0.0894225804815157,-0.156624776427013,0.220761272259702,-0.0684387610734327,-0.0618684018946263,1.36043586629452,0.0227534662979403,-0.364137319629135,-15040.8570379839,-9336.04805314681,NA,NA,0.2938660089511,NA,4,"dup_best_test0_conv",1,1,-9336.048053076,1,"best",1
83,"logit_random",-0.0236327272098651,-0.130002053430568,0.0207134882954149,0.0844194850884047,0.0213357216413932,0.253111723316135,-0.352368327911278,0.221120301029016,-0.433903108669729,-0.0921376815577314,-0.270941436381372,-0.0722131511086948,-0.0937398812908816,-10737.1944409191,-9336.04805312175,NA,NA,0.091417154712924,NA,4,"dup_best_test0_conv",1,1,-9336.048053076,1,"best",1
84,"logit_random",0.0122374118387791,0.0080621982261929,-0.213832398431333,0.0559460252074287,0.0171328887419769,0.256502606779091,-0.219963804983607,-0.0923467691163684,-0.0418018520635701,-0.222590400752561,1.28557303054815,-0.117514497271828,-0.196528186798871,-15355.9355130482,-9336.04805400529,NA,NA,0.203308913316632,NA,4,"dup_best_test0_conv",1,1,-9336.048053076,1,"best",1
85,"logit_random",-0.0776815178224438,-0.0869556180247421,0.0126363110035788,0.076679583590509,0.0326831582761585,-0.00250497259602886,-0.296186092347231,0.0364150869090981,-0.219623896007706,-0.104951238313383,0.641340014750398,-0.0708326070521913,0.123761895805197,-11315.3449554365,-9336.04805308294,NA,NA,0.0115251351022289,NA,4,"dup_best_test0_conv",1,1,-9336.048053076,1,"best",1
86,"logit_random",-0.150795225237859,-0.150745206067856,-0.123275640669558,0.0583808816483154,0.0254642268421374,0.0791934963496351,-0.35927636571558,-0.396600119623413,0.101071364793192,-0.000708527162121192,-0.0800814241191019,-0.00141104610160447,-0.997042061673041,-12938.7208550064,-9336.04805310864,NA,NA,0.0202115410496581,NA,4,"dup_best_test0_conv",1,1,-9336.048053076,1,"best",1
87,"logit_random",-0.0353913492345429,-0.0557451747065594,-0.129797784276442,0.0579440585794942,0.00037981077749848,0.200743927998698,-0.0891692767493132,-0.174749003209725,-0.285504077645469,-0.113165614406108,-0.289500661127557,0.025974401769756,-0.855461065607934,-10627.2011573845,-9336.04805308086,NA,NA,0.0121147863372168,NA,4,"dup_best_test0_conv",1,1,-9336.048053076,1,"best",1
88,"logit_random",-0.00787137574504203,-0.000217112679011311,-0.0747266232296767,0.0906920768658288,0.0282800742798413,0.0859066640455353,-0.079409412168289,0.374583346809697,0.514518487636863,-0.160214766330145,-2.31553108828294,-0.0809521295535914,-0.98225036151578,-11778.6296036195,-9336.04805917059,NA,NA,1.04129499207092,NA,4,"dup_best_test0_conv",1,1,-9336.048053076,1,"best",1
89,"logit_random",-0.0567646159841047,-0.0514069951820892,0.00614440218528227,0.0897173650112506,0.00851243681853034,0.486707553282136,-0.0833978297979088,0.230520430112619,-0.00268690679963879,-0.215677532322124,0.0755285862039259,0.0285765823292538,-0.791899630746625,-10603.6896948867,-9336.04805308983,NA,NA,0.0118578208539213,NA,4,"dup_best_test0_conv",1,1,-9336.048053076,1,"best",1
90,"logit_random",-0.0907000355013562,-0.178130017688537,0.0380458659737128,0.0812114599428383,0.0213533811708592,0.232397236269588,-0.141254606926878,0.326906646501605,-0.168625374591181,-0.0371698668871232,-1.92454939696341,0.0203890284030319,-0.807718778884641,-10250.744767035,-9336.0480531124,NA,NA,0.159734218247582,NA,4,"dup_best_test0_conv",1,1,-9336.048053076,1,"best",1
91,"logit_random",-0.0631551134426816,-0.192743761321256,-0.13012072551597,0.0500266253864273,-0.0110710202388598,-0.0360410369265372,-0.195574520144366,0.441597406554897,-0.504117283295705,-0.268810365401754,-2.18687905255871,0.0337487876447716,-0.396624234978695,-9792.13068884696,-9336.04805322729,NA,NA,0.056181684908504,NA,4,"dup_best_test0_conv",1,1,-9336.048053076,1,"best",1
92,"random",0.623301088713804,-0.203659833262169,-0.827739752808813,-0.175854847227683,-0.172745931012488,0.824960206966316,-0.960132661925418,-0.492450476970269,-0.479705432653518,-0.324488586681244,-0.325869492245336,-0.470959050031099,0.318998968127756,-118731.944285673,-9346.09432203428,-9336.04805307604,NA,1290.09201549209,0.00536470702165065,4,"dup_best_test0_conv",1,1,-9336.048053076,1,"best",1
93,"random",0.270583307548731,0.0809347472391717,-0.364594176129685,-0.273583216683355,1.08444437327865,0.303120393475103,0.599076306747188,0.148499016936873,-0.43431965452314,-0.0596403474825378,0.679161528926006,-0.391995732905181,-0.364002004384393,-54397.2617250644,-9336.04805876447,NA,NA,0.288156410952415,NA,4,"dup_best_test0_conv",1,1,-9336.048053076,1,"best",1
94,"random",0.162670135947101,0.341881443289864,-0.0391539216949322,0.0311010958358036,0.388272309774613,0.0571682559845913,0.937577562414604,0.206602063295756,-0.563675710143436,0.0499317621628665,-0.198699120665715,0.230035016197302,-0.646517233082054,-35352.8813797145,-9336.04806351477,NA,NA,1.15406936588118,NA,4,"dup_best_test0_conv",1,1,-9336.048053076,1,"best",1
95,"random",0.550702057766123,0.598958261963772,-0.363695195497945,0.178372209937846,0.128701944047739,0.450781823415534,1.17306339955452,-1.07740002739646,0.595001849383547,0.542922506748234,0.475460050600441,-0.355918590301858,-0.366704025145432,-110978.346807797,-9358.70548408925,-9336.04805307603,NA,1748.64482423044,0.000456205422204322,4,"dup_best_test0_conv",1,1,-9336.048053076,1,"best",1
96,"random",-0.508534663009303,-0.208663512961172,0.15845513285958,-0.456356540358453,0.729230799886363,0.1823709675619,0.440038612303488,-0.411087808076786,0.279483969627419,0.848245055460688,-0.579460418173402,-0.532073493933975,0.192422613378906,-30395.6500321422,-9336.04805676866,NA,NA,0.166036610177697,NA,4,"dup_best_test0_conv",1,1,-9336.048053076,1,"best",1
97,"random",-0.355260066309542,-0.127432631010358,0.49077326712453,0.120457425499296,-0.0168083154894728,-0.530230037204893,0.363910895837998,-0.647209755245932,0.31708028494302,0.352578827432083,-0.204948096560344,-0.216989400944609,0.72397248593726,-27732.4262004709,-9336.04805345077,NA,NA,0.083383003925392,NA,4,"dup_best_test0_conv",1,1,-9336.048053076,1,"best",1
98,"random",-0.439776590131858,0.5732624244109,0.344160909475439,-0.914051192136929,-0.169988485734251,-0.105249872407389,0.0478439967912761,0.314120683310841,-0.959984224615195,0.251978788945443,-0.364864805170752,-0.422045214388287,0.443985965509157,-28760.8001583338,-9336.04805577808,NA,NA,0.4928001491245,NA,4,"dup_best_test0_conv",1,1,-9336.048053076,1,"best",1
99,"random",-0.569640113863637,-0.0113451444281188,0.00634729446091291,-0.528632566073404,-0.556849805010613,0.351352023393834,0.567507039580522,0.509845442145561,0.129710874955205,0.229343515010235,-0.566712671960334,0.470995245141017,-0.847760515037384,-30909.0903234488,-9336.0480537999,NA,NA,0.280838771916944,NA,4,"dup_best_test0_conv",1,1,-9336.048053076,1,"best",1
100,"random",0.353017633843712,-0.647332686412126,-0.0660815347927277,-0.353694597167794,0.142635922145999,-0.127776374186203,-0.21935265843017,-0.104293786608314,-0.0657029799627084,0.667053308916823,0.310933585127858,0.437067154018259,1.02885118021317,-69549.270364057,-9336.04805338682,NA,NA,0.240313948682574,NA,4,"dup_best_test0_conv",1,1,-9336.048053076,1,"best",1
101,"random",-0.28087099502408,0.31990352797229,-0.96971365703405,0.995370748547427,-0.271267802913033,0.855015773400867,-0.358487571677119,1.02101791592208,-0.0932681601722121,0.209598066618987,-0.318387917219589,0.902134578188158,0.45305592325692,-20904.4862407785,-9336.04805672432,NA,NA,0.336920290791095,NA,4,"dup_best_test0_conv",1,1,-9336.048053076,1,"best",1
