"stage","candidate","LL","gradNorm","b_Price","b_Acceleration","b_OpCost","b_hev","b_phev20","b_phev40","b_bev","b_bevRangeRel","b_noBEVFC","b_american","b_chinese","b_japanese","b_skorean"
1,1,-9336.048053076,NA,-0.065961032,-0.086724325,-0.123458989,0.078787462,0.017337116,0.133321046,-0.225292786,0.305755872,-0.261643415,-0.113318709,-1.203619405,-0.05776064,-0.392742187
1,2,-11463.9729564349,NA,-0.132912054426738,-0.0317514846597768,-0.296309833138667,0.132786088475688,0.0422129712608777,0.298561928959281,-0.403804848689593,0.582043518948123,-0.0697289753289601,-0.0357137987946508,-0.19267666316203,-0.088615234118855,-0.879291385688933
1,3,-9939.0479190304,NA,-0.0712139533661922,-0.234805109101998,-0.273897049079491,0.114851146604367,0.0381744072562988,0.378571213963414,-0.370823364526657,0.227134972848306,-0.373269956840957,0.0891524688009366,-1.16545357121991,-0.108728817826955,-0.542250373874088
1,4,-9888.07677662691,NA,-0.0813290964109317,-0.0850170225917828,-0.271688291044229,0.224291546742349,0.0277198951181197,0.431341707455648,-0.369073102379234,0.173860428772547,-0.228024405738469,-0.149035340552226,-0.931048438553067,-0.0276163435266425,-0.590285913209914
1,5,-11720.4781107069,NA,-0.119868868325778,-0.112637238243265,0.172004990918167,-0.189186355726188,0.0313139797071506,-0.071663683817945,-0.249324755441883,0.420117241747908,-0.197547071821742,-0.170530928177282,-0.864594689040799,0.000910093078184897,-0.290098474826986
1,6,-12185.5335533223,NA,-0.0150331234486085,-0.125035907847423,-0.356581028866325,0.0808707887999832,0.0309006254005847,-0.0532538010989543,-0.269500461194808,-0.137209704362502,-0.430794888604484,-0.0443790838185552,-1.93844873713301,-0.0209083487276567,-0.711581961994509
1,7,-10087.8645442242,NA,-0.0768849661652772,-0.0354723896420691,-0.0562927682073148,0.10796401963052,0.0185786177913368,0.231726483651997,-0.0574577462969998,0.154006055417125,-0.0344897094090248,0.0681299810604298,-1.6982422303855,-0.130301785656572,-1.3695024135264
1,8,-12170.8323723369,NA,-0.00178923084774839,-0.185097531433486,-0.220358442049782,0.0156518250567884,-0.000126554478172395,0.20343364969201,-0.0384464571662388,0.776440620180598,-0.303334158763296,-0.276792064469876,-1.87471503022261,-0.0321885877326055,-0.02328686331162
1,9,-17812.1876596384,NA,0.0472633207333241,-0.124774153224788,0.0491830334351064,0.0789696282619649,0.00768180766790008,0.156342663689968,-0.0480607777235375,0.837521445185013,-0.0774713260657001,-0.1836797675187,0.644691656313983,-0.0890116111213439,-0.309425480854696
1,10,-9844.67967723385,NA,-0.0491253357788771,-0.0568129866068393,-0.0202182725856738,-0.00593229816861381,-0.0309705889812255,0.254414500826644,-0.362349033772183,0.383907160590111,-0.151277340273099,0.104522641184453,-1.61636152243747,-0.0211079770420123,-0.70606135101813
1,11,-11441.0669572854,NA,-0.0417809629912746,-0.125698268753003,-0.269967530623023,0.151437675894396,0.0111494948484412,-0.104761992242752,-0.251729757074729,-0.306753575555337,-0.320560748428287,-0.134548953657592,-2.56519973957376,-0.0240609370063418,-0.848475616178635
1,12,-13165.0889866221,NA,0.0119250445977048,-0.0829240458664507,-0.277316080229864,0.0929837391404516,0.0236499043084351,-0.135861591463261,0.0366566405786292,0.0853094305974864,-0.194906881377083,-0.229529270218293,-0.274713988960326,-0.14104192225175,-0.186457331519967
1,13,-11377.8189799825,NA,-0.0235354193568555,-0.135983011900542,-0.251308872131483,0.257138373878214,0.032457458464313,-0.121480950701091,-0.461702631617235,0.276988687423819,-0.0209034544781351,-0.101937335493971,-2.58602590134598,-0.0847227389438767,0.064957293745821
1,14,-13708.1255325007,NA,0.0194797351503173,0.0715354533960555,-0.2968212068271,0.103190993128058,0.0709388398020382,-0.103052472464117,-0.197661050658359,-0.0123392839733669,-0.25200939347501,-0.193267364649529,-1.2223900238944,-0.13127896121978,-0.388212283879798
1,15,-15169.3442561237,NA,-0.053565761945061,-0.0491724694359778,-0.191989496214545,0.155568154022611,-0.00461400094506979,0.156720615508058,0.17919470473392,0.173249624011332,-0.0824773513039554,-0.00567485429403736,2.02374284350926,-0.0492039367138917,-1.19414652691998
1,16,-14999.048494944,NA,0.0389964983824896,-0.204146136436769,-0.166861724173665,0.0564605405806175,0.0339303522555182,0.255327910044233,-0.141836629235888,0.646036299993212,0.0673618536460235,-0.130911279809532,-1.28035601800897,-0.0370064029949582,-1.03083835888006
1,17,-9695.00564002522,NA,-0.0696006995384394,0.0133959514026156,-0.0411325700302075,0.0823877388536409,0.0240276411896053,0.282650452017381,-0.144151895471512,0.211847431037675,-0.548005002780358,-0.0159918802068074,-1.64467260764266,-0.062711587361955,-0.559534706603868
1,18,-10941.1862903682,NA,-0.0106546115804034,-0.00687403470110205,-0.174834803315553,0.134465983820282,0.0296829676066257,0.0261773251989581,-0.380077999135782,0.179135101920185,-0.0622163362500894,0.0332681401656361,-0.28144105005009,-0.0384719516158043,-0.274976106725655
1,19,-10465.3437567062,NA,-0.0554488140775502,-0.125633840672868,-0.196317540606642,0.121510997660085,0.0126211968033934,0.0933761901088763,0.315178369231409,0.372937905193187,0.256239817013093,-0.211281074460377,-0.214251303543499,-0.151678864141618,-0.326305587533153
1,20,-13661.5234649566,NA,-0.0246724336891311,0.0928447828879054,-0.281175193618649,0.140077057306027,0.0426076017844324,0.207210901877177,-0.216270778966504,-0.0298838232561201,-0.645121354601779,-0.110260030228919,0.962036835714704,-0.0338222867235581,-1.15896718583102
1,21,-10647.6063023903,NA,-0.024169129676555,-0.104030695548737,-0.0926644989606366,0.0780644680035071,-0.00366195637015529,0.187870794573531,-0.435394502029645,0.348332955524096,-0.0310872964830466,0.0145823309688296,0.0749560292699367,-0.0880721988355382,-0.346832455904872
1,22,-10966.41406439,NA,-0.0210397454746102,-0.184647231588183,-0.170379100922395,-0.0427451356177151,0.0197457514060354,-0.332539200067357,-0.405563831025354,-0.141969910892968,-0.148811183850136,-0.0293627716076242,-1.30843606105943,-0.0824375775768003,-1.06444281319364
1,23,-11334.5110288197,NA,-0.110948656671453,-0.199080446159849,-0.0229502749329279,0.105761645779237,0.0354828650703596,0.335497322086969,-0.618093498001693,0.478351528289954,-0.147962615887963,-0.206758266940633,-3.18076424815352,-0.0754817382257684,0.29550097944595
1,24,-10464.0815679324,NA,-0.113667792760491,0.0208501648210444,-0.156386249681062,0.0555012563981592,0.0355288951295535,-0.0672618613524734,-0.323823796885421,0.653918300164178,-0.37289934639035,-0.129083813895681,-1.28153437728993,0.0140469578581673,0.554362600001555
1,25,-15682.8616302875,NA,0.0444264677224167,0.0602784986077976,0.0452990206001027,0.161298455889508,-0.00757001227390251,0.228796754429988,-0.563250699928185,0.123772991046785,-0.0913145276052806,-0.186989250167275,-1.12053594816673,-0.0447159208476775,-0.357184557581327
1,26,-9951.62968152674,NA,-0.105257688336533,-0.0431626151098643,-0.0805579141274165,0.0496742553093281,0.00391442842133349,0.30427355624124,-0.56364359765081,0.36695942339149,-0.175641769108593,-0.295090602964937,-1.00191815366485,-0.0653311247650884,-0.504779674896986
1,27,-12407.8408342847,NA,0.0105434649198022,-0.0577903453934501,-0.0814339722316185,0.0941664457812733,-0.000907872686507015,0.153017424576948,-0.39179244222157,0.12836776123638,-0.323720099820599,-0.108375727589746,-2.00624005776818,0.0059964901443898,0.00481198054458298
1,28,-10161.9638904542,NA,-0.0582157285720307,-0.130797855062492,0.0342639380188395,0.0050624891620356,0.0380201742653392,0.0478670469255921,-0.461453644585763,0.565499469753155,-0.25555701080225,-0.285299843487795,-1.06685907292447,-0.148637457242313,-0.0136369334986451
1,29,-9769.60172901772,NA,-0.0488625218021596,-0.118867165565008,-0.167937818385093,0.131608044211609,0.0408066413134838,0.147593820753496,-0.199677109665978,0.0307352390385724,-0.278054344274375,0.0995260657554874,-1.56613429521995,0.00252861051571992,-0.584276993681493
1,30,-11155.4816460264,NA,-0.0407400330325382,0.0441117166680573,-0.0512726595739479,0.070754312567901,-0.00497573370422317,0.173897905685952,-0.218235231098253,1.06313128916867,-0.253109243140937,-0.225138421335186,-1.92088323986802,0.00844485327724143,-0.904181713506512
1,31,-10771.3387673027,NA,-0.112891101508832,-0.0910280877972711,0.0316799301587887,-0.0350021581580139,0.0128790508336882,0.315928662012579,-0.164601614101839,0.382643318846126,0.178930737869829,-0.140982376110231,-0.50897473425789,-0.0351968022011762,-0.369688282608968
1,32,-11071.9758501711,NA,-0.143634736046879,0.0331075855874772,-0.165994009210147,0.11313103388947,-0.0119074139596556,0.0523370704066813,-0.0669557625279741,0.394497239557636,-0.667629029901515,-0.409222760972012,-0.879242848192543,0.0044647859829029,0.226739813400724
1,33,-11098.7713276918,NA,-0.129294605863711,-0.047790963321511,-0.279296892979448,0.0804873423433059,-0.00909033225705459,0.0607733617942073,0.230040525824407,0.483525005232411,-0.140379528488125,-0.19173478202128,-0.441693387093132,-0.0387075510050695,-0.456565182072894
1,34,-10451.2147093433,NA,-0.123937628671425,-0.0999333030577616,-0.0386622619922269,0.0533573993025893,-0.00666007780656073,0.276383323408484,-0.0912036644372,0.26263412964184,-0.437293966476413,0.0696461813487758,-1.96563419007391,-0.078086929426934,-0.805567719187758
1,35,-16327.9136856804,NA,-0.300527464203764,-0.0642372299697145,-0.129373527035116,0.233952581017301,0.041240808743521,0.134940545009954,-0.241321035489195,0.447191605923056,-0.424854086137348,-0.0637136612372308,-1.56555799744586,-0.0683580622463312,-0.527147306074735
1,36,-11431.6991811165,NA,-0.159411313715219,-0.22647204672111,-0.168036563221071,0.0781192792187482,-0.0111383308672378,-0.00047769647941745,-0.112305048912854,0.0668937032671993,-0.185695912574097,-0.0719729828718366,-1.68842188797697,-0.0473170620433407,-0.182539654498934
1,37,-11015.4014315012,NA,-0.0955623159147192,-0.260949677254639,0.0176001222263773,0.0900216891050512,0.0316561647506414,-0.0963415475577671,-0.0200010282703163,0.0468760067899792,0.299458382950453,0.071401052884289,-0.515974148142009,0.0582089077480289,-0.529551508868999
1,38,-10971.4446425227,NA,-0.117144662660394,-0.260118446311958,0.0133096713957547,0.186067235811776,0.0159089321075122,-0.0306200399001182,-0.0624420128338702,0.227199171948379,0.0660732255745611,-0.0431448345200215,-1.33972203099704,-0.0945841590497237,-1.25079411453717
1,39,-10501.5750959155,NA,-0.120829268761915,-0.0762271540455742,-0.10176334816113,0.084388693707756,0.00387031711247403,0.0153070122487665,-0.344743114950914,0.312191003305413,0.124147340991699,-0.0494520135452367,-0.40717259301066,0.0109382502667209,0.0340540335106084
1,40,-9614.73775677498,NA,-0.0625422640340241,-0.106670468822296,-0.102985782799454,0.139144138369585,0.0232711433203639,0.267243815960071,-0.429096306119953,0.0910437909249451,0.297915137750491,-0.209938029972599,-1.38575186727286,0.0251791681580647,-0.180856883894903
1,41,-10982.7934280033,NA,-0.106629392782575,-0.277439968145796,-0.128159943111727,0.11415494917983,0.0293873268280281,0.0881662391629593,-0.237869044232662,0.0396461453620152,-0.601888695908459,-0.0309892725469309,-3.22284201074186,-0.1419142081841,-1.09605668859862
1,42,-10740.4699646345,NA,-0.0491807597714779,-0.23505835354312,0.0577884045777039,0.219511989858199,0.0214548883909724,0.21235071012558,-0.635226082424086,0.345226858002844,-0.5179368096408,-0.116561418335862,-0.613496436479942,-0.0076006603678155,0.0442762218383429
1,43,-9632.48659655563,NA,-0.0878284637654204,-0.0671021490632055,-0.164200959871222,0.0923076633545622,0.0204381781903257,0.0592146828260812,-0.373568703267639,0.195138102227347,-0.487476599624027,-0.147813232584619,-0.853436150659576,-0.0209551427657548,-0.48315893262604
1,44,-9656.24858635341,NA,-0.0795700669041592,-0.0042624781674544,-0.182976663649602,0.109172265866806,-0.0156205617362328,0.281094452178381,-0.230530437468423,0.228805095862794,0.043762739102487,-0.363705354283371,-1.76810405834797,-0.0788003763299671,-0.753693674965121
1,45,-13491.3233592695,NA,0.0142038564446635,0.0961265898570262,-0.18299144104117,0.0676489644570201,0.0449065342179587,0.0773833537231807,0.0621281234871981,0.505469077100747,-0.0750399277459452,0.0624968963960097,-2.26023276473326,-0.0937301974122556,0.193695743701452
1,46,-18613.6439418915,NA,0.0588409619886122,-0.1405997472582,0.170314650791761,0.171500531654391,0.0441447741890399,0.110133442551657,0.174850874720386,0.511428485613607,-0.298057624571977,-0.0588581119387727,-0.845144249979349,-0.0982343246302312,-1.09442032174759
1,47,-10997.922243005,NA,-0.0610671507781778,0.0047392641917483,0.0373334474039135,-0.0176263690099173,-0.023215250985742,0.193902418902264,-0.534845608803258,-0.210041635814544,-0.298277666671263,-0.101531039831185,0.0115897569048242,-0.177129245494844,-0.170725714256734
1,48,-16242.0483626017,NA,0.0495826550866543,-0.228866313641488,-0.182388852308357,0.052730514118771,-0.00235833667856967,0.209547035402518,-0.333678229020013,0.574986388309125,0.142478985948362,-0.0449681558499136,-0.657594558536645,-0.143763765465487,0.0689829585366623
1,49,-10390.3652788835,NA,-0.0812301822235289,-0.0137906252023595,-0.00494789118866579,0.152141844921865,0.0015050920545718,0.163490328188909,-0.247844464947184,0.0418367040066326,-0.433558884892815,-0.188218434097391,-2.55684019053505,-0.123807208514638,-0.511667701736183
1,50,-10025.1862093262,NA,-0.030114345262182,-0.132295790118077,-0.0978449576311355,0.0230007027746239,-0.0101896725855441,0.309782669429445,-0.134201256782,0.379749331496118,0.150491220934365,-0.235645689832181,-1.35948388406682,-0.114170372447176,-0.154292726806916
1,51,-11354.9471654284,NA,-0.13119658507087,-0.081186235753874,-0.334462199329324,0.028243978952294,0.00350111159374758,0.0620088878801135,-0.556826887752561,1.0674095987207,-0.111007472160606,0.0353577241011347,-1.27574397084113,-0.0536614320449658,-0.783647638577179
1,52,-10668.8971370283,NA,-0.0451482510161962,-0.126934263826414,-0.161004486160589,-0.0482485611364341,-0.0269046540170078,0.392796449958251,-0.0658754680730587,1.03363209612108,-0.0416328797029812,-0.0943596984288917,-1.06387816718422,-0.122781261122786,-0.786234375620397
1,53,-22541.4301116676,NA,0.0951374080220994,-0.0293956666079211,-0.330446171229379,0.0747406873406,0.0371349317976486,0.101474698683826,-0.273117881112238,0.514313593631528,-0.542646237211453,-0.0331701370047139,-0.803654765429875,-0.0740113613759717,0.142910915579633
1,54,-11242.6907191434,NA,-0.0297027235710127,-0.124881821740024,-0.0731873732517184,0.109426945424476,0.0268360110549623,0.104818799158506,-0.178030303454656,0.317503370551468,-0.322199111213025,-0.126996311224751,0.493607936233462,-0.127677845630683,-0.671025063151016
1,55,-10789.7078489593,NA,-0.0678899546876512,-0.111714766497084,-0.314689682665814,-0.0755955293712053,0.0750723657946094,0.350821387977819,-0.575511361133321,0.714207899854148,-0.0587265340956823,-0.273379909189963,-0.279766847273666,-0.0150118166329152,-0.360646804795141
1,56,-12100.318504723,NA,-0.120760360960266,-0.20084905413903,0.0722181313806786,0.0563786169683876,0.0301144677542293,0.21634930915753,-0.730623297127724,-0.183517197344378,-0.721946929438873,-0.143978260317244,-0.145852417852258,-0.00335746295669966,-0.479361020887593
1,57,-13684.5481187802,NA,0.0162550664315046,0.0615939794048152,-0.323250344738509,0.063824472517738,0.0306816547511122,0.232667409242723,-0.44945353253492,0.337163975923205,-0.584877720406664,0.195753102333569,-0.957851330789936,-0.0714001568639489,-0.740937833689112
1,58,-11743.0362154666,NA,-0.156707270786331,-0.11513001406,-0.263161796987705,-0.0101165731359425,0.00916336851146898,0.658572037537044,-0.118822497652342,-0.128777593951625,-0.138891127509888,-0.219127718418443,-2.16986547112048,-0.0147053980449839,-0.505748383724209
1,59,-10747.5562039256,NA,-0.0878012869023903,-0.246163326618447,-0.223420171434419,0.124370131373125,0.018394993962234,0.111007089297726,-0.29197567681348,-0.373863544981043,-0.450518501531415,-0.0252556820715402,-1.75630896267773,-0.136128827166703,-0.403154403102016
1,60,-12735.93040414,NA,-0.00125909807568382,0.0277007920658722,0.118343928061879,0.065930180497427,0.00283326828115263,0.282455065512142,-0.531587581561816,0.452490395343424,-0.554002076463463,-0.0684575570575341,-0.667335166606354,-0.106224096359406,-0.566657400143094
1,61,-19641.2527238264,NA,0.078544455285972,-0.0564677616932057,-0.243196896581897,0.074898559298726,0.00947272328399944,0.200492275117437,-0.0242733691604433,0.280852048600653,-0.0603826941433176,-0.086492011967621,-1.36065241514115,-0.0671459648955478,-0.65889941894555
1,62,-10194.3225507963,NA,-0.0639462030211476,0.166170072122728,-0.143458079190267,-0.0418385669127637,0.00832198458807411,0.271267948426782,-0.572160398733191,0.452396691751117,-0.098612100611301,-0.185408937948587,-0.565422744397349,-0.0162346166975556,-0.487009175407378
1,63,-10149.8134651409,NA,-0.117774570737232,-0.0780591377970062,-0.217914103130256,-0.0174598476010711,0.00825791537518148,0.124563483168304,-0.249429031299325,0.528891915717272,-0.327531693544727,0.0643643531508935,-1.03681143409042,-0.00887398194954971,-0.617118252568002
1,64,-10377.48526576,NA,-0.0444946370639717,0.0271586581358338,-0.135771065076587,0.05877931136082,0.00225509896448409,0.0377362087839957,-0.227478304476201,0.484372628499476,-0.303155934235978,-0.0360664230065035,-2.52965174147188,-0.123687862722753,-0.210597162706614
1,65,-10310.5657798149,NA,-0.124062381584777,-0.0269345130338201,-0.118628121502164,0.0490296149437225,-0.00938216678387242,0.0489367761906991,-0.44612219708686,0.322238302000449,-0.490017888925588,-0.135019125005043,-1.87052486635356,0.0216036571852084,-1.00651641417608
1,66,-9871.75814170589,NA,-0.0521536767707935,-0.121563727200309,-0.202443300347214,-0.0379758742640346,0.00746588404247708,0.0948446662976922,-0.443787676035993,0.2036880507638,-0.126001598893884,-0.187104600913722,-2.10252193156034,-0.0339573618474982,-0.30553854867239
1,67,-10489.5591556132,NA,-0.0559987425914325,0.00314883215911753,-0.193380448756675,0.0997905632078941,-0.0105765685017193,0.0496796265683119,-0.0375384069902917,-0.178192819083788,-0.416374114435507,-0.280367345946083,-1.70089426323172,-0.060345164757687,0.240683340474347
1,68,-10018.7864194213,NA,-0.0886172477540002,-0.183010185246378,-0.246960151915796,0.207102789291339,0.0423503164867552,0.188234367169041,0.0510087675721171,0.523773929101774,-0.054549630619267,-0.0833300123391695,-1.6225641531055,-0.0752996831008904,0.158016608129716
1,69,-11346.7524965071,NA,-0.00620841089150316,-0.100403126469013,0.0435446652967477,0.095957054123266,0.000259765115713337,0.263025883856299,-0.00820661386117122,0.28103013407358,-0.396468202204028,-0.0382923368565582,-0.607143268170814,-0.0114497412824605,0.0284333043981689
1,70,-11110.4468085088,NA,-0.00534582148097024,0.0500059513011922,-0.107508398646005,0.100862061411833,0.00585081425054866,0.312572660074053,-0.106821884700311,0.394640522550628,-0.462845472829737,-0.108907057329755,-1.50833881244196,-0.180290994797975,-0.400809722476267
1,71,-10289.3479609103,NA,-0.102634540753975,-0.189131478341488,-0.175539491642145,-0.0400488869661246,0.0105848110012149,-0.0117088382209734,-0.313215053027238,0.889617313462115,-0.181433938836556,-0.0729586730439327,-2.23903433764778,-0.0838631545852227,-0.79723623372589
1,72,-10357.6637785895,NA,-0.0290073637052329,-0.167376416882207,0.0205042394414848,0.0623135629348982,0.0168285800017615,0.190438201324513,0.0958929315025559,0.343537769664738,-0.381712975154929,-0.0709874172726674,-1.39375683888492,-0.0170393543753658,-0.34145656400678
1,73,-12773.6123905158,NA,-0.184190759586547,-0.146641438278062,-0.103524421732059,0.154346318240237,0.00750379356632755,0.145795492602206,-0.00536653064090326,-0.18953146531679,-0.449107073486052,-0.126569183120829,-1.38072237372161,-0.0564924890360409,0.158356460200735
1,74,-11981.9313018676,NA,-0.169217543931384,-0.299612819824138,-0.188321530605089,0.0138361695965621,0.0255941953853404,0.447516060109294,-0.250748986362043,0.139629843171981,0.417319565536915,-0.255603423251289,-2.09249113938982,-0.101164370920436,-0.317264569130885
1,75,-16437.5413303917,NA,-0.284972691942718,-0.188178935968807,0.0398966878928673,0.176937119128922,0.00481705978724506,0.185912708137891,-0.190204597122388,0.371070446482642,-0.00175123310310837,-0.186760013301951,-1.59588884652321,-0.0278388932254037,-0.268130158987904
1,76,-10974.4607394345,NA,-0.0557554374843205,-0.17071848976255,0.135104255402684,0.025164178112878,0.00147006245675826,0.00359608227299468,-0.0883273474081963,0.369869375698856,0.0496083166138777,-0.253597626126297,-1.80091544061847,-0.158821895826625,-1.03750754285759
1,77,-9918.30638756802,NA,-0.0900121828158626,-0.0433098886348717,-0.185497565830232,0.0696285856774265,-0.00140454726065826,0.403950017009492,-0.289400079970621,0.467502438637115,0.268952088324137,-0.0658002383217998,-0.638480577246981,-0.0449536360811015,-0.552051243218735
1,78,-16359.3485201037,NA,-0.22648933055259,0.0727057885583466,-0.0937868669460457,0.0211895764938917,0.0350078028323066,0.00278547850465996,-0.195912549810768,-0.188250984442061,-0.0904713213155671,-0.232558409710733,0.762007561697951,-0.00783482982150008,0.16502816023738
1,79,-9798.68873657019,NA,-0.043767499183986,-0.0855592460446938,-0.139419326005228,0.00638592616271463,0.0113182335538811,0.0308168646283776,-0.346616093346555,0.253985781413938,-0.49610016028991,-0.311760992042017,-0.607613400121167,-0.00866156478453969,-0.701285348454569
1,80,-10530.4461342851,NA,-0.108205960949523,-0.0923506657304856,-0.216765907813351,0.128872790212246,0.018144570248146,-0.0811731960459116,-0.273663928696403,0.338736830377018,-0.166085074617205,-0.0841509276491157,-3.02282736366631,-0.115926770238486,-0.395533662757087
1,81,-16712.4958740761,NA,0.054161950114633,-0.102247859626011,-0.209313635280715,0.101310480674339,0.020876537431929,0.100711932783642,0.133376752319001,0.1668805365376,-0.206506311304512,-0.240520672681898,-0.687499219388324,-0.155006031537523,0.00467949433367026
1,82,-15040.8570379839,NA,-0.18777281686449,-0.129260156950292,-0.121783581295018,0.107558279135106,0.0188882343855207,-0.0894225804815157,-0.156624776427013,0.220761272259702,-0.0684387610734327,-0.0618684018946263,1.36043586629452,0.0227534662979403,-0.364137319629135
1,83,-10737.1944409191,NA,-0.0236327272098651,-0.130002053430568,0.0207134882954149,0.0844194850884047,0.0213357216413932,0.253111723316135,-0.352368327911278,0.221120301029016,-0.433903108669729,-0.0921376815577314,-0.270941436381372,-0.0722131511086948,-0.0937398812908816
1,84,-15355.9355130482,NA,0.0122374118387791,0.0080621982261929,-0.213832398431333,0.0559460252074287,0.0171328887419769,0.256502606779091,-0.219963804983607,-0.0923467691163684,-0.0418018520635701,-0.222590400752561,1.28557303054815,-0.117514497271828,-0.196528186798871
1,85,-11315.3449554365,NA,-0.0776815178224438,-0.0869556180247421,0.0126363110035788,0.076679583590509,0.0326831582761585,-0.00250497259602886,-0.296186092347231,0.0364150869090981,-0.219623896007706,-0.104951238313383,0.641340014750398,-0.0708326070521913,0.123761895805197
1,86,-12938.7208550064,NA,-0.150795225237859,-0.150745206067856,-0.123275640669558,0.0583808816483154,0.0254642268421374,0.0791934963496351,-0.35927636571558,-0.396600119623413,0.101071364793192,-0.000708527162121192,-0.0800814241191019,-0.00141104610160447,-0.997042061673041
1,87,-10627.2011573845,NA,-0.0353913492345429,-0.0557451747065594,-0.129797784276442,0.0579440585794942,0.00037981077749848,0.200743927998698,-0.0891692767493132,-0.174749003209725,-0.285504077645469,-0.113165614406108,-0.289500661127557,0.025974401769756,-0.855461065607934
1,88,-11778.6296036195,NA,-0.00787137574504203,-0.000217112679011311,-0.0747266232296767,0.0906920768658288,0.0282800742798413,0.0859066640455353,-0.079409412168289,0.374583346809697,0.514518487636863,-0.160214766330145,-2.31553108828294,-0.0809521295535914,-0.98225036151578
1,89,-10603.6896948867,NA,-0.0567646159841047,-0.0514069951820892,0.00614440218528227,0.0897173650112506,0.00851243681853034,0.486707553282136,-0.0833978297979088,0.230520430112619,-0.00268690679963879,-0.215677532322124,0.0755285862039259,0.0285765823292538,-0.791899630746625
1,90,-10250.744767035,NA,-0.0907000355013562,-0.178130017688537,0.0380458659737128,0.0812114599428383,0.0213533811708592,0.232397236269588,-0.141254606926878,0.326906646501605,-0.168625374591181,-0.0371698668871232,-1.92454939696341,0.0203890284030319,-0.807718778884641
1,91,-9792.13068884696,NA,-0.0631551134426816,-0.192743761321256,-0.13012072551597,0.0500266253864273,-0.0110710202388598,-0.0360410369265372,-0.195574520144366,0.441597406554897,-0.504117283295705,-0.268810365401754,-2.18687905255871,0.0337487876447716,-0.396624234978695
1,92,-118731.944285673,NA,0.623301088713804,-0.203659833262169,-0.827739752808813,-0.175854847227683,-0.172745931012488,0.824960206966316,-0.960132661925418,-0.492450476970269,-0.479705432653518,-0.324488586681244,-0.325869492245336,-0.470959050031099,0.318998968127756
1,93,-54397.2617250644,NA,0.270583307548731,0.0809347472391717,-0.364594176129685,-0.273583216683355,1.08444437327865,0.303120393475103,0.599076306747188,0.148499016936873,-0.43431965452314,-0.0596403474825378,0.679161528926006,-0.391995732905181,-0.364002004384393
1,94,-35352.8813797145,NA,0.162670135947101,0.341881443289864,-0.0391539216949322,0.0311010958358036,0.388272309774613,0.0571682559845913,0.937577562414604,0.206602063295756,-0.563675710143436,0.0499317621628665,-0.198699120665715,0.230035016197302,-0.646517233082054
1,95,-110978.346807797,NA,0.550702057766123,0.598958261963772,-0.363695195497945,0.178372209937846,0.128701944047739,0.450781823415534,1.17306339955452,-1.07740002739646,0.595001849383547,0.542922506748234,0.475460050600441,-0.355918590301858,-0.366704025145432
1,96,-30395.6500321422,NA,-0.508534663009303,-0.208663512961172,0.15845513285958,-0.456356540358453,0.729230799886363,0.1823709675619,0.440038612303488,-0.411087808076786,0.279483969627419,0.848245055460688,-0.579460418173402,-0.532073493933975,0.192422613378906
1,97,-27732.4262004709,NA,-0.355260066309542,-0.127432631010358,0.49077326712453,0.120457425499296,-0.0168083154894728,-0.530230037204893,0.363910895837998,-0.647209755245932,0.31708028494302,0.352578827432083,-0.204948096560344,-0.216989400944609,0.72397248593726
1,98,-28760.8001583338,NA,-0.439776590131858,0.5732624244109,0.344160909475439,-0.914051192136929,-0.169988485734251,-0.105249872407389,0.0478439967912761,0.314120683310841,-0.959984224615195,0.251978788945443,-0.364864805170752,-0.422045214388287,0.443985965509157
1,99,-30909.0903234488,NA,-0.569640113863637,-0.0113451444281188,0.00634729446091291,-0.528632566073404,-0.556849805010613,0.351352023393834,0.567507039580522,0.509845442145561,0.129710874955205,0.229343515010235,-0.566712671960334,0.470995245141017,-0.847760515037384
1,100,-69549.270364057,NA,0.353017633843712,-0.647332686412126,-0.0660815347927277,-0.353694597167794,0.142635922145999,-0.127776374186203,-0.21935265843017,-0.104293786608314,-0.0657029799627084,0.667053308916823,0.310933585127858,0.437067154018259,1.02885118021317
1,101,-20904.4862407785,NA,-0.28087099502408,0.31990352797229,-0.96971365703405,0.995370748547427,-0.271267802913033,0.855015773400867,-0.358487571677119,1.02101791592208,-0.0932681601722121,0.209598066618987,-0.318387917219589,0.902134578188158,0.45305592325692
2,1,-9336.048053076,0.000395837341152334,-0.065961031278225,-0.0867243251629815,-0.123458988906868,0.078787462,0.0173371160232831,0.133321046,-0.225292786,0.305755871976717,-0.261643415,-0.113318709,-1.203619405,-0.0577606400232831,-0.392742187023283
2,2,-9336.0480531328,0.164300456769886,-0.0659613248241164,-0.0867258238797972,-0.123459814540654,0.0787881167180773,0.0173374154379548,0.133321293605977,-0.225292446351826,0.305754598466636,-0.261643564288762,-0.113319714412029,-1.20362209293667,-0.0577604654109049,-0.392744031648421
2,3,-9336.0480531501,0.0123481420603068,-0.0659610321690231,-0.086724368876659,-0.123458871546458,0.0787857466077436,0.017332497141824,0.133320105155639,-0.225285780186345,0.305756575998167,-0.261654792969058,-0.113313898721752,-1.20361265562562,-0.0577586889887843,-0.392734792140455
2,4,-9336.04805342007,0.419277568699152,-0.0659617032815363,-0.0867240301339018,-0.123459740880841,0.078797185578704,0.0173420803844453,0.133323655042012,-0.225289063177877,0.305755915096659,-0.26164315951978,-0.113341031619398,-1.20362638767024,-0.0577641032100023,-0.392747363785027
2,5,-9336.04805307773,0.0145277043887935,-0.0659609930439953,-0.0867242506076743,-0.123458852744914,0.0787866751009399,0.0173368764054135,0.133320692739152,-0.225292677039628,0.30575536151849,-0.261643431927185,-0.113318917938982,-1.20361835539593,-0.057760886119785,-0.392741806030143
2,6,-9336.04805321369,0.0629705133231171,-0.065961003384895,-0.0867256746372742,-0.123459473280926,0.0787914726994886,0.0173431473821527,0.133315647531231,-0.225301925733452,0.305754796510204,-0.261636379757227,-0.113318613797244,-1.20362248856807,-0.0577526625107447,-0.392745074264114
2,7,-9336.04805307968,0.0324519456416349,-0.0659610838399721,-0.0867244884550905,-0.123459139954363,0.0787878559547896,0.0173389130738453,0.133320800806262,-0.225291190000594,0.305755667941819,-0.261643410776954,-0.113318054446643,-1.20361917614239,-0.0577601933584221,-0.39274177325597
2,8,-9336.04805321334,0.115592196406855,-0.0659611125347901,-0.0867242953078632,-0.12345748787856,0.0787935959528439,0.0173464992626186,0.13333670977374,-0.225288746883136,0.305754220293133,-0.261645042219006,-0.113316549820969,-1.20360968949001,-0.0577563980853004,-0.392739507331225
2,9,-9336.04805710331,1.249801009541,-0.0659634151874295,-0.0867320651040649,-0.123465180340437,0.0787854316349789,0.0173206562474934,0.13328971819947,-0.225348026288451,0.30574919757886,-0.261647193085901,-0.113298078097568,-1.20362241464062,-0.057759397972813,-0.392757271719707
2,10,-9336.04805307812,0.00997175172348817,-0.0659610465925801,-0.0867242070050462,-0.123458953652435,0.0787864046919188,0.0173364977041085,0.133321142545924,-0.225293151824775,0.305756006707187,-0.261643133038651,-0.113316974814545,-1.20361902309732,-0.0577604984083973,-0.392742471241138
2,11,-9336.04805405821,0.357336296706936,-0.0659614229215056,-0.0867229403964553,-0.12346288305254,0.0787750786599964,0.0173313475901725,0.133314931912692,-0.225302362639029,0.305749680591628,-0.261623163320926,-0.113335743826376,-1.20361225569818,-0.0577791191643549,-0.392740341878112
2,12,-9336.04805409207,0.195284671639448,-0.0659607541089786,-0.086727824939158,-0.123457217154033,0.0788132814132124,0.0173535456263624,0.133341315711138,-0.225261636446008,0.305761559615418,-0.261637478894225,-0.11333121821397,-1.20363893570937,-0.0577973876733308,-0.392751837026247
2,13,-9336.04805330227,0.191712993393911,-0.0659612266163563,-0.086724205642051,-0.123459841300299,0.0787878086224901,0.0173459934299126,0.133334454016263,-0.225285757883947,0.305750352810724,-0.261637841210048,-0.113314482137563,-1.2036075790998,-0.0577558551701817,-0.392733205813134
2,14,-9336.04805410081,0.098209193260383,-0.0659611311790533,-0.0867300513002169,-0.123458881946289,0.0787946203052771,0.0173419433980744,0.133297687972953,-0.225283173295419,0.305751682498221,-0.261651654481783,-0.11333994288383,-1.20364994237982,-0.0577803730860375,-0.392775695654816
2,15,-9336.04805309386,0.0797542043148787,-0.0659609260551218,-0.0867244753868481,-0.123459411243348,0.0787886173483336,0.0173392185503046,0.133323040307106,-0.225291621544289,0.305756271773939,-0.261646889230077,-0.113317946752835,-1.20361733716305,-0.057760817024207,-0.3927413676479
2,16,-9336.04809539463,1.22606438285583,-0.0659598324130994,-0.0867416305023833,-0.123457197820812,0.0790048809312618,0.0174823930252359,0.133585087132013,-0.225116067374561,0.305799062479637,-0.261681441486873,-0.113367003406584,-1.20361529542959,-0.0575547775935524,-0.392711707104908
2,17,-9336.0480536693,0.206127604012244,-0.0659604527807212,-0.0867239504199966,-0.123456228406922,0.0787841532648719,0.0173335558086202,0.133307560831505,-0.225295470272629,0.305755092662142,-0.261630591177717,-0.113325450890799,-1.20359250811165,-0.0577609697453871,-0.392730892925656
2,18,-9336.04805413452,0.46655531490477,-0.0659615618302852,-0.0867244039171567,-0.123456922756811,0.0788138941958458,0.0173586282256618,0.133336447615444,-0.225282844464672,0.305752917324101,-0.261649657287302,-0.113306380220893,-1.20358056973541,-0.0577585286732646,-0.392748424786074
2,19,-9336.04805309446,0.0291667096711624,-0.0659611184621837,-0.0867245540398584,-0.123459179187942,0.078785812971768,0.0173355215995969,0.13331994519895,-0.22529608481302,0.305755215957783,-0.261645396769571,-0.113318189304773,-1.2036242305059,-0.0577604190162136,-0.392741693228878
2,20,-9336.04805481011,0.349797046554426,-0.0659611198201832,-0.0867152818847262,-0.123457954256051,0.0787582004283396,0.0173085928314347,0.13331146655945,-0.225315612832101,0.305748037420924,-0.261623018444388,-0.113300660712106,-1.20357486284708,-0.0577547495154814,-0.392739023868787
2,21,-9336.04805308087,0.0250796385904968,-0.0659610816747203,-0.0867244283428479,-0.123459032753137,0.0787868481856839,0.0173349417765113,0.133321051592688,-0.225293686022485,0.305755638237166,-0.261643849932059,-0.113316342469347,-1.20361981709998,-0.0577599371003187,-0.392740537233475
2,22,-9336.04805337151,0.501118974323858,-0.0659617724063959,-0.0867251937457188,-0.123459321751595,0.0787766680351771,0.0173289551448309,0.133314193463138,-0.225301147851922,0.305753217411081,-0.261638038947579,-0.113313547321634,-1.20360876692089,-0.0577575934968485,-0.392742619089616
2,23,-9336.048053133,0.0488743944792102,-0.0659610377368977,-0.0867223449764497,-0.12345996834899,0.0787839490037003,0.0173340574261194,0.133317277052701,-0.225297895771111,0.305755463028265,-0.261641976926687,-0.113317618193609,-1.20361999650629,-0.0577614479930212,-0.392742303270122
2,24,-9336.04805344714,0.0910568660238446,-0.065961174297199,-0.086721471011505,-0.123458462752022,0.078762260693892,0.0173089570163241,0.133309500429528,-0.22530918677737,0.305757834509437,-0.261653064897006,-0.113314820156709,-1.20362473755572,-0.0577636086839177,-0.392748488346697
2,25,-9336.04805795181,0.856421994954577,-0.0659621870306468,-0.0867211448147483,-0.123458941536724,0.0788239742814404,0.0173110722239147,0.133337343513717,-0.225330790746067,0.305734160169887,-0.261641079602089,-0.113295396744771,-1.20357423699279,-0.0577118654306581,-0.392758546497779
2,26,-9336.04805307776,0.00864249737085094,-0.0659610473767721,-0.0867243330312651,-0.123458964784879,0.0787872109904354,0.017336878504934,0.133321070116523,-0.225292577905698,0.305756007217966,-0.261643469433548,-0.113319323986012,-1.20362022356284,-0.0577609577120413,-0.392740869429104
2,27,-9336.04806100069,0.38995198528614,-0.0659610078745045,-0.08673372594881,-0.12345190759668,0.0788627293697808,0.0173898729752372,0.133379310724048,-0.225245583545164,0.305781662022327,-0.261669110486299,-0.113390795815193,-1.20367251587227,-0.0578453762778618,-0.392835963617553
2,28,-9336.04805314947,0.237396167947307,-0.0659606516270107,-0.0867234548792455,-0.123459544220013,0.0787876217163477,0.0173379414138882,0.133320014199763,-0.225291998495442,0.305753580934166,-0.261643456202752,-0.113316607367883,-1.20362035147018,-0.0577582595510152,-0.392740850218238
2,29,-9336.04805316113,0.0694737475591467,-0.065960904418622,-0.086723686872829,-0.123457150192908,0.0787854915144921,0.017332219351394,0.133315454857494,-0.225298355642483,0.305753753652392,-0.261641300172391,-0.113318042741598,-1.20361626053046,-0.0577627682091079,-0.392744199142558
2,30,-9336.04805309455,0.0232764613394655,-0.0659610765487611,-0.0867251720023118,-0.123459597242058,0.0787889113438111,0.0173383038824458,0.133320819892457,-0.225293116466519,0.305756270074111,-0.261644849628696,-0.113320593003307,-1.20362407299113,-0.0577629478407597,-0.39274476578209
2,31,-9336.04805319316,0.0722258745186798,-0.0659607808333827,-0.0867231378241267,-0.123458592137892,0.0787888888837431,0.0173361971586914,0.133324150944883,-0.225290335765442,0.305753889624461,-0.261638458678538,-0.113318104246651,-1.2036038106541,-0.0577601248969105,-0.392739421335501
2,32,-9336.04805307601,0.000355181502446164,-0.0659610325941466,-0.0867243278794086,-0.123458996790879,0.0787874433101107,0.0173370984522292,0.133321016119866,-0.225292895953228,0.305755910547128,-0.261643350765378,-0.113318695651286,-1.20361943964364,-0.0577606697926295,-0.392742258818482
2,33,-9336.04805309467,0.100717616107265,-0.0659612038753799,-0.0867243162577977,-0.123459519012056,0.0787858415546762,0.0173369645324085,0.133322174138741,-0.225291884375925,0.305756416984865,-0.261643997380788,-0.113317993833714,-1.20361869222149,-0.0577600923540432,-0.39274423621938
2,34,-9336.04805308461,0.0486742337828441,-0.0659611352552284,-0.0867243333595833,-0.12345904073275,0.0787871974992098,0.0173367983446699,0.133321316633881,-0.225292748598765,0.305755980970961,-0.261644104576513,-0.1133180407846,-1.2036233829642,-0.057760562219634,-0.392743322511788
2,35,-9336.04805325521,0.0609043984907639,-0.0659610813185148,-0.0867278899585257,-0.123458557444153,0.0787987910845019,0.0173387764186149,0.133318634707883,-0.225284254238767,0.305755025424226,-0.261650014756528,-0.113311718748436,-1.20361752206377,-0.057759215588973,-0.392739994439743
2,36,-9336.04805308939,0.0239732044961169,-0.0659609638549787,-0.0867238317553031,-0.123458773266623,0.0787854646607773,0.0173360523479054,0.133320728230471,-0.225293505870934,0.305753991177915,-0.261643005137069,-0.11331654564898,-1.20361758220032,-0.0577603678928054,-0.392742870876316
2,37,-9336.04805309043,0.110779075414286,-0.0659611928943999,-0.0867245511061145,-0.123458516830661,0.0787879250052232,0.0173371824188017,0.133320303787241,-0.225292702836613,0.305755889149084,-0.261643258730915,-0.113318048724616,-1.20361840064806,-0.0577600877653722,-0.392741529404484
2,38,-9336.04805307644,0.00156685261060476,-0.0659610392201063,-0.0867244031234914,-0.123459025754028,0.0787876208005317,0.0173371031854171,0.133321110267351,-0.225292715794896,0.305755993860695,-0.261643459933773,-0.113318595828514,-1.20362027392289,-0.0577608770535627,-0.3927428430683
2,39,-9336.04805308613,0.0312463473889825,-0.0659610164447717,-0.0867242980618184,-0.123459457002165,0.0787878213143046,0.0173376075980166,0.133321455501104,-0.225292611716799,0.305755240462745,-0.261644510574433,-0.113317805004084,-1.20362204394682,-0.057759905840071,-0.392743628795998
2,40,-9336.04805313107,0.0571732061832242,-0.0659611111860843,-0.0867239871991629,-0.12345845195517,0.0787842530971354,0.0173376917748346,0.133316925466133,-0.225297056462536,0.305758947783271,-0.261643049294101,-0.113315750692346,-1.2036132584401,-0.0577574572587351,-0.392738133122314
2,41,-9336.04805399721,0.197815555094051,-0.0659605820410929,-0.0867287529202546,-0.123454475808201,0.0787882125326624,0.0173310600923921,0.133313062461349,-0.225296874032165,0.305750033418197,-0.261635389394257,-0.113326747961291,-1.2035947520281,-0.0577647166468536,-0.392736860966361
2,42,-9336.0480530814,0.0160506514921043,-0.0659609889956933,-0.0867242981299437,-0.123458792408763,0.0787870460593162,0.0173382505442813,0.133320222200997,-0.225293334343161,0.305755609400813,-0.261643308917058,-0.113317275943596,-1.20361568968099,-0.0577587666797248,-0.392741314873196
2,43,-9336.04805308261,0.00729743425951168,-0.0659610119558208,-0.0867241354362466,-0.123458806574885,0.0787877419834533,0.0173371283193726,0.133320821888336,-0.225292726375017,0.305755325266556,-0.261644996724604,-0.113319184718324,-1.20361635426497,-0.0577602387268031,-0.392742938747403
2,44,-9336.0480530775,0.0213980513931901,-0.0659610587138603,-0.0867241214149683,-0.123458973982892,0.0787871179786772,0.0173371023291489,0.133320752156463,-0.22529284644514,0.305755464386725,-0.261643260718473,-0.113317948188107,-1.20361901577963,-0.0577604908629763,-0.392741104019055
2,45,-9336.04807299078,2.36068349549764,-0.0659579181340654,-0.0867266959337974,-0.123446141280383,0.0787003026020921,0.0173164201530585,0.133243452246832,-0.225434784178028,0.305772928353611,-0.261612689653547,-0.113287146667819,-1.20368960809705,-0.0577244882527333,-0.392780946060973
2,46,-9336.04810531106,2.84812739899262,-0.0659644366043822,-0.0867205285669713,-0.12344768034275,0.0788241644665636,0.0174336000737114,0.133238152366881,-0.225371176294642,0.305790609634296,-0.261573272837744,-0.113315867814071,-1.20333884099817,-0.0576011508674671,-0.392601069167858
2,47,-9336.04805440258,0.401428413923652,-0.0659612004006649,-0.0867240770346837,-0.123454304583564,0.0787792983364895,0.0173331824879977,0.133323153045044,-0.225302503130659,0.305743034181888,-0.261644759764301,-0.113312654588992,-1.20357941953862,-0.0577664110318942,-0.392740025906423
2,48,-9336.04806488031,0.297453837673599,-0.065960487834492,-0.0867154172188069,-0.123459762948783,0.0788449223647087,0.0174274911647842,0.133432602269845,-0.225245114981109,0.305723720807937,-0.261663952919706,-0.113242084639545,-1.203566251386,-0.0576372938474979,-0.392743687931062
2,49,-9336.04805315426,0.152795406357225,-0.0659612051211457,-0.0867244885467832,-0.123458011053062,0.0787862816752361,0.017336277879397,0.133320709137766,-0.225292669819171,0.30575278444637,-0.261638482474915,-0.113317962480393,-1.20362054930129,-0.0577603415582521,-0.392738827412159
2,50,-9336.04805309184,0.00788148252970467,-0.0659610499114243,-0.0867244054208262,-0.123459179681664,0.0787836275401946,0.0173315503977918,0.133316217241375,-0.225297520948108,0.305754801655684,-0.261643648147677,-0.11331957078038,-1.20362360169588,-0.0577639092616656,-0.39274470521166
2,51,-9336.04805311787,0.027478382235681,-0.0659610612886,-0.086723895096543,-0.123458518584211,0.0787894102423141,0.0173414210939438,0.133321151765492,-0.225291570123595,0.30575949935485,-0.26164388981926,-0.113319597745514,-1.20361976166673,-0.0577617757742492,-0.392744638787748
2,52,-9336.04805328168,0.188166028559287,-0.0659606706346291,-0.0867241343777451,-0.12345840421305,0.0787768166786607,0.0173267053830274,0.133312821309228,-0.225287249992595,0.305760035969996,-0.261641412168337,-0.113322401599509,-1.20361643886257,-0.057765852603667,-0.392744252146155
2,53,-9336.04809881271,1.06381682699995,-0.0659605011802758,-0.0867566955962684,-0.123449201685133,0.0789194129483672,0.0174933599367775,0.133329204400095,-0.225417864278272,0.305724810964484,-0.26152415641965,-0.113258578515238,-1.20370171122438,-0.0577986299523014,-0.392648336953032
2,54,-9336.04805312162,0.157262459140966,-0.0659607547490295,-0.0867240588992185,-0.123458264022181,0.0787851735450286,0.017338196453438,0.133323464117599,-0.225290460760231,0.30575647740158,-0.261642153783756,-0.113322278014024,-1.20362160071565,-0.0577629216310122,-0.392741397866562
2,55,-9336.04805307894,0.016711662294049,-0.0659609913013154,-0.0867243843995592,-0.12345904368251,0.0787871322590527,0.0173367606554041,0.133321182664054,-0.225293310808691,0.305755574526962,-0.261642599619815,-0.113318666009004,-1.20361691376676,-0.057760578235766,-0.392742000583219
2,56,-9336.04805391588,0.139169438687978,-0.0659615523173501,-0.0867263120314619,-0.123462747056312,0.0787933846977104,0.0173428136447122,0.133330721199367,-0.22529151627992,0.305764410408331,-0.261647820171687,-0.113314211615212,-1.20365370354589,-0.057757216548763,-0.392748693017104
2,57,-9336.0480558869,0.353403683174633,-0.0659615457708734,-0.0867333066713262,-0.123458924681752,0.0788204916167983,0.017370763135061,0.133330823390532,-0.225320652998053,0.305756904907451,-0.261598126926678,-0.113295565754936,-1.20357658262162,-0.0577279488038775,-0.392707401427225
2,58,-9336.04805327387,0.072595956471583,-0.0659611928978338,-0.0867263457088198,-0.123461029202915,0.0787860798456612,0.017330495016704,0.133317661407164,-0.225298519274373,0.305755229357132,-0.261646414592926,-0.11332186309027,-1.20363574105062,-0.0577603967232221,-0.392743078274141
2,59,-9336.04805308051,0.00676107405158154,-0.0659610628068865,-0.0867243432006753,-0.123459179149512,0.0787872720840472,0.0173369386316885,0.133320750324769,-0.22529404479949,0.305756628887617,-0.261643359516306,-0.113319118049346,-1.20362196601992,-0.0577605178448731,-0.39274261599572
2,60,-9336.0480542735,0.116599008460697,-0.0659609905493015,-0.0867304738869378,-0.123458907813452,0.0787671403510333,0.0173188860429261,0.133284922006177,-0.225301322591656,0.305744989277753,-0.261645040369513,-0.11328768925122,-1.20361342046379,-0.0577532438713364,-0.392733577089211
2,61,-9336.04813716186,0.877486923405381,-0.0659603798319517,-0.0867385748932645,-0.123445650379972,0.0788502302180348,0.0173780756445403,0.133458800529141,-0.225326031783342,0.305825917510036,-0.261564580129306,-0.113369326082896,-1.2032639419541,-0.0577511077086581,-0.392581425664514
2,62,-9336.04805324865,0.193267482550898,-0.0659606742265045,-0.0867241378498672,-0.123458818938323,0.0787880917322526,0.0173374895085223,0.133320791528941,-0.225299196696603,0.305755071402681,-0.261645763142884,-0.113317668956764,-1.20360701146707,-0.0577672363434131,-0.392741977890031
2,63,-9336.04805594652,1.66092066833277,-0.0659639050168658,-0.0867251270141996,-0.123463909081303,0.0787706291632134,0.0173232845187801,0.133307208239805,-0.225304162558571,0.3057574443892,-0.26164552676466,-0.11333233947987,-1.20364013347508,-0.057761038195565,-0.39275971400557
2,64,-9336.04805371812,0.41163219705721,-0.06596030063515,-0.0867180792262232,-0.123459380475644,0.0787952489339719,0.0173471674986823,0.133329401681473,-0.225275925789549,0.30575912130284,-0.261640192020245,-0.113312238373246,-1.20361060459697,-0.0577587830668436,-0.392725405716536
2,65,-9336.04805485797,0.278211771014286,-0.0659607299336341,-0.0867116029457453,-0.123460873680421,0.0787936966181744,0.0173446620442336,0.133316778990274,-0.225276193899836,0.305760995606463,-0.261635765353796,-0.113323796010286,-1.20363820981847,-0.0577724930563709,-0.392744116636069
2,66,-9336.04805307872,0.00591554319147848,-0.065961025735675,-0.0867244635677361,-0.123458988294789,0.0787849832607532,0.0173342495023528,0.133318170652291,-0.225295195177253,0.305756049500859,-0.261643741873577,-0.113318731460074,-1.20361880218081,-0.057760530816949,-0.392741992549272
2,67,-9336.04805439992,1.08115630680505,-0.0659591391707219,-0.0867241806240798,-0.123455078657448,0.0787868385428781,0.0173429178801208,0.133328889087333,-0.225288443813846,0.305758200781961,-0.261638236709799,-0.113315814548758,-1.20360551598929,-0.0577640583954178,-0.392745487836558
2,68,-9336.04805308524,0.00954234723755784,-0.0659610099299029,-0.0867237672986362,-0.123458981001597,0.078787203581097,0.0173375645645026,0.133321712253682,-0.225291887681569,0.305755973398663,-0.261642085723171,-0.113315140266703,-1.20361636020982,-0.0577598672511771,-0.392739758190906
2,69,-9336.04805373194,0.119365041212721,-0.0659611582362348,-0.0867265894732141,-0.123462108633381,0.0788247650437783,0.0173687498888845,0.133353553488866,-0.225263006967101,0.305760933725001,-0.261635464219135,-0.113324471776159,-1.20362004917456,-0.0577601990770087,-0.392750631946642
2,70,-9336.04805348203,0.0719637593937556,-0.0659610236017895,-0.0867247467777435,-0.123459011566254,0.0787875456874145,0.0173395194722487,0.133338502991994,-0.225284507118998,0.305756967414468,-0.26164387668914,-0.113304168519263,-1.2035925779738,-0.0577642095404406,-0.39273244858775
2,71,-9336.04805360767,0.473622727521922,-0.0659616473978968,-0.0867219472079644,-0.123457515634673,0.0787977518286524,0.0173529339711679,0.13333090777104,-0.225275592710727,0.305749514698135,-0.26166126605328,-0.113326676685508,-1.20361628213388,-0.0577678772078892,-0.392742392685652
2,72,-9336.04805308051,0.0214726026852419,-0.0659610554867691,-0.0867237531070409,-0.123459081288983,0.0787881768395642,0.017337781283639,0.133321032606219,-0.225293196617618,0.305755434357701,-0.2616428890601,-0.113319921417946,-1.20361984612597,-0.057761226721367,-0.392743741741697
2,73,-9336.04805309479,0.0641595222545552,-0.0659608965383927,-0.0867232973168637,-0.123458951632615,0.0787863542169265,0.0173368247285191,0.133320363528605,-0.225292766850914,0.305756062712041,-0.261641854027187,-0.113319609552385,-1.20361589413617,-0.0577602347175111,-0.392743080566761
2,74,-9336.04805321603,0.287177097317071,-0.0659605889605963,-0.0867224751773578,-0.123458070687882,0.0787875205697836,0.0173361952062634,0.133322101265379,-0.225296235022197,0.305758166081178,-0.261641686311679,-0.113318546671171,-1.20362423678036,-0.0577608844765232,-0.392741912067633
2,75,-9336.04805335927,0.0845513008330028,-0.0659611052240538,-0.0867199659289634,-0.123458951152223,0.0787874566143407,0.0173384434113111,0.133320313155112,-0.225297591577256,0.305759764048932,-0.261642117006571,-0.113334570521301,-1.20362810153254,-0.0577664894916658,-0.392751458945269
2,76,-9336.0480530827,0.0673098922902812,-0.0659611168666554,-0.0867243080748416,-0.123458607748652,0.0787878471129403,0.0173375552534873,0.133321680255598,-0.225292194276594,0.305755629637817,-0.261643261646354,-0.113318204090084,-1.20361787292095,-0.0577603909836483,-0.392741449247747
2,77,-9336.04805307683,0.0128897649488166,-0.0659610032595382,-0.0867243484956673,-0.123458908889906,0.0787874948131323,0.0173370639766675,0.133321212437475,-0.225292797294553,0.305755917124225,-0.261642583778928,-0.113318858175068,-1.20361864738706,-0.0577607466582745,-0.392742443164691
2,78,-9336.04805333545,0.369476533231098,-0.06596155521507,-0.0867261510789647,-0.123457605911712,0.0787891851402418,0.0173378308106505,0.133328768618318,-0.225294937285886,0.305752473848318,-0.261637541663067,-0.113330773393454,-1.20362575581974,-0.0577662688009089,-0.392749315313869
2,79,-9336.0480530773,0.00862542894670909,-0.0659610194677118,-0.0867243993945336,-0.123459038520166,0.0787858084880842,0.0173357779884215,0.133319388790256,-0.225294640472202,0.305755892340382,-0.26164312552654,-0.113318248852933,-1.20361850752832,-0.0577602552771712,-0.392741723365273
2,80,-9336.04805557694,0.477743940547318,-0.0659609866608218,-0.086726812108543,-0.123464770977544,0.0787806921665935,0.0173279425417461,0.133306527734637,-0.225312850201542,0.305779165896037,-0.261655974857122,-0.113316946317836,-1.20364840485453,-0.0577544601913599,-0.392733190993291
2,81,-9336.04806431055,1.03028472142505,-0.0659624397377896,-0.0867226011834628,-0.123465961212834,0.078672908162035,0.0172271862765711,0.133252102971445,-0.225385434732414,0.305739054620511,-0.261698633053523,-0.113308915764486,-1.20352407601917,-0.0577133823006092,-0.392664771499021
2,82,-9336.04805314681,0.2938660089511,-0.0659615008540176,-0.0867243329341264,-0.123458909879319,0.0787869565783938,0.0173371848091901,0.133320866354281,-0.225292764350986,0.305755589800618,-0.261643618850826,-0.113320221200359,-1.20362129453081,-0.0577621194220552,-0.392744253298482
2,83,-9336.04805312175,0.091417154712924,-0.0659611178299923,-0.0867231335022615,-0.123458421532453,0.0787900105644001,0.0173404651056908,0.133324498307235,-0.22529023607597,0.305753976510329,-0.261643660757161,-0.113314385318076,-1.2036146635603,-0.0577561074629825,-0.392742907650188
2,84,-9336.04805400529,0.203308913316632,-0.0659608641618641,-0.0867279940671544,-0.123459188483351,0.0787851015768927,0.0173676717271876,0.133307866039895,-0.225292426596391,0.3057611705397,-0.261662598248639,-0.113312948309091,-1.20360602310725,-0.057748672950313,-0.392726256327585
2,85,-9336.04805308294,0.0115251351022289,-0.0659610633514561,-0.0867244608648501,-0.123459222234366,0.0787889243968269,0.0173380451344144,0.13332163746722,-0.225294010706023,0.305756713963151,-0.261641897290934,-0.113319710015916,-1.20362069950851,-0.0577628091460177,-0.392744320334699
2,86,-9336.04805310864,0.0202115410496581,-0.0659611198124307,-0.0867247463317196,-0.123459480816964,0.0787864662007246,0.0173365526418323,0.133321948022974,-0.22529380726063,0.305757322889292,-0.261642081285695,-0.113320273482544,-1.20362844735246,-0.0577624849527261,-0.392742676389345
2,87,-9336.04805308086,0.0121147863372168,-0.0659610424886503,-0.0867244717424318,-0.123459174971996,0.0787870793478272,0.017336725298498,0.133320777309812,-0.225294124713436,0.305756023555318,-0.261642857465095,-0.11331785812532,-1.20361642017252,-0.0577606541504787,-0.392741525132819
2,88,-9336.04805917059,1.04129499207092,-0.0659601490686224,-0.0867216049808753,-0.123466837793383,0.0787965018067574,0.0173632629191245,0.133357326233451,-0.225275564999736,0.305791761304717,-0.261635443460898,-0.11326550751689,-1.20363903616412,-0.0577537534611689,-0.392726547063559
2,89,-9336.04805308983,0.0118578208539213,-0.065961069730522,-0.0867245396156295,-0.123459354215237,0.0787916621209095,0.0173406996124722,0.13332404962227,-0.225291640527592,0.305755858584133,-0.261643052379768,-0.113317528862327,-1.20362304680533,-0.0577625273058833,-0.39274235042978
2,90,-9336.0480531124,0.159734218247582,-0.0659612309902321,-0.0867242625551498,-0.123458250913165,0.0787880172466874,0.0173381170215023,0.133320271284154,-0.225292513646642,0.305754996925866,-0.261641581476609,-0.113318068263949,-1.2036153141331,-0.0577602779982171,-0.392741512998819
2,91,-9336.04805322729,0.056181684908504,-0.0659611020542544,-0.0867254183104639,-0.123459571838284,0.0787892974832918,0.0173407252003121,0.13332238334577,-0.225289823892399,0.30576026983845,-0.261646938731631,-0.113319032516471,-1.2036326216341,-0.057754297318774,-0.392738700889329
2,92,-9346.09432203428,1290.09201549209,-0.068358157836922,-0.0893682434496534,-0.128511771532038,0.0469621686317505,-0.01170408027397,0.0885441563322164,-0.306406408958759,0.303761422008032,-0.193507871204449,-0.224440425242396,-1.30185805376894,-0.143048551488239,-0.532617120682238
2,93,-9336.04805876447,0.288156410952415,-0.065961207906854,-0.0867327451348699,-0.123455611612063,0.0788260864511112,0.0173512640191614,0.13327671858005,-0.225263454038843,0.305792108000986,-0.261664087947471,-0.113314109601941,-1.20363449187887,-0.0577454378608132,-0.392782736246273
2,94,-9336.04806351477,1.15406936588118,-0.0659585345786834,-0.0867209500385619,-0.123458884530494,0.0787652788794568,0.0173369676814055,0.133326840291004,-0.225344488402596,0.305726525520947,-0.261635811444501,-0.113379707999783,-1.20355838107053,-0.0578120482396718,-0.392691163934992
2,95,-9358.70548408925,1748.64482423044,-0.0644659448913893,-0.100851780581848,-0.141137435175889,0.115666590100076,-0.00269537694957677,0.0578711341475744,-0.247362411652815,0.312281381547699,-0.23179650297753,-0.290397405253112,-1.36525244364359,-0.13464800064379,-0.509960590821079
2,96,-9336.04805676866,0.166036610177697,-0.0659608207540637,-0.0867280946930396,-0.123460753296057,0.0787791967396267,0.0172885434305812,0.133299866026255,-0.225287151661315,0.305745946915881,-0.261637187943943,-0.113328658158209,-1.2035903629974,-0.057753905573054,-0.392676895059442
2,97,-9336.04805345077,0.083383003925392,-0.0659611596888043,-0.0867243499717356,-0.123461443592214,0.0787961824384057,0.0173363645788408,0.133323908186906,-0.225304965003998,0.305755084931836,-0.261638696869679,-0.113339818938902,-1.20363616382607,-0.0577654239080346,-0.392752437662889
2,98,-9336.04805577808,0.4928001491245,-0.0659620635617478,-0.0867280411518444,-0.123463892566335,0.0787803369789344,0.0173567627268842,0.133308857458409,-0.225263989800179,0.305761783957129,-0.261703853623454,-0.113319553621038,-1.20361406981378,-0.0577504287771449,-0.392772057347658
2,99,-9336.0480537999,0.280838771916944,-0.0659612517491661,-0.0867265659041562,-0.123458434362785,0.0787778640337858,0.0173178642722046,0.133326599352845,-0.225293510976095,0.305745961347351,-0.261631010969633,-0.11332383281271,-1.20360793151988,-0.0577535341906864,-0.392733961232043
2,100,-9336.04805338682,0.240313948682574,-0.0659614125821641,-0.0867248027480483,-0.123459230361765,0.0787973741077284,0.0173264239499401,0.133323470352801,-0.225280329562168,0.305761077471835,-0.261643351947979,-0.113313898792082,-1.20361581318584,-0.0577673616395799,-0.392749203682092
2,101,-9336.04805672432,0.336920290791095,-0.0659619174157303,-0.0867255680394287,-0.123463707108878,0.0787911900300257,0.01730800003067,0.133324380365407,-0.2252892555079,0.305782957536196,-0.261697656635147,-0.113309032995423,-1.20359793255027,-0.0577463071833254,-0.39272960057513
3,1,-9336.048053076,NA,-0.065961031278225,-0.0867243251629815,-0.123458988906868,0.078787462,0.0173371160232831,0.133321046,-0.225292786,0.305755871976717,-0.261643415,-0.113318709,-1.203619405,-0.0577606400232831,-0.392742187023283
3,2,NA,NA,NA,NA,NA,NA,NA,NA,NA,NA,NA,NA,NA,NA,NA
3,3,NA,NA,NA,NA,NA,NA,NA,NA,NA,NA,NA,NA,NA,NA,NA
3,4,NA,NA,NA,NA,NA,NA,NA,NA,NA,NA,NA,NA,NA,NA,NA
3,5,NA,NA,NA,NA,NA,NA,NA,NA,NA,NA,NA,NA,NA,NA,NA
3,6,NA,NA,NA,NA,NA,NA,NA,NA,NA,NA,NA,NA,NA,NA,NA
3,7,NA,NA,NA,NA,NA,NA,NA,NA,NA,NA,NA,NA,NA,NA,NA
3,8,NA,NA,NA,NA,NA,NA,NA,NA,NA,NA,NA,NA,NA,NA,NA
3,9,NA,NA,NA,NA,NA,NA,NA,NA,NA,NA,NA,NA,NA,NA,NA
3,10,NA,NA,NA,NA,NA,NA,NA,NA,NA,NA,NA,NA,NA,NA,NA
3,11,NA,NA,NA,NA,NA,NA,NA,NA,NA,NA,NA,NA,NA,NA,NA
3,12,NA,NA,NA,NA,NA,NA,NA,NA,NA,NA,NA,NA,NA,NA,NA
3,13,NA,NA,NA,NA,NA,NA,NA,NA,NA,NA,NA,NA,NA,NA,NA
3,14,NA,NA,NA,NA,NA,NA,NA,NA,NA,NA,NA,NA,NA,NA,NA
3,15,NA,NA,NA,NA,NA,NA,NA,NA,NA,NA,NA,NA,NA,NA,NA
3,16,NA,NA,NA,NA,NA,NA,NA,NA,NA,NA,NA,NA,NA,NA,NA
3,17,NA,NA,NA,NA,NA,NA,NA,NA,NA,NA,NA,NA,NA,NA,NA
3,18,NA,NA,NA,NA,NA,NA,NA,NA,NA,NA,NA,NA,NA,NA,NA
3,19,NA,NA,NA,NA,NA,NA,NA,NA,NA,NA,NA,NA,NA,NA,NA
3,20,NA,NA,NA,NA,NA,NA,NA,NA,NA,NA,NA,NA,NA,NA,NA
3,21,NA,NA,NA,NA,NA,NA,NA,NA,NA,NA,NA,NA,NA,NA,NA
3,22,NA,NA,NA,NA,NA,NA,NA,NA,NA,NA,NA,NA,NA,NA,NA
3,23,NA,NA,NA,NA,NA,NA,NA,NA,NA,NA,NA,NA,NA,NA,NA
3,24,NA,NA,NA,NA,NA,NA,NA,NA,NA,NA,NA,NA,NA,NA,NA
3,25,NA,NA,NA,NA,NA,NA,NA,NA,NA,NA,NA,NA,NA,NA,NA
3,26,NA,NA,NA,NA,NA,NA,NA,NA,NA,NA,NA,NA,NA,NA,NA
3,27,NA,NA,NA,NA,NA,NA,NA,NA,NA,NA,NA,NA,NA,NA,NA
3,28,NA,NA,NA,NA,NA,NA,NA,NA,NA,NA,NA,NA,NA,NA,NA
3,29,NA,NA,NA,NA,NA,NA,NA,NA,NA,NA,NA,NA,NA,NA,NA
3,30,NA,NA,NA,NA,NA,NA,NA,NA,NA,NA,NA,NA,NA,NA,NA
3,31,NA,NA,NA,NA,NA,NA,NA,NA,NA,NA,NA,NA,NA,NA,NA
3,32,NA,NA,NA,NA,NA,NA,NA,NA,NA,NA,NA,NA,NA,NA,NA
3,33,NA,NA,NA,NA,NA,NA,NA,NA,NA,NA,NA,NA,NA,NA,NA
3,34,NA,NA,NA,NA,NA,NA,NA,NA,NA,NA,NA,NA,NA,NA,NA
3,35,NA,NA,NA,NA,NA,NA,NA,NA,NA,NA,NA,NA,NA,NA,NA
3,36,NA,NA,NA,NA,NA,NA,NA,NA,NA,NA,NA,NA,NA,NA,NA
3,37,NA,NA,NA,NA,NA,NA,NA,NA,NA,NA,NA,NA,NA,NA,NA
3,38,NA,NA,NA,NA,NA,NA,NA,NA,NA,NA,NA,NA,NA,NA,NA
3,39,NA,NA,NA,NA,NA,NA,NA,NA,NA,NA,NA,NA,NA,NA,NA
3,40,NA,NA,NA,NA,NA,NA,NA,NA,NA,NA,NA,NA,NA,NA,NA
3,41,NA,NA,NA,NA,NA,NA,NA,NA,NA,NA,NA,NA,NA,NA,NA
3,42,NA,NA,NA,NA,NA,NA,NA,NA,NA,NA,NA,NA,NA,NA,NA
3,43,NA,NA,NA,NA,NA,NA,NA,NA,NA,NA,NA,NA,NA,NA,NA
3,44,NA,NA,NA,NA,NA,NA,NA,NA,NA,NA,NA,NA,NA,NA,NA
3,45,NA,NA,NA,NA,NA,NA,NA,NA,NA,NA,NA,NA,NA,NA,NA
3,46,NA,NA,NA,NA,NA,NA,NA,NA,NA,NA,NA,NA,NA,NA,NA
3,47,NA,NA,NA,NA,NA,NA,NA,NA,NA,NA,NA,NA,NA,NA,NA
3,48,NA,NA,NA,NA,NA,NA,NA,NA,NA,NA,NA,NA,NA,NA,NA
3,49,NA,NA,NA,NA,NA,NA,NA,NA,NA,NA,NA,NA,NA,NA,NA
3,50,NA,NA,NA,NA,NA,NA,NA,NA,NA,NA,NA,NA,NA,NA,NA
3,51,NA,NA,NA,NA,NA,NA,NA,NA,NA,NA,NA,NA,NA,NA,NA
3,52,NA,NA,NA,NA,NA,NA,NA,NA,NA,NA,NA,NA,NA,NA,NA
3,53,NA,NA,NA,NA,NA,NA,NA,NA,NA,NA,NA,NA,NA,NA,NA
3,54,NA,NA,NA,NA,NA,NA,NA,NA,NA,NA,NA,NA,NA,NA,NA
3,55,NA,NA,NA,NA,NA,NA,NA,NA,NA,NA,NA,NA,NA,NA,NA
3,56,NA,NA,NA,NA,NA,NA,NA,NA,NA,NA,NA,NA,NA,NA,NA
3,57,NA,NA,NA,NA,NA,NA,NA,NA,NA,NA,NA,NA,NA,NA,NA
3,58,NA,NA,NA,NA,NA,NA,NA,NA,NA,NA,NA,NA,NA,NA,NA
3,59,NA,NA,NA,NA,NA,NA,NA,NA,NA,NA,NA,NA,NA,NA,NA
3,60,NA,NA,NA,NA,NA,NA,NA,NA,NA,NA,NA,NA,NA,NA,NA
3,61,NA,NA,NA,NA,NA,NA,NA,NA,NA,NA,NA,NA,NA,NA,NA
3,62,NA,NA,NA,NA,NA,NA,NA,NA,NA,NA,NA,NA,NA,NA,NA
3,63,NA,NA,NA,NA,NA,NA,NA,NA,NA,NA,NA,NA,NA,NA,NA
3,64,NA,NA,NA,NA,NA,NA,NA,NA,NA,NA,NA,NA,NA,NA,NA
3,65,NA,NA,NA,NA,NA,NA,NA,NA,NA,NA,NA,NA,NA,NA,NA
3,66,NA,NA,NA,NA,NA,NA,NA,NA,NA,NA,NA,NA,NA,NA,NA
3,67,NA,NA,NA,NA,NA,NA,NA,NA,NA,NA,NA,NA,NA,NA,NA
3,68,NA,NA,NA,NA,NA,NA,NA,NA,NA,NA,NA,NA,NA,NA,NA
3,69,NA,NA,NA,NA,NA,NA,NA,NA,NA,NA,NA,NA,NA,NA,NA
3,70,NA,NA,NA,NA,NA,NA,NA,NA,NA,NA,NA,NA,NA,NA,NA
3,71,NA,NA,NA,NA,NA,NA,NA,NA,NA,NA,NA,NA,NA,NA,NA
3,72,NA,NA,NA,NA,NA,NA,NA,NA,NA,NA,NA,NA,NA,NA,NA
3,73,NA,NA,NA,NA,NA,NA,NA,NA,NA,NA,NA,NA,NA,NA,NA
3,74,NA,NA,NA,NA,NA,NA,NA,NA,NA,NA,NA,NA,NA,NA,NA
3,75,NA,NA,NA,NA,NA,NA,NA,NA,NA,NA,NA,NA,NA,NA,NA
3,76,NA,NA,NA,NA,NA,NA,NA,NA,NA,NA,NA,NA,NA,NA,NA
3,77,NA,NA,NA,NA,NA,NA,NA,NA,NA,NA,NA,NA,NA,NA,NA
3,78,NA,NA,NA,NA,NA,NA,NA,NA,NA,NA,NA,NA,NA,NA,NA
3,79,NA,NA,NA,NA,NA,NA,NA,NA,NA,NA,NA,NA,NA,NA,NA
3,80,NA,NA,NA,NA,NA,NA,NA,NA,NA,NA,NA,NA,NA,NA,NA
3,81,NA,NA,NA,NA,NA,NA,NA,NA,NA,NA,NA,NA,NA,NA,NA
3,82,NA,NA,NA,NA,NA,NA,NA,NA,NA,NA,NA,NA,NA,NA,NA
3,83,NA,NA,NA,NA,NA,NA,NA,NA,NA,NA,NA,NA,NA,NA,NA
3,84,NA,NA,NA,NA,NA,NA,NA,NA,NA,NA,NA,NA,NA,NA,NA
3,85,NA,NA,NA,NA,NA,NA,NA,NA,NA,NA,NA,NA,NA,NA,NA
3,86,NA,NA,NA,NA,NA,NA,NA,NA,NA,NA,NA,NA,NA,NA,NA
3,87,NA,NA,NA,NA,NA,NA,NA,NA,NA,NA,NA,NA,NA,NA,NA
3,88,NA,NA,NA,NA,NA,NA,NA,NA,NA,NA,NA,NA,NA,NA,NA
3,89,NA,NA,NA,NA,NA,NA,NA,NA,NA,NA,NA,NA,NA,NA,NA
3,90,NA,NA,NA,NA,NA,NA,NA,NA,NA,NA,NA,NA,NA,NA,NA
3,91,NA,NA,NA,NA,NA,NA,NA,NA,NA,NA,NA,NA,NA,NA,NA
3,92,-9336.04805307604,0.00536470702165065,-0.0659610233281141,-0.086724298434266,-0.123458995640899,0.0787875624477624,0.0173372447141517,0.13332113900736,-0.225292676971798,0.305755863528561,-0.261643481844099,-0.113318565174366,-1.20361930982429,-0.057760532981723,-0.392742069586536
3,93,NA,NA,NA,NA,NA,NA,NA,NA,NA,NA,NA,NA,NA,NA,NA
3,94,NA,NA,NA,NA,NA,NA,NA,NA,NA,NA,NA,NA,NA,NA,NA
3,95,-9336.04805307603,0.000456205422204322,-0.0659610327371369,-0.0867243363399759,-0.123458995891218,0.0787874806645266,0.0173371014076292,0.133321080878062,-0.225292802341309,0.305755936735554,-0.261643461057488,-0.11331884019712,-1.20361953729737,-0.0577608614059049,-0.392742371162395
3,96,NA,NA,NA,NA,NA,NA,NA,NA,NA,NA,NA,NA,NA,NA,NA
3,97,NA,NA,NA,NA,NA,NA,NA,NA,NA,NA,NA,NA,NA,NA,NA
3,98,NA,NA,NA,NA,NA,NA,NA,NA,NA,NA,NA,NA,NA,NA,NA
3,99,NA,NA,NA,NA,NA,NA,NA,NA,NA,NA,NA,NA,NA,NA,NA
3,100,NA,NA,NA,NA,NA,NA,NA,NA,NA,NA,NA,NA,NA,NA,NA
3,101,NA,NA,NA,NA,NA,NA,NA,NA,NA,NA,NA,NA,NA,NA,NA
