"row_num","gen_method","b_Price","b_Acceleration","b_OpCost","b_hev","b_phev20","b_phev40","b_bev","b_bevRangeRel","b_noBEVFC","b_american","b_chinese","b_japanese","b_skorean","lambda_ICE","lambda_BEV","alpha_PHEV_ICE_logistic","LL1","LL2","LL3","LL4","LL5","LL6","gradNorm1","gradNorm2","gradNorm3","gradNorm4","gradNorm5","gradNorm6","stop_ef","stop_status","pruned_optima_row","end_conv","end_LL","end_ef","end_outcome_status","end_index"
1,"beta_var_val",-0.065961032,-0.086724325,-0.123458989,0.078787462,0.017337116,0.133321046,-0.225292786,0.305755872,-0.261643415,-0.113318709,-1.203619405,-0.05776064,-0.392742187,1,1,0.5,-9336.048053076,-9285.91722293971,NA,NA,NA,NA,NA,3.35649808033237,NA,NA,NA,NA,0,"pruned_test1_too_close",86,1,-9285.91618511744,1,"best",4
2,"logit_random",-0.132912054426738,-0.0317514846597768,-0.296309833138667,0.132786088475688,0.0422129712608777,0.298561928959281,-0.403804848689593,0.582043518948123,-0.0697289753289601,-0.0357137987946508,-0.19267666316203,-0.088615234118855,-0.879291385688933,0.885853732856922,0.48685960337054,-0.324488586681244,-14319.6556881895,-9326.16270461534,NA,NA,NA,NA,NA,122.373731987368,NA,NA,NA,NA,0,"pruned_test1_too_close",36,1,-9325.46589569831,3,"test0_worse_conv",36
3,"logit_random",-0.0712139533661922,-0.234805109101998,-0.273897049079491,0.114851146604367,0.0381744072562988,0.378571213963414,-0.370823364526657,0.227134972848306,-0.373269956840957,0.0891524688009366,-1.16545357121991,-0.108728817826955,-0.542250373874088,0.67419874003157,0.215430199909024,-0.0596403474825378,-15679.4661846043,-9438.80265624966,-9285.93997125737,NA,NA,NA,NA,2738.2865092616,16.7713393551656,NA,NA,NA,0,"pruned_test1_too_close",69,1,-9285.92252182874,3,"test0_worse_conv",94
4,"logit_random",-0.0813290964109317,-0.0850170225917828,-0.271688291044229,0.224291546742349,0.0277198951181197,0.431341707455648,-0.369073102379234,0.173860428772547,-0.228024405738469,-0.149035340552226,-0.931048438553067,-0.0276163435266425,-0.590285913209914,0.701687556202523,0.36959819230251,0.0499317621628665,-12176.212833384,-9286.78259583206,-9285.91618511744,-9285.91618511744,-9285.91618511744,-9285.91618511744,NA,21.393100203256,0.0633587293380703,NA,NA,NA,1,"best",0,1,-9285.91618511744,1,"best",4
5,"logit_random",-0.119868868325778,-0.112637238243265,0.172004990918167,-0.189186355726188,0.0313139797071506,-0.071663683817945,-0.249324755441883,0.420117241747908,-0.197547071821742,-0.170530928177282,-0.864594689040799,0.000910093078184897,-0.290098474826986,0.221902657710016,0.742886021682061,0.542922506748234,-15379.6125190439,-9313.03374038494,-9285.9162147214,NA,NA,NA,NA,230.640736336263,1.02651692184863,NA,NA,NA,0,"pruned_test1_too_close",4,1,-9285.91618511744,1,"best",4
6,"logit_random",-0.0150331234486085,-0.125035907847423,-0.356581028866325,0.0808707887999832,0.0309006254005847,-0.0532538010989543,-0.269500461194808,-0.137209704362502,-0.430794888604484,-0.0443790838185552,-1.93844873713301,-0.0209083487276567,-0.711581961994509,0.624987461329438,0.140049960147589,0.848245055460688,-25077.1735663726,-9463.01241939943,-9286.14103398613,NA,NA,NA,NA,2396.4588991497,180.014274212635,NA,NA,NA,0,"pruned_test1_too_close",17,1,-9285.92252182874,3,"test0_worse_conv",94
7,"logit_random",-0.0768849661652772,-0.0354723896420691,-0.0562927682073148,0.10796401963052,0.0185786177913368,0.231726483651997,-0.0574577462969998,0.154006055417125,-0.0344897094090248,0.0681299810604298,-1.6982422303855,-0.130301785656572,-1.3695024135264,0.479549244437367,0.521739922864363,0.352578827432083,-11452.8430591343,-9285.92360441429,NA,NA,NA,NA,NA,10.1021448223942,NA,NA,NA,NA,0,"pruned_test1_too_close",26,1,-9285.91618511744,1,"best",4
8,"logit_random",-0.00178923084774839,-0.185097531433486,-0.220358442049782,0.0156518250567884,-0.000126554478172395,0.20343364969201,-0.0384464571662388,0.776440620180598,-0.303334158763296,-0.276792064469876,-1.87471503022261,-0.0321885877326055,-0.02328686331162,0.857346800053492,0.610036411811598,0.251978788945443,-13526.1670989308,-9286.20099786982,NA,NA,NA,NA,NA,275.549192591058,NA,NA,NA,NA,0,"pruned_test1_too_close",34,1,-9285.91618511744,1,"best",4
9,"logit_random",0.0472633207333241,-0.124774153224788,0.0491830334351064,0.0789696282619649,0.00768180766790008,0.156342663689968,-0.0480607777235375,0.837521445185013,-0.0774713260657001,-0.1836797675187,0.644691656313983,-0.0890116111213439,-0.309425480854696,0.637746538082138,0.845757617191412,0.229343515010235,-19622.7429655312,-9286.18884369706,-9286.05532560877,NA,NA,NA,NA,170.91430951554,0.00117836734659341,NA,NA,NA,3,"test0_worse_conv",0,1,-9286.05532560877,3,"test0_worse_conv",9
10,"logit_random",-0.0491253357788771,-0.0568129866068393,-0.0202182725856738,-0.00593229816861381,-0.0309705889812255,0.254414500826644,-0.362349033772183,0.383907160590111,-0.151277340273099,0.104522641184453,-1.61636152243747,-0.0211079770420123,-0.70606135101813,0.161469025830738,0.297850301484577,0.667053308916823,-13596.9875398905,-9303.46746490592,-9285.91619538184,NA,NA,NA,NA,1230.00393090245,1.58339780198481,NA,NA,NA,0,"pruned_test1_too_close",4,1,-9285.91618511744,1,"best",4
11,"logit_random",-0.0417809629912746,-0.125698268753003,-0.269967530623023,0.151437675894396,0.0111494948484412,-0.104761992242752,-0.251729757074729,-0.306753575555337,-0.320560748428287,-0.134548953657592,-2.56519973957376,-0.0240609370063418,-0.848475616178635,0.318303458578885,0.365497044525109,0.209598066618987,-16225.8162137606,-9294.60694650275,-9285.91618600211,NA,NA,NA,NA,314.716216224278,0.15857567599251,NA,NA,NA,4,"dup_best_test0_conv",4,1,-9285.91618511744,1,"best",4
12,"logit_random",0.0119250445977048,-0.0829240458664507,-0.277316080229864,0.0929837391404516,0.0236499043084351,-0.135861591463261,0.0366566405786292,0.0853094305974864,-0.194906881377083,-0.229529270218293,-0.274713988960326,-0.14104192225175,-0.186457331519967,0.243917012554593,0.941509981234558,-0.325869492245336,-14920.3095336594,-9286.42518598743,NA,NA,NA,NA,NA,112.236779540735,NA,NA,NA,NA,0,"pruned_test1_too_close",45,1,-9285.92252182874,3,"test0_worse_conv",94
13,"logit_random",-0.0235354193568555,-0.135983011900542,-0.251308872131483,0.257138373878214,0.032457458464313,-0.121480950701091,-0.461702631617235,0.276988687423819,-0.0209034544781351,-0.101937335493971,-2.58602590134598,-0.0847227389438767,0.064957293745821,0.284573643887416,0.508084192220122,0.679161528926006,-14691.2606930869,-9301.05873089218,-9285.91618729053,NA,NA,NA,NA,1310.07016542646,0.0604921251948183,NA,NA,NA,4,"dup_best_test0_conv",4,1,-9285.91618511744,1,"best",4
14,"logit_random",0.0194797351503173,0.0715354533960555,-0.2968212068271,0.103190993128058,0.0709388398020382,-0.103052472464117,-0.197661050658359,-0.0123392839733669,-0.25200939347501,-0.193267364649529,-1.2223900238944,-0.13127896121978,-0.388212283879798,0.195759694571607,0.723266109372489,-0.198699120665715,-17626.9843276222,-9287.64235812459,NA,NA,NA,NA,NA,138.36543570071,NA,NA,NA,NA,0,"pruned_test1_too_close",44,1,-9285.91618511744,1,"best",4
15,"logit_random",-0.053565761945061,-0.0491724694359778,-0.191989496214545,0.155568154022611,-0.00461400094506979,0.156720615508058,0.17919470473392,0.173249624011332,-0.0824773513039554,-0.00567485429403736,2.02374284350926,-0.0492039367138917,-1.19414652691998,0.0999999004974961,0.908854909809306,0.475460050600441,-26654.4601752258,-9371.49127263059,-9325.52816039998,NA,NA,NA,NA,308.76124733258,0.0241622289541004,NA,NA,NA,3,"test0_worse_conv",0,1,-9325.52816039998,3,"test0_worse_conv",15
16,"logit_random",0.0389964983824896,-0.204146136436769,-0.166861724173665,0.0564605405806175,0.0339303522555182,0.255327910044233,-0.141836629235888,0.646036299993212,0.0673618536460235,-0.130911279809532,-1.28035601800897,-0.0370064029949582,-1.03083835888006,0.13474728374742,0.544604192203842,-0.579460418173402,-23759.223441178,-9294.10480355302,-9285.91618667326,NA,NA,NA,NA,135.01587588525,0.231898452376579,NA,NA,NA,4,"dup_best_test0_conv",4,1,-9285.91618511744,1,"best",4
17,"logit_random",-0.0696006995384394,0.0133959514026156,-0.0411325700302075,0.0823877388536409,0.0240276411896053,0.282650452017381,-0.144151895471512,0.211847431037675,-0.548005002780358,-0.0159918802068074,-1.64467260764266,-0.062711587361955,-0.559534706603868,0.872272526132874,0.111122147338465,-0.204948096560344,-19343.7443394321,-9491.92031528769,-9286.09231026691,NA,NA,NA,NA,3193.5798290085,135.935904200999,NA,NA,NA,0,"pruned_test1_too_close",39,1,-9285.92252182874,3,"test0_worse_conv",94
18,"logit_random",-0.0106546115804034,-0.00687403470110205,-0.174834803315553,0.134465983820282,0.0296829676066257,0.0261773251989581,-0.380077999135782,0.179135101920185,-0.0622163362500894,0.0332681401656361,-0.28144105005009,-0.0384719516158043,-0.274976106725655,0.754718561274931,0.810028526354581,-0.364864805170752,-10947.8993720693,-9286.61039913971,NA,NA,NA,NA,NA,385.043543678407,NA,NA,NA,NA,0,"pruned_test1_too_close",27,1,-9285.92252182874,3,"test0_worse_conv",94
19,"logit_random",-0.0554488140775502,-0.125633840672868,-0.196317540606642,0.121510997660085,0.0126211968033934,0.0933761901088763,0.315178369231409,0.372937905193187,0.256239817013093,-0.211281074460377,-0.214251303543499,-0.151678864141618,-0.326305587533153,0.42053719655145,0.932533342652023,-0.566712671960334,-10750.1403650158,-9286.07404196702,-9285.91618523827,NA,NA,NA,NA,57.1784592224989,0.00366642562422052,NA,NA,NA,4,"dup_best_test0_conv",4,1,-9285.91618511744,1,"best",4
20,"logit_random",-0.0246724336891311,0.0928447828879054,-0.281175193618649,0.140077057306027,0.0426076017844324,0.207210901877177,-0.216270778966504,-0.0298838232561201,-0.645121354601779,-0.110260030228919,0.962036835714704,-0.0338222867235581,-1.15896718583102,0.291402987320907,0.639501012242399,0.310933585127858,-17595.4209700301,-9292.74139221768,-9285.91618659022,NA,NA,NA,NA,445.058995570297,0.164153527225389,NA,NA,NA,4,"dup_best_test0_conv",4,1,-9285.91618511744,1,"best",4
21,"logit_random",-0.024169129676555,-0.104030695548737,-0.0926644989606366,0.0780644680035071,-0.00366195637015529,0.187870794573531,-0.435394502029645,0.348332955524096,-0.0310872964830466,0.0145823309688296,0.0749560292699367,-0.0880721988355382,-0.346832455904872,0.702445471612737,0.637183884652331,-0.318387917219589,-10735.2795163489,-9286.6258498265,NA,NA,NA,NA,NA,57.2323747731162,NA,NA,NA,NA,0,"pruned_test1_too_close",18,1,-9285.92252182874,3,"test0_worse_conv",94
22,"logit_random",-0.0210397454746102,-0.184647231588183,-0.170379100922395,-0.0427451356177151,0.0197457514060354,-0.332539200067357,-0.405563831025354,-0.141969910892968,-0.148811183850136,-0.0293627716076242,-1.30843606105943,-0.0824375775768003,-1.06444281319364,0.345048877596855,0.151578315692022,-0.470959050031099,-19304.894653004,-9290.68882233699,NA,NA,NA,NA,NA,154.187388118872,NA,NA,NA,NA,0,"pruned_test1_too_close",55,1,-9285.91618511744,1,"best",4
23,"logit_random",-0.110948656671453,-0.199080446159849,-0.0229502749329279,0.105761645779237,0.0354828650703596,0.335497322086969,-0.618093498001693,0.478351528289954,-0.147962615887963,-0.206758266940633,-3.18076424815352,-0.0754817382257684,0.29550097944595,0.0558168299356476,0.730788132119924,-0.391995732905181,-23932.3517573394,-9457.28886493734,-9325.52720588282,NA,NA,NA,NA,838.240895866661,0.324770345586291,NA,NA,NA,3,"test0_worse_conv",0,1,-9325.52720588282,3,"test0_worse_conv",23
24,"logit_random",-0.113667792760491,0.0208501648210444,-0.156386249681062,0.0555012563981592,0.0355288951295535,-0.0672618613524734,-0.323823796885421,0.653918300164178,-0.37289934639035,-0.129083813895681,-1.28153437728993,0.0140469578581673,0.554362600001555,0.563009774871171,0.418306049727835,0.230035016197302,-13486.9416376905,-9287.51719557003,NA,NA,NA,NA,NA,517.100722039537,NA,NA,NA,NA,0,"pruned_test1_too_close",4,1,-9285.91618511744,1,"best",4
25,"logit_random",0.0444264677224167,0.0602784986077976,0.0452990206001027,0.161298455889508,-0.00757001227390251,0.228796754429988,-0.563250699928185,0.123772991046785,-0.0913145276052806,-0.186989250167275,-1.12053594816673,-0.0447159208476775,-0.357184557581327,0.0485966433258727,0.541452436181717,-0.355918590301858,-35450.7318843332,-9382.41907921125,-9285.92250830472,-9285.92237049496,NA,NA,NA,1007.33955091148,18.6208992241136,10.3847187516254,NA,NA,3,"test0_worse_conv",0,1,-9285.92237049496,3,"test0_worse_conv",25
26,"logit_random",-0.105257688336533,-0.0431626151098643,-0.0805579141274165,0.0496742553093281,0.00391442842133349,0.30427355624124,-0.56364359765081,0.36695942339149,-0.175641769108593,-0.295090602964937,-1.00191815366485,-0.0653311247650884,-0.504779674896986,0.747878790972754,0.753702301522717,-0.532073493933975,-10432.0183336456,-9285.92066869096,NA,NA,NA,NA,NA,11.6024867767949,NA,NA,NA,NA,0,"pruned_test1_too_close",1,1,-9285.91618511744,1,"best",4
27,"logit_random",0.0105434649198022,-0.0577903453934501,-0.0814339722316185,0.0941664457812733,-0.000907872686507015,0.153017424576948,-0.39179244222157,0.12836776123638,-0.323720099820599,-0.108375727589746,-2.00624005776818,0.0059964901443898,0.00481198054458298,0.891290236748755,0.649886972974055,-0.216989400944609,-13163.0547223309,-9286.55908177698,NA,NA,NA,NA,NA,189.005662141093,NA,NA,NA,NA,0,"pruned_test1_too_close",46,1,-9285.92252182874,3,"test0_worse_conv",94
28,"logit_random",-0.0582157285720307,-0.130797855062492,0.0342639380188395,0.0050624891620356,0.0380201742653392,0.0478670469255921,-0.461453644585763,0.565499469753155,-0.25555701080225,-0.285299843487795,-1.06685907292447,-0.148637457242313,-0.0136369334986451,0.876834738329053,0.401165138054639,-0.422045214388287,-11868.5859890581,-9289.6454309691,NA,NA,NA,NA,NA,466.084583684417,NA,NA,NA,NA,0,"pruned_test1_too_close",90,1,-9285.91618511744,1,"best",4
29,"logit_random",-0.0488625218021596,-0.118867165565008,-0.167937818385093,0.131608044211609,0.0408066413134838,0.147593820753496,-0.199677109665978,0.0307352390385724,-0.278054344274375,0.0995260657554874,-1.56613429521995,0.00252861051571992,-0.584276993681493,0.328423199541867,0.672523477170616,0.470995245141017,-10433.5816781007,-9285.93143194192,NA,NA,NA,NA,NA,6.47048382144376,NA,NA,NA,NA,0,"pruned_test1_too_close",7,1,-9285.91618511744,1,"best",4
30,"logit_random",-0.0407400330325382,0.0441117166680573,-0.0512726595739479,0.070754312567901,-0.00497573370422317,0.173897905685952,-0.218235231098253,1.06313128916867,-0.253109243140937,-0.225138421335186,-1.92088323986802,0.00844485327724143,-0.904181713506512,0.341455218982883,0.947242575157434,0.437067154018259,-11665.2841157496,-9286.38335776809,NA,NA,NA,NA,NA,99.4666263080483,NA,NA,NA,NA,0,"pruned_test1_too_close",40,1,-9285.91618511744,1,"best",4
31,"logit_random",-0.112891101508832,-0.0910280877972711,0.0316799301587887,-0.0350021581580139,0.0128790508336882,0.315928662012579,-0.164601614101839,0.382643318846126,0.178930737869829,-0.140982376110231,-0.50897473425789,-0.0351968022011762,-0.369688282608968,0.825676954202354,0.860774386990815,0.902134578188158,-11075.0852119396,-9285.9384543403,NA,NA,NA,NA,NA,4.14077963263531,NA,NA,NA,NA,0,"pruned_test1_too_close",29,1,-9285.91618511744,1,"best",4
32,"logit_random",-0.143634736046879,0.0331075855874772,-0.165994009210147,0.11313103388947,-0.0119074139596556,0.0523370704066813,-0.0669557625279741,0.394497239557636,-0.667629029901515,-0.409222760972012,-0.879242848192543,0.0044647859829029,0.226739813400724,0.401425308245234,0.0368639501789585,0.318998968127756,-70983.9404012737,-9611.78333409372,-9325.51742495739,-9325.51741984095,NA,NA,NA,830.889433398349,4.08359226351604,3.73021760586298,NA,NA,3,"test0_worse_conv",0,1,-9325.51741984095,3,"test0_worse_conv",32
33,"logit_random",-0.129294605863711,-0.047790963321511,-0.279296892979448,0.0804873423433059,-0.00909033225705459,0.0607733617942073,0.230040525824407,0.483525005232411,-0.140379528488125,-0.19173478202128,-0.441693387093132,-0.0387075510050695,-0.456565182072894,0.726129382001236,0.798678785897791,-0.364002004384393,-11860.6085045735,-9285.9296794853,-9285.92957593265,NA,NA,NA,NA,16.1452641656118,8.97173502730722,NA,NA,NA,3,"test0_worse_conv",0,1,-9285.92957593265,3,"test0_worse_conv",33
34,"logit_random",-0.123937628671425,-0.0999333030577616,-0.0386622619922269,0.0533573993025893,-0.00666007780656073,0.276383323408484,-0.0912036644372,0.26263412964184,-0.437293966476413,0.0696461813487758,-1.96563419007391,-0.078086929426934,-0.805567719187758,0.866726754261181,0.876879775319248,-0.646517233082054,-10752.6975409387,-9285.97899433099,NA,NA,NA,NA,NA,17.1643026487687,NA,NA,NA,NA,0,"pruned_test1_too_close",66,1,-9285.91618511744,1,"best",4
35,"logit_random",-0.300527464203764,-0.0642372299697145,-0.129373527035116,0.233952581017301,0.041240808743521,0.134940545009954,-0.241321035489195,0.447191605923056,-0.424854086137348,-0.0637136612372308,-1.56555799744586,-0.0683580622463312,-0.527147306074735,0.744026414952241,0.103018557359464,-0.366704025145432,-59057.1322846043,-9391.65606253274,-9285.91623283119,NA,NA,NA,NA,565.312442302462,2.02389988275806,NA,NA,NA,0,"pruned_test1_too_close",4,1,-9285.91618511744,1,"best",4
36,"logit_random",-0.159411313715219,-0.22647204672111,-0.168036563221071,0.0781192792187482,-0.0111383308672378,-0.00047769647941745,-0.112305048912854,0.0668937032671993,-0.185695912574097,-0.0719729828718366,-1.68842188797697,-0.0473170620433407,-0.182539654498934,0.491129684126936,0.960222019422799,0.192422613378906,-12338.2693278916,-9325.46597176003,-9325.46589569831,NA,NA,NA,NA,21.9672123114493,20.0374876515253,NA,NA,NA,3,"test0_worse_conv",0,1,-9325.46589569831,3,"test0_worse_conv",36
37,"logit_random",-0.0955623159147192,-0.260949677254639,0.0176001222263773,0.0900216891050512,0.0316561647506414,-0.0963415475577671,-0.0200010282703163,0.0468760067899792,0.299458382950453,0.071401052884289,-0.515974148142009,0.0582089077480289,-0.529551508868999,0.851189223555848,0.344119722368196,0.72397248593726,-13532.1259244205,-9290.53829166247,NA,NA,NA,NA,NA,307.491527307955,NA,NA,NA,NA,0,"pruned_test1_too_close",28,1,-9285.91618511744,1,"best",4
38,"logit_random",-0.117144662660394,-0.260118446311958,0.0133096713957547,0.186067235811776,0.0159089321075122,-0.0306200399001182,-0.0624420128338702,0.227199171948379,0.0660732255745611,-0.0431448345200215,-1.33972203099704,-0.0945841590497237,-1.25079411453717,0.105763487070799,0.980704872226343,0.443985965509157,-16446.7322288022,-9558.51934184517,-9285.94822909317,NA,NA,NA,NA,3628.35074763866,38.0054813601079,NA,NA,NA,0,"pruned_test1_too_close",3,1,-9285.92252182874,3,"test0_worse_conv",94
39,"logit_random",-0.120829268761915,-0.0762271540455742,-0.10176334816113,0.084388693707756,0.00387031711247403,0.0153070122487665,-0.344743114950914,0.312191003305413,0.124147340991699,-0.0494520135452367,-0.40717259301066,0.0109382502667209,0.0340540335106084,0.157098903539591,0.157955951439217,-0.847760515037384,-25159.0463885122,-9503.9059514802,-9286.03114149237,NA,NA,NA,NA,1736.6113087631,106.110194333392,NA,NA,NA,0,"pruned_test1_too_close",58,1,-9285.92252182874,3,"test0_worse_conv",94
40,"logit_random",-0.0625422640340241,-0.106670468822296,-0.102985782799454,0.139144138369585,0.0232711433203639,0.267243815960071,-0.429096306119953,0.0910437909249451,0.297915137750491,-0.209938029972599,-1.38575186727286,0.0251791681580647,-0.180856883894903,0.734073960692622,0.804379433402792,1.02885118021317,-9645.02448268034,-9285.92031488228,NA,NA,NA,NA,NA,13.2208109106721,NA,NA,NA,NA,0,"pruned_test1_too_close",1,1,-9285.91618511744,1,"best",4
41,"logit_random",-0.106629392782575,-0.277439968145796,-0.128159943111727,0.11415494917983,0.0293873268280281,0.0881662391629593,-0.237869044232662,0.0396461453620152,-0.601888695908459,-0.0309892725469309,-3.22284201074186,-0.1419142081841,-1.09605668859862,0.543627531598322,0.505576451695524,0.45305592325692,-13705.0330347691,-9285.99193508001,-9285.99174057217,NA,NA,NA,NA,3.88859561087174,14.4834848558645,NA,NA,NA,3,"test0_worse_conv",0,1,-9285.99174057217,3,"test0_worse_conv",41
42,"logit_random",-0.0491807597714779,-0.23505835354312,0.0577884045777039,0.219511989858199,0.0214548883909724,0.21235071012558,-0.635226082424086,0.345226858002844,-0.5179368096408,-0.116561418335862,-0.613496436479942,-0.0076006603678155,0.0442762218383429,0.057935357587412,0.76130588142667,-0.595583589362229,-15056.3934450131,-9682.89814000562,-9286.1346796298,NA,NA,NA,NA,4242.32332575882,228.054055899793,NA,NA,NA,0,"pruned_test1_too_close",17,1,-9285.92252182874,3,"test0_worse_conv",94
43,"logit_random",-0.0878284637654204,-0.0671021490632055,-0.164200959871222,0.0923076633545622,0.0204381781903257,0.0592146828260812,-0.373568703267639,0.195138102227347,-0.487476599624027,-0.147813232584619,-0.853436150659576,-0.0209551427657548,-0.48315893262604,0.966876622163691,0.931857897094451,-0.221261754152033,-9675.28972257484,-9285.92209250331,NA,NA,NA,NA,NA,11.4612291228671,NA,NA,NA,NA,0,"pruned_test1_too_close",1,1,-9285.91618511744,1,"best",4
44,"logit_random",-0.0795700669041592,-0.0042624781674544,-0.182976663649602,0.109172265866806,-0.0156205617362328,0.281094452178381,-0.230530437468423,0.228805095862794,0.043762739102487,-0.363705354283371,-1.76810405834797,-0.0788003763299671,-0.753693674965121,0.238284362507984,0.537353491196409,0.479260001853115,-11743.7750512936,-9286.94070078136,NA,NA,NA,NA,NA,229.323412519127,NA,NA,NA,NA,0,"pruned_test1_too_close",4,1,-9285.91618511744,1,"best",4
45,"logit_random",0.0142038564446635,0.0961265898570262,-0.18299144104117,0.0676489644570201,0.0449065342179587,0.0773833537231807,0.0621281234871981,0.505469077100747,-0.0750399277459452,0.0624968963960097,-2.26023276473326,-0.0937301974122556,0.193695743701452,0.752764041237533,0.626277578519657,0.692638789389372,-15036.4419310966,-9286.25775986058,NA,NA,NA,NA,NA,181.574836408552,NA,NA,NA,NA,0,"pruned_test1_too_close",69,1,-9285.92252182874,3,"test0_worse_conv",94
46,"logit_random",0.0588409619886122,-0.1405997472582,0.170314650791761,0.171500531654391,0.0441447741890399,0.110133442551657,0.174850874720386,0.511428485613607,-0.298057624571977,-0.0588581119387727,-0.845144249979349,-0.0982343246302312,-1.09442032174759,0.469415761008859,0.864378981986083,1.18645348931238,-22149.0256355945,-9286.48632096337,NA,NA,NA,NA,NA,126.85300379883,NA,NA,NA,NA,0,"pruned_test1_too_close",12,1,-9285.92252182874,3,"test0_worse_conv",94
47,"logit_random",-0.0610671507781778,0.0047392641917483,0.0373334474039135,-0.0176263690099173,-0.023215250985742,0.193902418902264,-0.534845608803258,-0.210041635814544,-0.298277666671263,-0.101531039831185,0.0115897569048242,-0.177129245494844,-0.170725714256734,0.0244289296073839,0.501636163643561,-0.673703024122989,-23008.8372081794,-9904.8939125396,-9294.60160614384,-9285.91618539296,NA,NA,NA,19072.2979433239,815.392455561337,0.0299603235361356,NA,NA,4,"dup_best_test0_conv",4,1,-9285.91618511744,1,"best",4
48,"logit_random",0.0495826550866543,-0.228866313641488,-0.182388852308357,0.052730514118771,-0.00235833667856967,0.209547035402518,-0.333678229020013,0.574986388309125,0.142478985948362,-0.0449681558499136,-0.657594558536645,-0.143763765465487,0.0689829585366623,0.238823549835943,0.333828787906095,-0.262327079982935,-29222.0187721541,-9678.20147262683,-9286.05484427662,-9286.05484393464,NA,NA,NA,1578.53983763469,0.924410322281412,0.525724958196082,NA,NA,3,"test0_worse_conv",0,1,-9286.05484393464,3,"test0_worse_conv",48
49,"logit_random",-0.0812301822235289,-0.0137906252023595,-0.00494789118866579,0.152141844921865,0.0015050920545718,0.163490328188909,-0.247844464947184,0.0418367040066326,-0.433558884892815,-0.188218434097391,-2.55684019053505,-0.123807208514638,-0.511667701736183,0.287013449245133,0.46598767049145,-0.432624329249023,-13208.1856761995,-9287.3565879378,NA,NA,NA,NA,NA,406.493973850023,NA,NA,NA,NA,0,"pruned_test1_too_close",12,1,-9285.92252182874,3,"test0_worse_conv",94
50,"logit_random",-0.030114345262182,-0.132295790118077,-0.0978449576311355,0.0230007027746239,-0.0101896725855441,0.309782669429445,-0.134201256782,0.379749331496118,0.150491220934365,-0.235645689832181,-1.35948388406682,-0.114170372447176,-0.154292726806916,0.621857265471481,0.241960825934075,0.331414406590811,-11795.519037493,-9287.48848869182,-9285.91618517973,NA,NA,NA,NA,255.563476822291,0.0864246669937187,NA,NA,NA,4,"dup_best_test0_conv",4,1,-9285.91618511744,1,"best",4
51,"logit_random",-0.13119658507087,-0.081186235753874,-0.334462199329324,0.028243978952294,0.00350111159374758,0.0620088878801135,-0.556826887752561,1.0674095987207,-0.111007472160606,0.0353577241011347,-1.27574397084113,-0.0536614320449658,-0.783647638577179,0.812537107928656,0.160298613528721,-0.478517207499982,-27840.9936894513,-9292.13097848487,NA,NA,NA,NA,NA,718.740873869367,NA,NA,NA,NA,0,"pruned_test1_too_close",27,1,-9285.92252182874,3,"test0_worse_conv",94
52,"logit_random",-0.0451482510161962,-0.126934263826414,-0.161004486160589,-0.0482485611364341,-0.0269046540170078,0.392796449958251,-0.0658754680730587,1.03363209612108,-0.0416328797029812,-0.0943596984288917,-1.06387816718422,-0.122781261122786,-0.786234375620397,0.830101586584933,0.169089631852694,-0.223259839845868,-21625.966875795,-9311.77168877329,-9285.91619194105,NA,NA,NA,NA,2671.59196693264,0.983151812616342,NA,NA,NA,0,"pruned_test1_too_close",4,1,-9285.91618511744,1,"best",4
53,"logit_random",0.0951374080220994,-0.0293956666079211,-0.330446171229379,0.0747406873406,0.0371349317976486,0.101474698683826,-0.273117881112238,0.514313593631528,-0.542646237211453,-0.0331701370047139,-0.803654765429875,-0.0740113613759717,0.142910915579633,0.14734029726591,0.726072094119154,1.11699433733938,-41025.0445508951,-9389.80598448198,-9285.96209173182,NA,NA,NA,NA,2429.15391594545,68.3751366068818,NA,NA,NA,0,"pruned_test1_too_close",33,1,-9285.92957593265,3,"test0_worse_conv",33
54,"logit_random",-0.0297027235710127,-0.124881821740024,-0.0731873732517184,0.109426945424476,0.0268360110549623,0.104818799158506,-0.178030303454656,0.317503370551468,-0.322199111213025,-0.126996311224751,0.493607936233462,-0.127677845630683,-0.671025063151016,0.749287427230738,0.614430673317984,0.578514514030863,-11693.5123479906,-9286.09245077361,NA,NA,NA,NA,NA,39.313345054234,NA,NA,NA,NA,0,"pruned_test1_too_close",19,1,-9285.91618511744,1,"best",4
55,"logit_random",-0.0678899546876512,-0.111714766497084,-0.314689682665814,-0.0755955293712053,0.0750723657946094,0.350821387977819,-0.575511361133321,0.714207899854148,-0.0587265340956823,-0.273379909189963,-0.279766847273666,-0.0150118166329152,-0.360646804795141,0.848842931217514,0.542710392242298,0.539783182060142,-12303.2685764099,-9288.47938875654,NA,NA,NA,NA,NA,120.995671902178,NA,NA,NA,NA,0,"pruned_test1_too_close",89,1,-9285.91618511744,1,"best",4
56,"logit_random",-0.120760360960266,-0.20084905413903,0.0722181313806786,0.0563786169683876,0.0301144677542293,0.21634930915753,-0.730623297127724,-0.183517197344378,-0.721946929438873,-0.143978260317244,-0.145852417852258,-0.00335746295669966,-0.479361020887593,0.504962993036024,0.657066043079831,0.445672243953871,-14252.4484448835,-9325.63916286319,-9325.40490128869,-9324.25413960257,-9285.97941988759,-9285.97326757034,NA,324.964643793206,90.3745463147072,302.160848384844,42.3183371449765,7.02820068487787,3,"test0_worse_conv",0,1,-9285.97326757034,3,"test0_worse_conv",56
57,"logit_random",0.0162550664315046,0.0615939794048152,-0.323250344738509,0.063824472517738,0.0306816547511122,0.232667409242723,-0.44945353253492,0.337163975923205,-0.584877720406664,0.195753102333569,-0.957851330789936,-0.0714001568639489,-0.740937833689112,0.120794846317731,0.236383570837788,-0.583096626956707,-30618.5012651863,-9288.56015519756,-9285.91618568598,NA,NA,NA,NA,332.197174744457,0.0259019539470315,NA,NA,NA,4,"dup_best_test0_conv",4,1,-9285.91618511744,1,"best",4
58,"logit_random",-0.156707270786331,-0.11513001406,-0.263161796987705,-0.0101165731359425,0.00916336851146898,0.658572037537044,-0.118822497652342,-0.128777593951625,-0.138891127509888,-0.219127718418443,-2.16986547112048,-0.0147053980449839,-0.505748383724209,0.448479103371501,0.0252769644046202,0.714908957196771,-111928.939327303,-9548.43735664426,-9285.97513247959,-9285.92992583825,NA,NA,NA,339.709963017474,37.5824798784291,8.28897071007943,NA,NA,4,"dup_best_test0_conv",94,1,-9285.92252182874,3,"test0_worse_conv",94
59,"logit_random",-0.0878012869023903,-0.246163326618447,-0.223420171434419,0.124370131373125,0.018394993962234,0.111007089297726,-0.29197567681348,-0.373863544981043,-0.450518501531415,-0.0252556820715402,-1.75630896267773,-0.136128827166703,-0.403154403102016,0.370508660306223,0.530894531486556,0.337258559924255,-13233.8754390585,-9287.19157433035,NA,NA,NA,NA,NA,72.1988484455844,NA,NA,NA,NA,0,"pruned_test1_too_close",4,1,-9285.91618511744,1,"best",4
60,"logit_random",-0.00125909807568382,0.0277007920658722,0.118343928061879,0.065930180497427,0.00283326828115263,0.282455065512142,-0.531587581561816,0.452490395343424,-0.554002076463463,-0.0684575570575341,-0.667335166606354,-0.106224096359406,-0.566657400143094,0.0357001658761874,0.211378705082461,-0.365696101014634,-29977.0204970074,-9728.9230417352,-9286.07899304167,NA,NA,NA,NA,2394.86119263086,130.751968739224,NA,NA,NA,0,"pruned_test1_too_close",64,1,-9285.95032250244,3,"test0_worse_conv",64
61,"logit_random",0.078544455285972,-0.0564677616932057,-0.243196896581897,0.074898559298726,0.00947272328399944,0.200492275117437,-0.0242733691604433,0.280852048600653,-0.0603826941433176,-0.086492011967621,-1.36065241514115,-0.0671459648955478,-0.65889941894555,0.76515523779206,0.538771328115836,0.165794109815343,-24914.8544094664,-9286.71581308153,NA,NA,NA,NA,NA,486.032462819421,NA,NA,NA,NA,0,"pruned_test1_too_close",18,1,-9285.92252182874,3,"test0_worse_conv",94
62,"logit_random",-0.0639462030211476,0.166170072122728,-0.143458079190267,-0.0418385669127637,0.00832198458807411,0.271267948426782,-0.572160398733191,0.452396691751117,-0.098612100611301,-0.185408937948587,-0.565422744397349,-0.0162346166975556,-0.487009175407378,0.365277433181182,0.105805071787909,0.675856646850555,-21705.3882784495,-9382.57180403527,-9285.92402034334,NA,NA,NA,NA,1020.5565596317,19.7057395675296,NA,NA,NA,0,"pruned_test1_too_close",94,1,-9285.92252182874,3,"test0_worse_conv",94
63,"logit_random",-0.117774570737232,-0.0780591377970062,-0.217914103130256,-0.0174598476010711,0.00825791537518148,0.124563483168304,-0.249429031299325,0.528891915717272,-0.327531693544727,0.0643643531508935,-1.03681143409042,-0.00887398194954971,-0.617118252568002,0.780170053965412,0.339034503577277,-0.134115150885694,-13733.3927640549,-9301.34745810506,-9285.91619063791,NA,NA,NA,NA,689.890770675408,0.690247851465344,NA,NA,NA,4,"dup_best_test0_conv",4,1,-9285.91618511744,1,"best",4
64,"logit_random",-0.0444946370639717,0.0271586581358338,-0.135771065076587,0.05877931136082,0.00225509896448409,0.0377362087839957,-0.227478304476201,0.484372628499476,-0.303155934235978,-0.0360664230065035,-2.52965174147188,-0.123687862722753,-0.210597162706614,0.296289554378018,0.730375539851375,-0.280834548060118,-11522.8629611144,-9286.0231360041,-9285.95037904141,-9285.95032250244,NA,NA,NA,43.2319018840953,11.8304301584145,6.98463279878813,NA,NA,3,"test0_worse_conv",0,1,-9285.95032250244,3,"test0_worse_conv",64
65,"logit_random",-0.124062381584777,-0.0269345130338201,-0.118628121502164,0.0490296149437225,-0.00938216678387242,0.0489367761906991,-0.44612219708686,0.322238302000449,-0.490017888925588,-0.135019125005043,-1.87052486635356,0.0216036571852084,-1.00651641417608,0.799925772720017,0.89497009631712,-0.42490176567189,-10616.4524091214,-9285.9221803044,NA,NA,NA,NA,NA,9.73212442658712,NA,NA,NA,NA,0,"pruned_test1_too_close",1,1,-9285.91618511744,1,"best",4
66,"logit_random",-0.0521536767707935,-0.121563727200309,-0.202443300347214,-0.0379758742640346,0.00746588404247708,0.0948446662976922,-0.443787676035993,0.2036880507638,-0.126001598893884,-0.187104600913722,-2.10252193156034,-0.0339573618474982,-0.30553854867239,0.524303104430437,0.839141205307096,-0.608171009388285,-10156.9876470869,-9285.94611604889,NA,NA,NA,NA,NA,7.70418020780657,NA,NA,NA,NA,0,"pruned_test1_too_close",29,1,-9285.91618511744,1,"best",4
67,"logit_random",-0.0559987425914325,0.00314883215911753,-0.193380448756675,0.0997905632078941,-0.0105765685017193,0.0496796265683119,-0.0375384069902917,-0.178192819083788,-0.416374114435507,-0.280367345946083,-1.70089426323172,-0.060345164757687,0.240683340474347,0.70204521374777,0.7017182488041,0.228571765175301,-10931.6311392177,-9285.97808949051,NA,NA,NA,NA,NA,21.4916402856899,NA,NA,NA,NA,0,"pruned_test1_too_close",66,1,-9285.91618511744,1,"best",4
68,"logit_random",-0.0886172477540002,-0.183010185246378,-0.246960151915796,0.207102789291339,0.0423503164867552,0.188234367169041,0.0510087675721171,0.523773929101774,-0.054549630619267,-0.0833300123391695,-1.6225641531055,-0.0752996831008904,0.158016608129716,0.636571257230826,0.419037404083647,-0.24233572923556,-12274.0614091891,-9289.5259938837,NA,NA,NA,NA,NA,707.626205095275,NA,NA,NA,NA,0,"pruned_test1_too_close",87,1,-9285.91618511744,1,"best",4
69,"logit_random",-0.00620841089150316,-0.100403126469013,0.0435446652967477,0.095957054123266,0.000259765115713337,0.263025883856299,-0.00820661386117122,0.28103013407358,-0.396468202204028,-0.0382923368565582,-0.607143268170814,-0.0114497412824605,0.0284333043981689,0.294801667346619,0.647633420145139,-1.20247035620881,-11597.4094301111,-9286.18086945106,-9285.93400477598,NA,NA,NA,NA,175.425521708617,22.4992071329834,NA,NA,NA,0,"pruned_test1_too_close",62,1,-9285.92252182874,3,"test0_worse_conv",94
70,"logit_random",-0.00534582148097024,0.0500059513011922,-0.107508398646005,0.100862061411833,0.00585081425054866,0.312572660074053,-0.106821884700311,0.394640522550628,-0.462845472829737,-0.108907057329755,-1.50833881244196,-0.180290994797975,-0.400809722476267,0.187082792241126,0.969837488248013,0.342577662178289,-12141.2710785584,-9292.09637421872,NA,NA,NA,NA,NA,1544.36981725229,NA,NA,NA,NA,0,"pruned_test1_too_close",57,1,-9285.91618511744,1,"best",4
71,"logit_random",-0.102634540753975,-0.189131478341488,-0.175539491642145,-0.0400488869661246,0.0105848110012149,-0.0117088382209734,-0.313215053027238,0.889617313462115,-0.181433938836556,-0.0729586730439327,-2.23903433764778,-0.0838631545852227,-0.79723623372589,0.718853290015832,0.988228449067101,0.547548589413344,-10479.5443756905,-9285.95048537158,NA,NA,NA,NA,NA,33.2015041106119,NA,NA,NA,NA,0,"pruned_test1_too_close",29,1,-9285.91618511744,1,"best",4
72,"logit_random",-0.0290073637052329,-0.167376416882207,0.0205042394414848,0.0623135629348982,0.0168285800017615,0.190438201324513,0.0958929315025559,0.343537769664738,-0.381712975154929,-0.0709874172726674,-1.39375683888492,-0.0170393543753658,-0.34145656400678,0.593285651719198,0.175302388360724,0.237103610834922,-13984.6054809269,-9350.68565752757,-9285.91709862958,NA,NA,NA,NA,2003.87189279082,5.53139720591996,NA,NA,NA,0,"pruned_test1_too_close",4,1,-9285.91618511744,1,"best",4
73,"logit_random",-0.184190759586547,-0.146641438278062,-0.103524421732059,0.154346318240237,0.00750379356632755,0.145795492602206,-0.00536653064090326,-0.18953146531679,-0.449107073486052,-0.126569183120829,-1.38072237372161,-0.0564924890360409,0.158356460200735,0.917375736082904,0.311958989524283,-0.0929599290664863,-19306.2866682241,-9382.88648475949,-9285.91623140233,NA,NA,NA,NA,542.14118549896,0.808067911246378,NA,NA,NA,0,"pruned_test1_too_close",4,1,-9285.91618511744,1,"best",4
74,"logit_random",-0.169217543931384,-0.299612819824138,-0.188321530605089,0.0138361695965621,0.0255941953853404,0.447516060109294,-0.250748986362043,0.139629843171981,0.417319565536915,-0.255603423251289,-2.09249113938982,-0.101164370920436,-0.317264569130885,0.043091751569882,0.198671776135452,-0.66264913172107,-44058.047059276,-9449.92170034111,-9286.01387217298,NA,NA,NA,NA,1593.94038432957,137.505043247128,NA,NA,NA,0,"pruned_test1_too_close",58,1,-9285.92252182874,3,"test0_worse_conv",94
75,"logit_random",-0.284972691942718,-0.188178935968807,0.0398966878928673,0.176937119128922,0.00481705978724506,0.185912708137891,-0.190204597122388,0.371070446482642,-0.00175123310310837,-0.186760013301951,-1.59588884652321,-0.0278388932254037,-0.268130158987904,0.582435357519425,0.412068288540468,-0.0245181924673073,-24934.9275041368,-9299.06790562952,-9285.9161852282,NA,NA,NA,NA,1441.99666462063,0.0525226409474409,NA,NA,NA,4,"dup_best_test0_conv",4,1,-9285.91618511744,1,"best",4
76,"logit_random",-0.0557554374843205,-0.17071848976255,0.135104255402684,0.025164178112878,0.00147006245675826,0.00359608227299468,-0.0883273474081963,0.369869375698856,0.0496083166138777,-0.253597626126297,-1.80091544061847,-0.158821895826625,-1.03750754285759,0.152291396958753,0.1372010227805,0.607497490996201,-25009.9364706711,-9406.02287360166,-9285.91664503855,NA,NA,NA,NA,3437.71700664985,0.454091857994496,NA,NA,NA,0,"pruned_test1_too_close",4,1,-9285.91618511744,1,"best",4
77,"logit_random",-0.0900121828158626,-0.0433098886348717,-0.185497565830232,0.0696285856774265,-0.00140454726065826,0.403950017009492,-0.289400079970621,0.467502438637115,0.268952088324137,-0.0658002383217998,-0.638480577246981,-0.0449536360811015,-0.552051243218735,0.400367721612565,0.731079924949445,0.0965485668870994,-10821.4333843446,-9286.48190039334,NA,NA,NA,NA,NA,21.0877503056346,NA,NA,NA,NA,0,"pruned_test1_too_close",83,1,-9285.92252182874,3,"test0_worse_conv",94
78,"logit_random",-0.22648933055259,0.0727057885583466,-0.0937868669460457,0.0211895764938917,0.0350078028323066,0.00278547850465996,-0.195912549810768,-0.188250984442061,-0.0904713213155671,-0.232558409710733,0.762007561697951,-0.00783482982150008,0.16502816023738,0.24486907850951,0.875317984316498,0.477270501612437,-21961.6418006602,-9331.00119692548,-9286.05779911751,NA,NA,NA,NA,2297.44280030985,0.140701699811933,NA,NA,NA,3,"test0_worse_conv",0,1,-9286.05779911751,3,"test0_worse_conv",78
79,"logit_random",-0.043767499183986,-0.0855592460446938,-0.139419326005228,0.00638592616271463,0.0113182335538811,0.0308168646283776,-0.346616093346555,0.253985781413938,-0.49610016028991,-0.311760992042017,-0.607613400121167,-0.00866156478453969,-0.701285348454569,0.751773602343164,0.0755857316730544,-0.669699905986447,-22952.7146990742,-9602.64811021633,-9286.47157546516,-9285.93845454701,NA,NA,NA,8517.65203057803,112.427569813432,45.9429916277656,NA,NA,0,"pruned_test1_too_close",58,1,-9285.92252182874,3,"test0_worse_conv",94
80,"logit_random",-0.108205960949523,-0.0923506657304856,-0.216765907813351,0.128872790212246,0.018144570248146,-0.0811731960459116,-0.273663928696403,0.338736830377018,-0.166085074617205,-0.0841509276491157,-3.02282736366631,-0.115926770238486,-0.395533662757087,0.967210436207242,0.707670040163212,0.0807681745864284,-11229.1059404013,-9286.08648733473,NA,NA,NA,NA,NA,44.8143015395089,NA,NA,NA,NA,0,"pruned_test1_too_close",40,1,-9285.91618511744,1,"best",4
81,"logit_random",0.054161950114633,-0.102247859626011,-0.209313635280715,0.101310480674339,0.020876537431929,0.100711932783642,0.133376752319001,0.1668805365376,-0.206506311304512,-0.240520672681898,-0.687499219388324,-0.155006031537523,0.00467949433367026,0.76331284772139,0.0910178836248815,-0.354629277108745,-52333.509217533,-9296.76444839058,-9285.91618645464,NA,NA,NA,NA,349.90987028552,0.297881687009737,NA,NA,NA,4,"dup_best_test0_conv",4,1,-9285.91618511744,1,"best",4
82,"logit_random",-0.18777281686449,-0.129260156950292,-0.121783581295018,0.107558279135106,0.0188882343855207,-0.0894225804815157,-0.156624776427013,0.220761272259702,-0.0684387610734327,-0.0618684018946263,1.36043586629452,0.0227534662979403,-0.364137319629135,0.367565063801594,0.732271740660071,0.437307308876908,-19241.823650868,-9286.05889673151,-9286.04915535686,NA,NA,NA,NA,50.3242648894003,1.96882330253242,NA,NA,NA,3,"test0_worse_conv",0,1,-9286.04915535686,3,"test0_worse_conv",82
83,"logit_random",-0.0236327272098651,-0.130002053430568,0.0207134882954149,0.0844194850884047,0.0213357216413932,0.253111723316135,-0.352368327911278,0.221120301029016,-0.433903108669729,-0.0921376815577314,-0.270941436381372,-0.0722131511086948,-0.0937398812908816,0.761491902130656,0.643830470270477,-1.1295234593134,-10816.8554788688,-9286.47829697421,NA,NA,NA,NA,NA,99.8018260944308,NA,NA,NA,NA,0,"pruned_test1_too_close",12,1,-9285.92252182874,3,"test0_worse_conv",94
84,"logit_random",0.0122374118387791,0.0080621982261929,-0.213832398431333,0.0559460252074287,0.0171328887419769,0.256502606779091,-0.219963804983607,-0.0923467691163684,-0.0418018520635701,-0.222590400752561,1.28557303054815,-0.117514497271828,-0.196528186798871,0.975255343704484,0.0368823206983507,0.476384269057688,-91662.0388026114,-10630.4501751585,-9287.08756502145,NA,NA,NA,NA,976.192178670471,294.886995516922,NA,NA,NA,0,"pruned_test1_too_close",79,1,-9285.92252182874,3,"test0_worse_conv",94
85,"logit_random",-0.0776815178224438,-0.0869556180247421,0.0126363110035788,0.076679583590509,0.0326831582761585,-0.00250497259602886,-0.296186092347231,0.0364150869090981,-0.219623896007706,-0.104951238313383,0.641340014750398,-0.0708326070521913,0.123761895805197,0.36372991012875,0.760814363076352,-0.739363669490954,-12378.3247787948,-9285.93361698479,NA,NA,NA,NA,NA,59.6339000803723,NA,NA,NA,NA,0,"pruned_test1_too_close",7,1,-9285.91618511744,1,"best",4
86,"logit_random",-0.150795225237859,-0.150745206067856,-0.123275640669558,0.0583808816483154,0.0254642268421374,0.0791934963496351,-0.35927636571558,-0.396600119623413,0.101071364793192,-0.000708527162121192,-0.0800814241191019,-0.00141104610160447,-0.997042061673041,0.775660531716421,0.600298174405471,-0.562382294772046,-15412.1254990944,-9285.91657303513,-9285.91656640611,NA,NA,NA,NA,3.56311555992559,4.26086092926207,NA,NA,NA,4,"dup_best_test0_conv",4,1,-9285.91618511744,1,"best",4
87,"logit_random",-0.0353913492345429,-0.0557451747065594,-0.129797784276442,0.0579440585794942,0.00037981077749848,0.200743927998698,-0.0891692767493132,-0.174749003209725,-0.285504077645469,-0.113165614406108,-0.289500661127557,0.025974401769756,-0.855461065607934,0.327944090664387,0.440440599806607,-0.565596561356043,-11599.6699255001,-9288.10366893762,NA,NA,NA,NA,NA,76.773623757986,NA,NA,NA,NA,0,"pruned_test1_too_close",50,1,-9285.91618511744,1,"best",4
88,"logit_random",-0.00787137574504203,-0.000217112679011311,-0.0747266232296767,0.0906920768658288,0.0282800742798413,0.0859066640455353,-0.079409412168289,0.374583346809697,0.514518487636863,-0.160214766330145,-2.31553108828294,-0.0809521295535914,-0.98225036151578,0.599535165238194,0.448772546127439,0.566020878108797,-13536.1981433638,-9287.16095734954,NA,NA,NA,NA,NA,258.576712184466,NA,NA,NA,NA,0,"pruned_test1_too_close",18,1,-9285.92252182874,3,"test0_worse_conv",94
89,"logit_random",-0.0567646159841047,-0.0514069951820892,0.00614440218528227,0.0897173650112506,0.00851243681853034,0.486707553282136,-0.0833978297979088,0.230520430112619,-0.00268690679963879,-0.215677532322124,0.0755285862039259,0.0285765823292538,-0.791899630746625,0.75028199698776,0.39730184938293,-0.12593269015956,-11862.2357331196,-9288.05407097911,-9285.91618644392,NA,NA,NA,NA,53.6512615613341,0.0664394862420785,NA,NA,NA,4,"dup_best_test0_conv",4,1,-9285.91618511744,1,"best",4
90,"logit_random",-0.0907000355013562,-0.178130017688537,0.0380458659737128,0.0812114599428383,0.0213533811708592,0.232397236269588,-0.141254606926878,0.326906646501605,-0.168625374591181,-0.0371698668871232,-1.92454939696341,0.0203890284030319,-0.807718778884641,0.919090459132567,0.427491859551519,-0.0711265318324679,-12090.0608764327,-9289.09411743997,-9285.91618521321,NA,NA,NA,NA,71.0966779566458,0.0170307920737798,NA,NA,NA,4,"dup_best_test0_conv",4,1,-9285.91618511744,1,"best",4
91,"logit_random",-0.0631551134426816,-0.192743761321256,-0.13012072551597,0.0500266253864273,-0.0110710202388598,-0.0360410369265372,-0.195574520144366,0.441597406554897,-0.504117283295705,-0.268810365401754,-2.18687905255871,0.0337487876447716,-0.396624234978695,0.330831252657808,0.112651976179332,0.236875661915823,-21780.5236415264,-9327.79711222565,-9325.51895447251,NA,NA,NA,NA,119.636185900519,0.242624683064325,NA,NA,NA,3,"test0_worse_conv",0,1,-9325.51895447251,3,"test0_worse_conv",91
92,"random",-0.387281206407316,-0.450558258097989,-0.778359299623975,-0.0700204609662221,-0.377672547549328,-0.132561521397374,0.780444587881648,-0.0557594087779192,0.17891885941811,-0.215369950368392,0.0650327440154632,-0.343091206838141,-0.129188719337469,0.618950493060984,0.925227178698406,-0.110452579707883,-27831.5571959727,-9286.97618302213,NA,NA,NA,NA,NA,61.0058658593692,NA,NA,NA,NA,0,"pruned_test1_too_close",29,1,-9285.91618511744,1,"best",4
93,"random",0.523753901149627,0.279414320804663,-0.23574941114073,0.210144369728398,-1.07367957467277,-0.705078713697476,-0.959493437085515,0.0517879603167841,-1.10284263461785,0.712946392370765,-0.346481707691315,0.294602395892588,-0.504239666038881,0.0639192377449945,0.334910197504796,-0.11988746758341,-380848.438910007,-26265.2755725331,-9426.03091594527,-9285.94478065586,-9285.94470711663,NA,NA,1401.32372588498,2061.05627265472,13.6029919566124,7.61917228763126,NA,3,"test0_worse_conv",0,1,-9285.94470711663,3,"test0_worse_conv",93
94,"random",-0.316981423750014,0.0289329228690273,-0.190575840922486,0.13244823030149,0.141969019289889,0.556223757130225,-0.213312239613524,-0.659293912709326,-0.396810249086982,0.109080061948971,-0.282324668201232,-0.473224940994647,0.574059042840286,0.533329374515451,0.613479901337996,-0.0719695137997693,-26749.8992495512,-9335.51341452177,-9285.92263897738,-9285.92252182874,NA,NA,NA,2715.18509444976,17.2141379824912,9.42287107848985,NA,NA,3,"test0_worse_conv",0,1,-9285.92252182874,3,"test0_worse_conv",94
95,"random",-0.412851469542816,-0.511550699796614,-0.00418133332890239,-0.291303510085898,-0.0671367692549831,-0.818452702157379,0.311123293488425,-0.248213463275991,-0.014588500186071,0.414391623456907,-0.219304584339147,0.298655433406676,1.0702065517598,0.858630328490399,0.568439616765827,-0.553638223777361,-32067.5599734253,-9337.01105747766,-9325.2072157916,NA,NA,NA,NA,273.02889899651,15.6129309473279,NA,NA,NA,3,"test0_worse_conv",0,1,-9325.2072157916,3,"test0_worse_conv",95
96,"random",-0.929473042902375,-0.168486792839331,-0.153565409030884,0.265066512395991,-0.678085154109433,-0.341942090953942,0.119604608368398,-0.814666111579477,0.132783698463671,-0.109006422677841,0.314731407489903,0.667194130776681,0.333727066790632,0.397661017440259,0.869575434932485,-0.346842573890379,-62960.5765348659,-9302.25099143576,-9285.91618868426,NA,NA,NA,NA,1542.21105987486,0.160221087646169,NA,NA,NA,4,"dup_best_test0_conv",4,1,-9285.91618511744,1,"best",4
97,"random",-0.417329023663998,0.913009644396153,0.0413107002694156,-0.50199395393433,-1.01475811259939,-0.134710692340924,0.348287320217775,0.788071579154385,-0.279282960788394,-0.707617914447675,0.77280166522156,-0.320272886047227,0.0499871654798328,0.567744155325927,0.967405256899074,-0.672600827782479,-32335.4031638731,-9560.00559810572,-9285.94602592776,NA,NA,NA,NA,7014.8964914846,39.6850658759493,NA,NA,NA,0,"pruned_test1_too_close",3,1,-9285.92252182874,3,"test0_worse_conv",94
98,"random",0.152540504269703,0.426036430212603,-0.0755085186285929,-0.487020756058608,-1.36799636535486,0.663243947810204,0.35320176909363,0.493580883791763,-0.0690048840806407,1.2452213821113,0.768199493017114,-0.139503637036549,-0.349549726526008,0.271330933794379,0.0225866116397083,-0.83721887790011,-525078.114506245,-28173.3051781904,-9974.78468859499,-9286.16665704228,-9286.05806040567,NA,NA,349.297865921439,3190.4961945378,168.93539843868,7.09076344392722,NA,3,"test0_worse_conv",0,1,-9286.05806040567,3,"test0_worse_conv",98
99,"random",0.0336679555845714,0.876410924162764,0.385341373310939,0.50910896777273,-0.26126174508954,-0.303772039792826,0.564367430956013,0.575578182421938,-0.200691009231142,0.0644320282386951,-0.617708048272768,-0.192192589746891,0.175670330064268,0.0580138562992215,0.365337664508261,0.528150309714251,-88703.8570269335,-9503.45821537666,-9313.41517549384,-9285.91742847862,NA,NA,NA,335.478069856045,747.357747906515,10.5758120909526,NA,NA,0,"pruned_test1_too_close",4,1,-9285.91618511744,1,"best",4
100,"random",-0.666360518945458,0.52529113263313,0.426093024839221,-0.303336795493365,-1.1031450268542,-1.20278203721599,0.36003590426818,-0.684063170044712,0.403848980651868,0.38203177099965,-0.0651437111498885,-0.355218102233985,-0.550480894485971,0.940821952335536,0.274341717283241,0.478926627951314,-80276.7375110143,-24097.3359161641,-9938.72016766066,-9285.97873738738,NA,NA,NA,10385.6787128378,6075.33378317801,117.167788430227,NA,NA,0,"pruned_test1_too_close",93,1,-9285.94470711663,3,"test0_worse_conv",93
101,"random",-0.307439897411169,0.174270547320551,-0.361079379899119,0.540511403610055,0.259428478571236,0.344362547316515,-0.228480861394407,0.769798841102605,0.112112118799745,-0.463019102376877,-0.250683498890104,0.588927315538205,-0.348271592129691,0.10045152421575,0.577621362581849,-0.0824460828367507,-39752.2804433789,-9314.6542071851,-9285.91625104166,NA,NA,NA,NA,672.933986774499,3.40390521037047,NA,NA,NA,0,"pruned_test1_too_close",4,1,-9285.91618511744,1,"best",4
