"Class_1","Class_2","Class_3","Class_4","model"
-3.69087356861728,-2.46165814541166,-5.63878345672403,-6.35537782112035,-3.06353983973535
-41.8663973595613,-42.0315486708564,-15.7886485129519,-39.43928649597,-18.8327903577009
-52.3657568270985,-52.3064653597554,-35.6672010211572,-23.6832271618825,-25.7139376258368
-8.86155152203091,-6.47814279103414,-8.2043456072661,-4.69765311393604,-5.15455434338812
-15.7673112824136,-26.5100255150916,-10.2407546439032,-14.8253878076143,-11.6433873965771
-87.9977199111134,-34.5062419696587,-85.8087702927809,-49.3026596787948,-40.4066339641473
-9.16539582474972,-5.91193934260644,-6.72868172714801,-4.08973975165027,-4.3689149876785
-3.64522762063405,-6.38801652926481,-4.42611756033369,-4.00542979338651,-3.92852430640318
-0.871946353861433,-4.92361925556124,-2.46231172604083,-2.5733785198412,-1.13166056843728
-47.4767171243192,-27.5273362834922,-38.2423088064785,-43.7804514630878,-32.2076776112627
-6.62482604917277,-15.4725807304691,-5.1638784298375,-6.82802382945328,-5.76959102056271
-8.16644895721984,-3.35962100378856,-4.51420962280186,-5.2126054471465,-3.95372154804379
-12.4597970504581,-9.58036164601586,-12.6223298190955,-16.3034848058721,-11.0485313211489
-9.85208031677959,-10.8823808333592,-15.0728900317973,-9.38260222766993,-9.95134071160051
-3.10542512363057,-12.1913275504157,-3.23395455483005,-4.87151008767493,-3.47584630197861
-3.05773325065654,-17.1129125504897,-2.58170396503657,-4.46416957912962,-2.91348322900367
-1.11887236946151,-4.972756267213,-3.35568436865004,-3.02109183504579,-1.45540938654796
-24.0506627989269,-34.2573661083024,-17.3576235693602,-13.218735788515,-14.728771780243
-2.74811812699009,-9.34760021316222,-8.3324554416533,-5.57392222146527,-3.31318328694614
-10.2701402879754,-6.86752163336658,-6.55449132980664,-3.32186058637842,-3.78032909924254
-2.00118919944333,-1.41970684450405,-2.92492189193381,-2.14872071819169,-1.72730474773966
-24.4234907123812,-26.8842366411019,-13.0125852822189,-10.3313596586569,-11.0151158215308
-13.2832263904676,-16.2721066478239,-13.161708519509,-8.19465906110425,-8.99716702589942
-82.0466997306576,-65.7197473636042,-51.9624370539566,-27.6423421841562,-30.4896068505898
-6.1812881919947,-6.98748041072642,-6.56025027523936,-3.8986234930269,-4.25071352406766
-94.9404384801662,-96.8499490361703,-40.4887910291549,-29.132102254553,-31.9708778928117
-44.9551703139858,-12.4115856166129,-24.070566551185,-24.0461216207814,-15.0460357971602
-8.43840375173393,-46.2624750838672,-25.4824904981316,-14.4120018837278,-9.90391255466513
-10.328181608382,-12.0147353558029,-8.28485032504212,-5.83972370980199,-6.1914354788577
-72.1084435663298,-148.400297352102,-80.7232540577508,-59.1911193228035,-65.5343252629485
-1.90773933347763,-3.85888586774396,-4.83617233417013,-4.02784713212822,-2.26758082157732
-1.21498317967099,-5.45804590743837,-3.560423849926,-2.08960328937386,-1.47242804302776
-1.29572817428887,-4.5917839698227,-5.30126955287609,-2.77506941073195,-1.65465127655633
-3.48886166964427,-4.0865062382028,-2.63052763776906,-3.81112479843829,-3.01311354421856
-2.13410455620111,-3.59712590152343,-3.48043464690587,-3.0515276923118,-2.39877313956418
-9.4708652142798,-9.53710724316975,-3.16998749237728,-4.27181575453685,-3.64624988599097
-27.8364822328054,-12.2729076168856,-12.525620506735,-6.76950416949979,-7.41174582453962
-4.43754701652042,-17.0216263307985,-9.91156646417118,-5.14655440165267,-4.96178936464186
-11.2300937000692,-14.3612630226375,-14.2685625072166,-9.75276445125835,-10.575931811275
-1.50037320336612,-3.04347530512582,-2.13647436477686,-2.03313991604924,-1.79073464164106
-4.45600929576334,-2.31962497440263,-3.33813399263636,-2.30662335482762,-2.45368417388743
-3.22043150410534,-4.02660876351558,-5.67560992566566,-2.87983126213323,-3.16440594464154
-15.281827738474,-9.67274109203357,-9.70346639377598,-10.7035883392596,-10.2511900101714
-3.449111854246,-4.77484600912162,-4.9992825752912,-3.17491394400117,-3.45819377672605
-2.91104931328162,-3.59513181242672,-2.95037209891118,-2.08455288088612,-2.35703051908703
-4.37662025957002,-9.04359212351067,-9.95442280878551,-5.52788507307161,-4.95377177349102
-6.63257314504057,-3.1083180598962,-2.48456540477857,-2.99408591696356,-2.75597578076822
-104.055081244986,-26.38936125543,-73.1958461378627,-62.0727430096775,-33.6177003344225
-20.1878539312851,-49.6427397697052,-28.039793094285,-30.0205893232668,-22.8536076188346
-12.2841787904098,-13.1944508833016,-12.2424349055946,-9.12734249881346,-10.3730656555217
-119.938425854925,-72.0252925416303,-75.5047025720277,-60.3655570694961,-66.526364246074
-7.85642561860333,-4.64847544170455,-4.16986817349612,-3.07159135193943,-3.34980732691115
-20.1272568183942,-46.4029323560854,-76.1278319655145,-51.4518089151495,-25.5328867054352
-1.65382313146023,-8.31959014827696,-8.01691428912355,-6.1314210241924,-2.31054730653418
-2.36711654243177,-2.45639322081799,-4.79371044350664,-3.00848105967755,-2.57712588236884
-6.17415724371929,-18.6229937443151,-18.7550625147007,-14.6123985999054,-7.48533565670245
-11.2687987864463,-16.5727038889898,-6.31617627387823,-12.4786621550186,-7.7415524874847
-19.150831309934,-4.25452246044382,-10.7726072944695,-12.2120207914165,-5.66524131937871
-0.757787766654086,-4.45620028444301,-1.86854087236667,-1.95778993333927,-1.01647034602406
-19.506139910405,-10.9672624680937,-15.7073454973391,-10.8075292366171,-11.5908855339333
-1.19507188591454,-5.69852255385769,-4.69290398442254,-5.39282694185575,-1.76199358931523
-10.9419874882847,-5.23597468467536,-8.47797270859746,-10.0172745564363,-6.52532021903048
-11.8189443727188,-20.4587946715914,-16.9309462786124,-29.0019548944919,-14.1614876370116
-52.0278254262677,-13.8025589440533,-30.470115959433,-25.310651670343,-16.4396221977718
-15.7414430195663,-5.45931575875948,-4.72009734696781,-8.97687282756511,-5.41236949051973
-4.73599906002014,-3.21449762799022,-3.46265132148262,-2.89961057342729,-3.12732817849041
-55.5727769540546,-60.2901672741348,-60.682979884886,-35.5918472306455,-39.4897093731645
-44.3252739633068,-9.03864057454883,-17.6246482479599,-18.9598808955766,-10.8194881760302
-31.1202939941896,-43.2003230507034,-24.9810679284084,-15.5046417251206,-18.0686038552996
-14.9462737143713,-14.9856206106232,-9.46607225708239,-4.79521754066909,-5.14735909468884
-7.36219303142587,-4.25730400539391,-3.51415647394467,-4.06805613417586,-3.78646635519208
-1.21641955888718,-4.56645259621955,-3.47148840233255,-2.99537703994568,-1.7579957122768
-3.63820797146628,-1.94960873396608,-5.38234169555174,-5.51553097808609,-2.55217881910058
-55.7682418914117,-33.5755678398042,-36.4118418483758,-33.3526231083743,-34.8893088507026
-6.24437542295688,-6.09844602155091,-6.39409982747821,-4.89660953718993,-5.33652463430524
-31.3035152659416,-37.1921189179056,-19.8821831749915,-12.2746830503595,-13.590955895364
-13.130572789635,-4.57857455356051,-10.5798730530315,-9.26335319629266,-5.5033174884004
-1.52437300522772,-6.53103857686504,-3.49443088861131,-2.54958664407839,-1.78305873998024
-17.1712494395707,-21.660257997781,-11.0339257199131,-6.15883912859321,-6.80107240108493
-10.0480304636752,-25.4099870561315,-13.1424880927203,-11.9663286576951,-10.9244738543833
-6.34779947784596,-14.9988523487019,-14.2233271042122,-10.3198434350306,-7.27387730737593
-10.7520525469082,-7.58598739190295,-8.44900236362928,-5.35876052304902,-5.99648131964609
-49.2520691906687,-41.9662055177104,-11.6420607729487,-29.1111325737529,-13.9348305747135
-10.7716000046277,-6.51169463015453,-6.34314398845349,-5.49322203127236,-6.10541688804271
-1.7997708331636,-3.6649871506192,-6.28991801790669,-3.95477615616429,-2.35871114335714
-3.99919067652695,-20.4565917303853,-10.0203686291955,-9.56574362202564,-4.92746898709535
-11.9724582028295,-33.6177895381676,-24.633780763215,-28.4597810409455,-15.2154171469845
-2.8308059300793,-3.18128032193361,-3.89741878606255,-2.45108907701835,-2.6937271568928
-5.22611523497516,-1.86447164899816,-4.89812786337514,-3.93392797620282,-2.23935745698974
-10.4939004411225,-27.115831081424,-28.2013993581708,-16.530132980647,-11.9597017587953
-4.83004413881876,-3.74364090204252,-2.63195555470284,-3.93547189139072,-3.00256933529095
-3.21217088908277,-6.1621858198681,-0.897657813251122,-3.30648017641516,-1.19616389239826
-0.979971276185848,-5.45628169674154,-2.86433009662321,-2.60298056424645,-1.23971375660442
-15.405541855386,-31.348689178503,-18.8835004537691,-14.9081444908412,-15.8949115601048
-0.986471365999792,-1.87881053798908,-2.72206538400666,-2.10117745750307,-1.24356491427004
-0.727904026663506,-4.16766595577925,-2.58944445268076,-2.44500416569399,-0.987665995202644
-17.196070411397,-26.1955383710539,-10.5419916405208,-9.36623017134499,-10.2205007899055
-4.9175103771023,-4.6106013918726,-2.95224051420517,-3.02662502949709,-3.1721236603715
-54.3683537659342,-100.684232007757,-30.6692098435043,-55.6877966521744,-37.8359888447379
-19.9772671868141,-9.0972372690704,-4.70040844885475,-10.3772719967219,-5.55827274142228
-6.20352401305558,-9.53024753480033,-3.63868318626635,-6.04918591899828,-4.26865368852593
-85.1476403138971,-126.434948832123,-51.560204664343,-69.4132573287512,-58.6549332174671
-3.507562860788,-13.3129200916331,-13.7766076622354,-10.1946876393957,-4.937392558979
-6.3057108835284,-7.10812382492227,-3.18301284254703,-3.94852411302312,-3.63670758372139
-36.2447091739462,-81.2612731509864,-16.4666038707549,-36.3124218085362,-19.8810684479733
-9.20483257302354,-11.2261325918097,-9.38582677444383,-5.52583618702969,-6.16774660642346
-1.60391874660809,-4.27667904383612,-2.66920482516276,-2.50782190649417,-1.86086017108379
-84.4370283859399,-69.3618387630086,-48.0563522285384,-25.5503962530882,-27.6948882436722
-11.1329212840542,-19.1889934028659,-10.3841368310803,-7.13755512484642,-7.82265062284688
-3.99732953441458,-2.80693949216519,-2.37141550117928,-2.12225479222876,-2.34681494812756
-1.13835552317951,-5.33067585209348,-3.65746326221916,-3.12535494991189,-1.39815861394183
-8.69179538827969,-3.44791349951111,-4.67616488556936,-4.78389902978084,-3.86599966667681
-6.00595161189966,-11.5480394323687,-3.00637926236418,-4.68591207666292,-3.43245757718329
-8.207702884381,-3.42833258415566,-7.13601148424997,-6.21198887628256,-4.15711619149124
-4.90113126876978,-3.45756631706458,-4.79007017600023,-4.10434998215366,-3.84467763175544
-7.64642184428534,-20.734266843774,-9.83322629539337,-12.5349854164617,-8.69568137214335
-1.45737182162258,-4.93108957161306,-5.08111478652332,-3.73429320050967,-1.81748209038825
-9.43176996809673,-28.5193341646862,-14.6891856507582,-13.6239631454996,-10.7236428391453
-15.0447615324446,-15.4687578692314,-11.5161224887456,-10.2031494358691,-10.9998781948252
-24.1619834976472,-18.9558294596674,-22.5106587365212,-14.2934088879684,-15.774334783641
-51.0619470224132,-18.8673908016073,-26.9051386817468,-20.0081586599185,-20.0220494032978
-6.006217221725,-10.0857412668184,-5.92028868299174,-8.77206520381042,-6.40741723271821
-4.83375555145752,-11.8359980484918,-6.52671610536238,-6.97064789790044,-5.67632602839444
-3.92729558292076,-4.99660967145184,-7.39278042930216,-4.79412497427433,-4.40649427688387
-2.88210457051143,-2.28511585062146,-1.87994525505744,-2.8002430874894,-2.14193275181125
-2.01331866605999,-10.239140421934,-4.67624072349822,-4.11264891379441,-2.57488985486177
-8.62534210581661,-7.02960293419049,-10.8850625640337,-10.5561673567237,-8.29589989079
-4.27799555860863,-4.25702708938203,-5.26057494646668,-6.43532854821454,-4.56017633678591
-19.6577842452904,-7.41417750271063,-21.6827396255929,-21.6289005923238,-9.87669055878797
-3.1195601468508,-10.2652040124577,-9.60727695893633,-6.61550882193946,-3.68511636572492
-3.27267910952256,-1.60371019316112,-2.58245141717683,-3.00939776927752,-1.89130085218438
-1.30722874975772,-1.7724305240905,-1.42343255419784,-2.8576807182352,-1.48054346116461
-5.704143378296,-4.53165303580217,-2.13689982615772,-2.83571403336674,-2.4204843220202
-65.1405418921859,-21.5631385982318,-47.353455432705,-37.229462718207,-26.379162434791
-4.78104435986489,-20.7055156016294,-15.2162896095332,-15.3883150277115,-6.38122576329305
-3.29228971679549,-5.46280115988617,-3.57643298956922,-3.40319711297158,-3.48839912531032
-8.2095882285597,-12.0315785121815,-10.4861265423051,-5.54344093251962,-6.11641742384899
-20.9918688367426,-29.5065724133117,-36.8937098462152,-21.32538412423,-22.2959609571872
-10.4438021868955,-7.01758811996135,-5.4710585251331,-3.48274333892263,-3.85419992051002
-8.45889082703447,-7.0164021224182,-5.87507300993714,-2.89899183301054,-3.17037400208708
-88.2025150791283,-113.027869399513,-42.6947940609791,-54.3722795416601,-49.4429275152551
-6.40613269485573,-11.8175506894725,-6.02286465258142,-5.9506886445562,-6.17318914315252
-12.7310946637885,-25.1467999867302,-17.8239340615102,-10.8782958375646,-12.0896101005414
-3.93802889816909,-7.24291748595169,-4.5641969428871,-2.86109709817483,-3.13147347726297
-185.160872998998,-95.3450685414779,-58.285383651133,-96.3742408639363,-65.5334023649848
-32.4998297213899,-27.2568591992957,-19.1046323310406,-13.5961545053716,-15.1246884338429
-14.2482466366535,-6.84660506880565,-12.6363561863268,-8.52181468241205,-7.7227396883998
-1.7616911409304,-4.03833871408454,-4.6657872276151,-3.10383864299309,-2.11974260902023
-18.6430498867125,-17.3283957430086,-5.66103624907357,-9.00954086184741,-6.39378369975954
-0.946514029703786,-2.44608412412305,-2.97532737061097,-2.18769083361596,-1.20584420273211
-1.6098232699536,-5.22977941391849,-2.37857693505481,-2.08524948044658,-1.84948632970658
-25.6679960364037,-9.49076272930627,-14.4744604382206,-10.8642069820861,-10.4181557438657
-7.42504021056899,-9.28739696984721,-9.70487620238156,-5.97518501292524,-6.7719296909151
-52.2673849996449,-19.9169557430627,-16.5412158109022,-15.336339900491,-16.452393617792
-2.99598261162161,-5.76302286823126,-6.96128775127089,-3.82204024342599,-3.49172114402208
-14.7951840401078,-15.7310319209492,-15.0395853188651,-7.97966570050828,-8.57054605902945
-20.8336093231248,-22.6582724955285,-30.3023126375296,-13.6927550700198,-15.0279971690381
-11.2534430523095,-5.48632311804306,-4.27957941544504,-7.30104841836983,-4.92968612180264
-18.0072552767271,-10.5985742964728,-13.1556077638865,-7.03817924081754,-7.81737728351206
-14.6124842178306,-9.74925809930352,-11.2878921852615,-7.87099448999443,-8.70591693603519
-79.4701029444766,-68.5811686336434,-80.2997303720753,-38.9106249910847,-42.3163062379202
-47.423256765234,-41.3727716432009,-27.8820751989532,-32.4528929067855,-30.9459028495663
-6.99751876059756,-4.64551191607657,-4.81118970494699,-3.2966921416617,-3.57550829958846
-6.89756704161797,-6.4728212403381,-2.60320712241803,-3.82463859893452,-3.02530973559771
-2.58493650581387,-4.23198518055512,-4.98197696249959,-6.0223924001027,-3.12556729213309
-20.4982791608741,-23.0314453259175,-8.03959374360644,-13.4734467673464,-9.81070533849188
-26.2583289073221,-12.5378344455184,-18.4766469437634,-11.0654553012363,-12.2401511579583
-7.44397097876563,-4.39855382404728,-4.27554927044151,-3.97409496816862,-4.24586095087283
-3.15896816231281,-3.68463280002035,-1.89601141918556,-2.64516513940394,-2.18060369470471
-12.6728254934525,-15.9417652199631,-8.73394734614732,-5.57898377676304,-6.15256013722531
-10.9900847683911,-24.4891619855255,-15.3269255411662,-10.96736121904,-11.5897247490206
-3.11302281822508,-8.72734845759529,-3.34493359290444,-2.01224318914801,-2.29012628068849
-1.251979130286,-4.67869699806944,-2.59683132212708,-2.34618408250379,-1.51079387926041
-6.96764908416491,-9.18560470591228,-5.14727288196271,-5.02374636333862,-5.37551814607152
-36.5877988458251,-18.1519860708847,-19.8079971707481,-16.8130390554649,-17.8965356530243
-4.25412619291066,-3.45227287733188,-3.15032518199261,-4.13702996118178,-3.47299972847262
-1.25752353940951,-2.42796187104068,-2.16189251898513,-2.49915325247268,-1.51461132033017
-10.8678665424158,-23.6157148859384,-26.4415076436993,-15.944000093726,-12.1730513541675
-2.76308020930716,-5.27087928701999,-2.73187111117722,-2.94839189835557,-2.86965356587196
-3.3398740780647,-4.33989687280746,-3.41826185289191,-3.22279994814392,-3.36204608210409
-23.4177821095053,-13.234286907845,-14.6435631032697,-10.0461562790073,-11.0076473746696
-2.05965159992326,-3.44703870521119,-3.88979267888255,-3.128935646788,-2.31838204151106
-3.6499292865748,-7.92536906550432,-5.34774281807681,-4.4694043917165,-4.15053654784049
-6.54133176583888,-3.47207783857446,-3.59594526678436,-5.32594465625777,-3.90346268622286
-6.72356137911821,-5.41993530136353,-10.3502830010376,-6.44844727128199,-6.00771254573898
-8.41817403261332,-6.18879660257311,-7.66180458281661,-5.79627719911979,-6.23555237092765
-4.47550548794921,-5.92856788563499,-1.7703310809051,-2.59015053749622,-2.05686957589496
-6.06376722397013,-2.53649247258597,-5.51063515852455,-3.25480201610149,-2.82740769877155
-19.827776604767,-12.8533165959301,-11.9651846001683,-6.24910625649776,-6.70760485485825
-8.25316315404081,-6.75820372082793,-10.0607857468388,-7.22923132190611,-7.23968751552812
-7.73654582539941,-21.5916620614794,-12.1775030922326,-6.70986148924391,-7.5189890688044
-18.206118170701,-10.1595188972874,-9.26698127887087,-6.3031395726899,-7.07976989733082
-21.8025912808172,-33.4366152826075,-9.94944806471699,-15.3117662416544,-11.2738717563913
-2.50825686671703,-2.55783983821688,-0.790529234795088,-4.912918113795,-1.27650728553905
-2.04255097579435,-1.50468070953557,-2.12726527159905,-2.42006692738799,-1.77430217611953
-11.0804333386727,-8.79401946385508,-4.73407322010288,-13.5254030242276,-6.0494700769733
-2.41464090554493,-9.92270544725504,-6.61800650793406,-4.38073315118367,-2.77460571174427
-133.91995909168,-19.683916000049,-64.6466096258588,-68.7023195560217,-26.9161110462234
-3.32504736434181,-5.48294888400632,-2.38473912480867,-2.94525003020062,-2.72321592110623
-4.96071915362762,-12.8653409434182,-10.3054296773605,-5.90245877269882,-5.46906337271698
-11.5180605213907,-15.9035099154439,-10.2752296050901,-7.17600041079993,-7.95358243093788
-51.5219396787345,-28.0028612969719,-31.7336740709348,-17.2143398194434,-18.550404837291
-16.4491124161672,-24.6837456804235,-8.57847077259469,-10.1029974332133,-9.54924157116708
-8.47184393695855,-12.3283585283179,-10.2669832980481,-5.9649692669323,-6.60553539781788
-4.73457073339332,-2.5865139035412,-4.0875380556892,-2.9460654242187,-2.89847154408833
-16.6894297777326,-6.74173658153095,-13.0180744431854,-9.67216366650764,-7.76295585219989
-16.7948438487372,-8.46655822002123,-6.55381332306868,-13.9962437805015,-7.84037279853928
-5.31343603741488,-6.41573587364549,-5.54242431990667,-5.77424995919811,-5.63601362841762
-2.92988651081699,-5.18886118746912,-6.65318253225503,-5.22062450679041,-3.49129289885705
-3.27353197119169,-4.98825742113535,-5.27907890565488,-3.61460901137127,-3.67543133611636
-28.4226456696303,-73.4742573149768,-29.2950071158905,-18.553137688086,-21.1122768736
-3.5404713743158,-13.9100750378163,-13.1152418023552,-16.2073367653645,-5.01110931416012
-2.51150753674572,-2.70687145385071,-5.32101637378307,-2.77398921801003,-2.70983981865619
-9.84141090464649,-12.2071799343426,-5.8939506619287,-5.98382670395102,-6.40631492732216
-9.08814715005444,-23.684135728554,-16.5098872795946,-10.9565947048437,-10.2594990721454
-3.00751994714138,-10.2890572922003,-7.59390263796945,-8.04503095646368,-3.77571063354896
-3.88143036195244,-4.72277209154611,-5.3665427861349,-3.85067843201827,-4.04508449528778
-27.0373815026496,-33.4763788293406,-21.867177698212,-13.3576564656265,-14.6821803095693
-47.7784411329103,-95.8935524016246,-48.8207815614402,-38.0264844539798,-42.2751435680775
-8.69502467985481,-5.47025662722615,-5.55575267543588,-3.30965749722835,-3.66170042011007
-6.80055323747755,-13.0712423794707,-1.90597008508464,-7.01419263857575,-2.53926098459081
-20.5166236718899,-105.477586028162,-82.5849151356978,-57.6473048962954,-27.0091172135038
-3.79570761723471,-10.4541384979001,-12.6191328045674,-11.6242352146309,-4.90128155914405
-12.2197163955888,-4.13999724219556,-8.0541840321569,-4.08587480904498,-4.31884084332572
-2.34471836874008,-2.26669489407564,-3.06481034413032,-2.09307166752208,-2.259287169387
-2.3509810150899,-8.00142337473378,-2.44655437923194,-2.47137012230303,-2.46724647810005
-3.92780866840681,-13.2575834144233,-7.64437245881507,-8.23973741970923,-4.69500162219811
-19.4158035419346,-64.0376112702081,-16.1941557759631,-24.7238330303264,-18.7375976054722
-13.6644596618801,-13.4722222795485,-24.0110934084379,-18.6863147216741,-14.3958959335207
-9.09712175273006,-2.39326081261676,-3.99301890750305,-3.4388212992005,-2.68134862010234
-2.80311942190231,-8.73192001842118,-7.60354488883118,-5.30959437167181,-3.36887836206498
-1.70580367792123,-1.93828623317132,-2.96876971685309,-2.13353168966365,-1.90082690584584
-3.59529309271558,-6.1120922744074,-3.9994347572914,-2.38006037926563,-2.65090114745052
-13.2836212987145,-8.46843030156686,-8.72536542557164,-6.27187028882615,-6.94840916564677
-10.1232677430587,-9.94563212339833,-14.9532402520123,-13.9451177669846,-10.8357492849957
-0.719910732094314,-6.3475827365809,-4.11354919498909,-2.04756128490343,-0.986904471847809
-9.31476676440779,-7.39976955855857,-2.62057577319842,-3.76160418384398,-2.90999576436715
-2.67896020281481,-7.80763992193208,-8.51895832014787,-4.30172028911383,-3.21978039009164
-5.36955013320838,-14.3859644180606,-11.5205260014749,-7.00761400203292,-6.10403002355272
-7.23992764237405,-7.51654546471591,-7.66030249843298,-4.53779108100961,-4.91398666255331
-8.05291394439844,-26.6925947071379,-19.4483729189,-10.8923907113801,-9.27209274653239
-10.24311022165,-25.0122499858027,-13.3028280501499,-8.84909970110318,-9.71765101412143
-17.6924243692658,-61.7122321868284,-20.7522806209168,-19.5738387992182,-19.1550668446598
-12.5163514193982,-11.5925374380654,-15.4080748267428,-10.3844954198061,-11.3843076661624
-10.5762921109618,-15.7385368744109,-6.99257179966964,-6.70233728958796,-7.12614729886801
-0.367647837602649,-5.1472926771157,-2.46733840884463,-2.30577682352629,-0.627444240162212
-72.2982087327684,-56.0470446178943,-53.6546225312379,-23.4347886976765,-25.911922130146
-3.42507181971983,-6.6934884166469,-6.81860453747871,-6.28951335089064,-4.16536697645817
-27.6038584932947,-8.9144216240599,-9.91513084580255,-10.2883975281901,-9.65441959108094
-5.72088662177967,-1.8759712894656,-3.91189062614036,-3.79946968053659,-2.25068664616202
-9.97175790685204,-7.19773765963458,-6.55953942681131,-9.11679938178139,-7.16329110122354
-7.3455081257269,-15.8283577151284,-12.9455281667425,-9.82438644164042,-8.53477983877895
-2.42221007176118,-4.10859234257873,-7.6480858531999,-6.10321552710867,-2.98006525398124
-2.1834089157808,-4.6562800950537,-4.51149772613203,-4.51591795683566,-2.56566163025098
-12.9012840574814,-7.71637646763645,-8.2339560139518,-5.27542426636834,-5.86440060757959
-9.61862934930017,-14.0020542078028,-6.8196788826453,-4.70168349519138,-5.28950792835717
-4.15081211703088,-8.2222978740987,-4.0958189824063,-3.02838041248805,-3.39429652069088
-69.0390693898417,-103.834613777023,-58.1188937378764,-34.7120541401735,-37.559309013087
-27.938772559905,-43.6448422418286,-27.0345866669589,-32.9380636075097,-29.0416515515653
-6.48476162671211,-10.7183110208689,-5.95769934937931,-4.3390108058813,-4.91710358040769
-2.71113105424981,-2.7324535044745,-6.68167664419216,-3.74822129375248,-3.01465932207722
-2.56476126362638,-4.51054873949536,-5.77180952521815,-3.43927668396901,-2.9099521905841
-28.1042789597245,-25.3713933799115,-21.9487798940609,-10.7831939678564,-12.1078543748215
-3.13296438891636,-2.05756969364431,-3.48081247566171,-2.98628465408836,-2.44036360720075
-1.26851751128224,-2.9613993995568,-3.12302063601999,-3.24367165591373,-1.64941193418955
-50.9460177849562,-26.5503788537144,-37.4617168647063,-32.8676726184238,-29.4774471288477
-5.54359566002504,-6.84047062566852,-4.9369807984525,-3.39013283984262,-3.78806187308982
-6.27659650788573,-3.56682184413409,-2.45056397205757,-3.26509628274957,-2.73626554149455
-12.1628436918092,-7.180459217951,-5.94435809050739,-8.98894911859408,-6.5521456697038
-1.65276064511213,-10.31626826627,-10.1151901317318,-7.5449100199686,-2.48357866014057
-0.866756173305321,-2.49533189789534,-2.58970149285357,-1.98667622072859,-1.12579086599759
-3.167293504794,-1.62408779091498,-3.22921209952946,-2.08995019124609,-1.8930197106597
-20.1105156164423,-8.08556288068407,-19.0476463769672,-16.5097693278757,-9.93210033242186
-56.7873655865015,-33.5082783529352,-23.2047306614525,-19.8326796461832,-21.145692745896
-5.94148256144884,-30.5130732100423,-17.5752739560689,-12.7840159754891,-7.27067747535895
-6.19340760058329,-7.66585894650795,-6.13511341566217,-5.31217218225591,-5.78968685961272
-3.49415102967507,-5.58081485275027,-6.14766377598791,-7.63155877764717,-4.14663685801414
-1.92011026340734,-5.54041902155934,-5.029153269428,-5.75192421967207,-2.46122332125447
-4.71797131218105,-2.5710939534639,-3.54716576279978,-4.31697967457587,-2.93976622309396
-17.6032345361438,-16.9963455548956,-11.4539195972438,-8.22239783389132,-8.80243362791441
-10.6067177492076,-44.1331846612162,-21.1096801195625,-23.8012426789464,-13.3299723072136
-2.4732602827816,-6.04075765099834,-3.82128836092486,-2.89595629844305,-2.74401998506446
-81.8029840861338,-145.550489601694,-60.9017268235779,-41.1453112682507,-45.4271839437269
-189.756531015693,-50.889134947631,-148.997968165509,-88.1127848677756,-58.1190553136226
-24.4273614737781,-37.6589666251223,-30.1115313490347,-35.6566101679588,-27.2873467439077
-2.84349681917803,-4.11033581976417,-4.74856644732223,-2.84616157281903,-3.00829403970654
-1.74234634067967,-6.91353370253707,-5.69951736332347,-5.30458377354748,-2.2977145370054
-4.2929939444442,-4.1663537800168,-8.18454546073341,-5.62029455093741,-4.53044097166046
-23.5099268380208,-19.8006002072594,-24.135433395156,-11.1938108649525,-13.0173261926636
-7.23826677440072,-4.30471386100557,-6.15932562496837,-5.01517246652583,-4.82765271829517
-24.5730804653762,-33.1893000516193,-21.039373010175,-40.965571836403,-23.9007462014894
-87.1410767668583,-35.678660121985,-42.236714825833,-38.5645046590522,-38.3720887672356
-12.6264775636404,-8.16942966344448,-11.4289870653875,-5.49018965101732,-6.0696859883145
-7.81187922441207,-14.9403987213657,-6.53108844867554,-5.34249906055045,-5.88555712376374
-10.1231468790369,-45.2752797401486,-19.4361866949683,-19.7613655622932,-11.7227473357026
-41.4362467370517,-112.960397257759,-46.322849603104,-61.8624092398092,-46.4710971511398
-7.93449977484079,-21.1517925931206,-18.6620626794693,-15.5731089458368,-10.274525664953
-3.12188664099849,-5.56438015902867,-6.26584402808752,-5.3141114583636,-3.66006098611293
-8.00841950003054,-10.3215835911315,-14.2590222629838,-14.117974815067,-9.2112466782768
-80.0040636567194,-44.2947794835837,-28.5050882633663,-42.6087605384398,-32.6415189910977
-23.0851649281628,-9.60463588660524,-14.0419068299725,-10.7625912637851,-10.6776275185035
-84.0245160698893,-40.4873145489461,-39.5549487189,-33.9011791636118,-36.5462732218937
-9.44739927911155,-4.86888849512563,-2.42783129888659,-6.55092711866936,-3.04674478548669
-15.5124634569697,-5.41877613275341,-5.74490748207029,-15.2991130868262,-6.25767383132826
-3.66631751053449,-8.52635002019978,-7.18348460007935,-4.51970085449483,-4.17011702500387
-115.436587947542,-85.1917969296061,-61.0407069330656,-54.1557538853326,-57.8279830678483
-2.41495669053927,-3.32450186233228,-4.34584972055822,-3.49562379580286,-2.74129600443003
-2.18026242992937,-1.79751081826126,-4.1975686531963,-3.36364773192714,-2.08920606957991
-11.5264262008765,-79.8276280380694,-27.5820396545994,-23.711949832452,-13.738470649315
-22.8902566975086,-27.9296994843585,-13.6172124340345,-17.4361954272998,-15.3943713307889
-15.6288429225433,-14.5951505108591,-7.02231930681242,-13.1319936085907,-8.45461138064835
-47.1944034301324,-29.0768188133111,-54.7054827393577,-53.1420428495183,-36.0863346175562
-5.93873908939956,-29.8550131749726,-11.0915907159959,-12.9348011701863,-7.65495544856912
-13.3927744679039,-22.4289643592996,-23.5135198578018,-19.0394781137633,-15.1197579169526
-28.7885646136985,-14.7706921889438,-25.0427181457991,-13.6879661507737,-14.7951364623238
-4.86643306937381,-9.41648601491871,-5.32896508088869,-5.97915506513884,-5.37973004210163
-68.1088404352988,-74.5784805319509,-48.601088096699,-41.042271324127,-43.8381021870053
-4.81133935045154,-23.6088816889439,-15.2406205169199,-16.3246133008872,-6.43818068405769
-12.0373971351159,-14.6442255825748,-7.59086402027157,-7.36527197912367,-7.86919975657324
-42.0549861222034,-27.2874271435636,-68.2090849413179,-48.2317599832942,-32.0848756712226
-7.34129532819169,-16.857150804342,-5.04712761302711,-5.81780614286019,-5.62588691404254
-57.7240025322777,-20.796155052806,-28.5149245668725,-32.2366099677684,-23.7699723411541
-0.961582965296223,-3.6989496572783,-5.34740727547924,-2.85316026898845,-1.32146837157512
-23.9591216245025,-31.377751586106,-23.9479601607009,-18.7318729195623,-20.0643578832689
-5.77458443533155,-10.2505017475219,-2.86121088285625,-3.31547611636185,-3.1920843429134
-31.342389613375,-40.8196182202482,-67.7670389465621,-56.5768715100997,-37.1988419198556
-41.8272646432425,-27.3085331132203,-18.9396441947097,-43.4720691220706,-22.9564044411599
-20.7880169213838,-9.14067954057379,-14.7383274855495,-8.32731952562973,-8.84196095820892
-20.8526504893894,-25.5459472303515,-17.316803549028,-10.8541123051369,-11.8507256058754
-37.355747820338,-9.14170454416597,-16.977236907294,-14.3090048050221,-10.5666606879065
-14.8216879418977,-25.5675510802426,-28.3227838825546,-21.5624304923797,-17.1455848115563
-48.3599869755611,-29.5870919379836,-43.5438472759379,-33.1615179483472,-32.9375100815271
-13.3885768877712,-35.6877821860617,-7.67597511081109,-11.2816917340751,-8.98089314735727
-28.7597854174903,-14.9320127542071,-19.7284910830215,-14.3909391492801,-15.3105382550319
-38.9371872153752,-35.5227927257464,-17.3397718648194,-20.8633969038962,-19.2366633881645
-72.135155528614,-89.2929047950891,-58.6204028976336,-80.6663757219937,-65.2055034028277
-10.7205852330101,-6.05551695971542,-7.57341829429539,-7.95076564863844,-6.75501182080972
-9.36059807320495,-8.31928268286561,-5.53199465762775,-3.79615465303252,-4.06750591699764
-118.377782293732,-36.7448565773839,-69.8686955717567,-51.7368312610464,-40.8874239820994
-6.91214739811261,-10.5969665700988,-3.66918159872141,-2.44729156977567,-2.71826965687013
-16.6871403727005,-31.3736845158778,-10.6859681036177,-15.4105639595689,-12.1094144734983
-10.883621909086,-10.8349558963635,-6.92689071014298,-8.78167046521066,-7.92374981522255
-3.48381021315329,-1.62351840513762,-2.29485346293264,-2.8779384364232,-1.94934434767285
-14.7919406671937,-11.7081139607958,-16.8984932767892,-21.8117984261427,-13.9035896203536
-5.29390467281174,-8.79530337787037,-7.68397761849521,-7.92702191131021,-6.36599533081046
-2.10485772119633,-1.7228892988993,-3.47769680305993,-3.28883383719205,-2.01433672004494
-11.5743034074824,-8.2695187494569,-9.98211549769673,-14.0479163502021,-9.25543706973055
-48.8495774777009,-91.6684624076576,-57.0534624091203,-37.1219641067491,-41.3235034854616
-3.61279412778503,-4.79407465434374,-6.81712978168134,-6.26139892996141,-4.1327966366054
-31.9873187601509,-28.882212599238,-20.721854571685,-14.1725163463247,-15.0403744394697
-1.77588634374072,-8.79219943149792,-3.82747470953104,-2.89469838547671,-2.10966848427691
-13.0854047719988,-17.5374470830437,-17.4494516960549,-14.9409019768459,-14.3326412621186
-13.8531720978839,-7.67172674881812,-4.99556002192677,-4.23953802123921,-4.51404218124591
-40.9838765504158,-22.3848302989539,-27.1928078119166,-28.7883385478428,-25.3581298350339
-3.79484272162498,-2.89256002440654,-4.11885467969479,-4.65458502917884,-3.4189753370973
-132.421390649162,-53.2230385678443,-129.923102117529,-91.0885401209026,-60.4533420046391
-11.4453483475271,-8.85304084664752,-7.72274918613906,-6.68378364716703,-7.31248317801811
-47.3571589595806,-26.5425056442971,-24.2128681148737,-36.0243496067608,-26.997150845097
-9.28645679529436,-5.82553345593039,-6.27426994485335,-5.74449026371926,-6.02727229810841
-2.95418229169744,-5.94937715043664,-4.86318008704786,-3.45535856115488,-3.2346560105746
-2.09287955504341,-4.30068769053524,-2.72177792282675,-3.27199656478336,-2.4082074780128
-29.775428335561,-10.8879943470056,-11.3570946041145,-14.1797969126844,-11.7660175126333
-5.20683849736909,-6.01245624787041,-3.72040345293204,-3.24899645381236,-3.50382714935564
-10.9939500074601,-11.2848952869282,-10.1613436599428,-14.0414449461262,-10.9853775295517
-23.1942000795751,-30.169645317546,-12.5170281686895,-26.3523817920395,-15.3587995824097
-7.4543932217191,-6.2795550701232,-11.0315476576833,-9.91274707969271,-7.33132685138042
-82.0091804249358,-56.2071542471994,-21.6065459831309,-31.8098791330047,-23.944858831552
-1.42978961204783,-4.97488968045877,-3.04940964684787,-2.93316361557394,-1.73471339590147
-20.6268589530597,-12.0918093651649,-6.75582141533379,-7.88779281282147,-7.33123177453343
-5.53780730174652,-9.24699212162553,-9.57045734036278,-8.77643411142507,-6.47708025370713
-12.9285989431376,-36.5705747660885,-10.9047871985497,-10.0279303870245,-10.9651696362922
-13.4292962676105,-40.3315698388342,-23.6595236570115,-20.1355133622949,-15.4998419106178
-34.2113518746766,-27.4080610583998,-10.8760700662489,-16.616583928177,-12.3080038221569
-2.98305019021606,-4.58672285327546,-4.33855521147747,-4.79573325251544,-3.5096236963646
-7.03870642197055,-4.03204552574309,-4.44224679591521,-7.3288001548722,-4.63097628888683
-8.90908872377894,-5.14259350513044,-10.0231298425018,-6.04708601725969,-5.75468064258347
-5.40211598431071,-12.6230831092191,-14.3871944717732,-20.8920630915372,-7.73217228303002
-36.4164856698319,-22.2000647339559,-10.9621616804159,-17.2265939950757,-12.2872622902205
-3.99746580779806,-3.84490921044339,-5.6313230050368,-6.30059040486356,-4.21076220655084
-8.04746081448241,-12.1568082183489,-6.14547861444182,-4.99092901367303,-5.53306624369713
-75.239012694121,-66.0590692327717,-23.0405306866198,-27.1434614566913,-25.7924154336436
-10.778560552843,-6.81982684161975,-10.4384456566908,-6.60860744101724,-7.05614950695081
-15.2797018122107,-7.40526605781729,-5.77355942069561,-14.1147448757883,-6.95726124773261
-26.3272126255796,-20.3965156849077,-19.5523884625168,-10.5516983954328,-11.4195767180106
-1.99300278309492,-2.64962778718131,-5.65423630810503,-5.1327418382692,-2.4822502996305
-1.6215652322216,-3.51246571091908,-4.40051526817185,-2.53653993921891,-1.87942825747012
-51.2750191520977,-37.6588662163852,-43.2964101684486,-24.3703415483563,-26.6816648108389
-14.7668949371656,-15.2779726162233,-9.36647855291974,-6.77992487247421,-7.23827777406976
-19.2335423707942,-16.3308543739142,-5.47743162541126,-9.09977961763794,-6.09082244728947
-11.9090231510115,-5.65858532406559,-10.2150646495056,-8.69181944228676,-6.28806982129104
-3.82924354748897,-9.24867858245396,-5.89725383864397,-3.48321709255857,-3.79935978756431
-7.89154002339431,-5.23609957995369,-1.99335450590591,-4.35515284117193,-2.28350277138033
-8.39743252838884,-9.33379036326563,-7.06240484947426,-5.85749792844,-6.42395483328243
-1.73500971675629,-2.70137535565333,-4.00299162522645,-3.29323222267868,-2.00059348898364
-8.23660779325401,-8.26538482490437,-2.1341930004892,-5.79390623720145,-2.62439215145354
-4.08580767821766,-2.60460459685687,-5.68319481472157,-4.45595910015912,-3.08701044934659
-3.02749092935401,-1.55312662173755,-2.98753338183681,-2.93413509174878,-1.92513231014155
-4.75145271176718,-10.1096263587271,-11.7400325613953,-8.33035823468511,-5.49735187095674
-13.5411221444712,-49.5198672452371,-19.4354072050031,-21.3764091907521,-15.9080892430379
-2.63238769356838,-2.70451032386967,-3.84195593687611,-2.17749118603484,-2.41666145950624
-2.95663330846101,-7.8765074003732,-6.19164856768002,-2.84400117767349,-3.0209685623221
-10.9924790337499,-5.83547296737258,-6.84467164888719,-6.26877441230787,-6.28878874690879
-22.5107605525602,-19.9549958497535,-14.9286280759679,-9.04259868096296,-9.63347862207476
-4.51443873836233,-7.76292516429946,-3.96323659622566,-2.52880487988026,-2.80781767179619
-24.2038195905039,-13.5379935520153,-12.6620676486399,-9.78537036012941,-10.5830229232824
-7.81492445293951,-5.02076904413775,-6.48907544243836,-5.87357822796733,-5.47710513772132
-2.87487014888959,-11.6487793377681,-6.37524454142816,-3.4815241936339,-3.22393725563037
-56.2377764104088,-48.3660585722927,-43.5843254730424,-26.1840742073745,-28.0666546846362
-2.29904278774014,-2.64449586056505,-2.82651843225032,-3.75194953397169,-2.57892552223133
-1.45135447135224,-4.01982435844399,-2.12195100464782,-2.49789005404184,-1.7042680400219
-39.1694854976176,-26.1769014142156,-18.0911673082898,-15.7605083578196,-17.3722517482016
-7.56238018496713,-2.11336136773353,-4.88628915598293,-4.6215327786054,-2.41102194721588
-18.0001051229637,-14.0672559447902,-13.1324593901099,-6.71982394036465,-7.29362159636724
-7.72406440142597,-10.7821650667938,-14.2218734865546,-12.557794793605,-9.01877837501563
-1.31441493809669,-3.82922762993533,-4.60576925006122,-3.68325469294658,-1.75289178893043
-14.0971516502545,-27.6088505764146,-10.1554469103261,-14.2539192520853,-11.5780648489947
-4.15725033899572,-7.11869156197395,-2.60492336752889,-4.44905469451906,-3.08961579177957
-5.95078676781382,-4.2896126499612,-4.41131808721183,-3.86071199298971,-4.15767740082495
-14.6855125352163,-6.70253615961174,-6.15127319264101,-7.13970535082196,-6.63754442200908
-42.1437364745024,-26.4782417835121,-16.069133069774,-18.9512839277754,-17.9018496727457
-4.27754755272419,-2.6808385753531,-4.75785990599311,-4.48972170345685,-3.2723164895055
-1.35133336843885,-3.22076015197053,-2.48134802498973,-2.55325687889215,-1.61006620252368
-2.87843823743573,-1.58035453564009,-2.5722295718263,-2.44547198822858,-1.9385587960301
-3.39305462209605,-7.14469179955367,-1.88472127450434,-3.82002957057295,-2.26014974961867
-10.3087929667677,-34.7357083417715,-23.369828236153,-10.2282591515656,-10.8492340960744
-7.19364325538994,-7.79106839398555,-4.66445396798015,-5.47521154772267,-5.21334176374298
-14.4043872636167,-8.35914049895754,-7.18758355583926,-4.69777942624546,-4.96916094219763
-21.4604478323178,-11.1866601537967,-21.8943096178042,-20.9757131200979,-13.1900891648885
-30.7771540443756,-13.2775490559034,-15.607039147885,-9.12321481150432,-9.80913015763669
-8.67490982406477,-21.1515388624233,-15.3858177191459,-10.8754864148684,-9.91321561736264
-46.7675210813169,-39.5022010890565,-18.0286768018813,-33.4625599516692,-20.7824089921215
-2.32281652794825,-5.46866065945238,-4.90131404131631,-3.63757184250828,-2.75515280574094
-3.77710159108368,-7.80669103428859,-2.95587690443483,-2.9627881648557,-3.09952978359579
-4.14753414263651,-8.10358737023294,-4.31763168316286,-3.25151935383162,-3.51964520576954
-20.6409252735848,-22.4581253359643,-10.6755667890548,-16.146611320043,-12.1791949213694
-8.30821256027613,-24.5693655283021,-19.478089323517,-19.789799434491,-10.4022234386209
-10.0873874118171,-17.9787162690638,-10.3598918757851,-6.88363535571265,-7.57389463189498
-20.0922460896458,-19.3692781507401,-25.5318818302477,-29.9137290244643,-21.3536697842866
-28.2756003650248,-32.959540639303,-13.3625158474463,-25.1090083385893,-16.0071011714433
-4.2341325254868,-3.74219050341888,-4.32546183716841,-4.39856102081634,-4.02185617947431
-16.726568311705,-24.5112395965078,-9.98170613141339,-13.1506750060993,-11.2764068022498
-3.89391721581183,-1.94999195977551,-4.29541327564006,-3.25492019707128,-2.28911470797655
-8.11202405348001,-24.9043258709326,-13.8202455306049,-16.4800821082168,-9.72653231304595
-62.4025879976381,-18.6878234173312,-23.6195183158034,-33.5652710544998,-21.8941790417239
-1.20450704816736,-8.89346093181725,-4.64865925747384,-3.19606788435058,-1.54112990657626
-5.9263308698638,-6.93662652979282,-4.40269237382845,-5.66464721820074,-4.98499291552438
-4.05575697000165,-2.94742390100376,-5.94799303270341,-5.67145911336646,-3.52935081959921
-15.3506504956443,-12.6698599032169,-15.5301078439103,-24.4543324160567,-14.5994282114968
-24.1026473726484,-24.2562318462277,-14.7905733146788,-19.138129326571,-16.5896266768458
-27.8436671275641,-13.318632737984,-15.9646528406355,-15.0505580456539,-14.73038153362
-4.70670178527521,-9.98228137021105,-6.26289716006898,-3.36421099149801,-3.68248971922482
-12.008303264628,-21.293411167566,-25.5760479010667,-25.5119139302704,-14.2143311095702
-52.5435939045369,-55.2465250867301,-43.6571441345139,-42.507464336299,-45.1309516576096
-62.935299294154,-25.8225337600474,-30.5878732700557,-16.4342147749338,-18.1676036020809
-10.4278901108463,-8.1350324694067,-4.24105603835954,-7.53782864725872,-4.84549013296391
-22.8216565954798,-12.3053786201942,-27.4645756934318,-19.4331727669486,-14.0833885911667
-2.97279433835269,-6.78535510425416,-3.03340514358075,-3.17283782917735,-3.11529615043477
-18.052937123472,-43.7418413242444,-24.5735228759497,-33.0575654611328,-20.872315759188
-14.6825282288903,-7.73075639511384,-3.83573922942159,-8.34111753592239,-4.45604532152459
-38.6627902445247,-96.4312105727541,-27.7565819267561,-37.1808838319705,-31.190549525467
-4.09970290287632,-4.40691929942115,-3.28920643960526,-6.23171336224206,-3.80549555866754
-29.2708604343166,-23.4308954019518,-26.55813018617,-12.5999974154561,-13.5967123808094
-2.45301380239829,-2.71412538874903,-2.82966968104134,-5.57092176610678,-2.7472145090812
-25.2679501969426,-10.375557725417,-20.7517540857066,-10.8076890617759,-11.2232889799998
-16.9899895002992,-37.3189221505317,-55.5325230117065,-33.440397896914,-19.7285134158366
-5.59366392266768,-4.28626488326255,-5.49059253014264,-6.63497636528904,-4.93340779675851
-3.51933636060219,-2.77478939805717,-3.60989432323688,-4.09616628568328,-3.12226340246152
-4.16064653825126,-9.58857702618631,-12.9220584060756,-8.84207685071242,-5.11329324878274
-25.4168923328975,-28.6946272692961,-7.92986351248037,-27.3630115261509,-10.4016376867395
-4.94768492181395,-10.6205060558959,-1.95620892116951,-3.53234818725866,-2.29706384457563
-3.24684051681324,-2.56490489188637,-3.61557610872295,-3.35757984930656,-2.84176652139709
-42.9345342671645,-40.7842556916744,-29.7513992143853,-18.5179545895005,-20.2441583584516
-53.6996223653809,-21.3820288259566,-26.2629606528559,-17.7648410675542,-19.0839675746619
-15.023715285259,-28.5427055906766,-33.7911146915421,-29.1746974722342,-17.9411252537872
-31.1376181089785,-28.6834574436823,-19.6844205409407,-14.5893946837132,-16.3876584012573
-67.3415866406085,-34.8845323359477,-31.3479353349805,-30.0039322271362,-31.9118827609111
-115.614070269122,-90.1483015671859,-35.9020240314359,-76.2982285130588,-43.1539721259911
-11.8975640325865,-44.6803870425158,-29.8659912682771,-26.0949935729058,-14.2682882555563
-3.99507681285348,-3.70260541108464,-6.99104374075393,-7.13724114663683,-4.14788317789667
-20.878402212641,-14.7249546131069,-12.6546573128436,-16.2531385839336,-13.9489761284308
-6.22500144015726,-10.4395170045559,-10.0899639616593,-10.1193732274273,-7.48535247902451
-1.49479371947964,-5.4114829356763,-4.54842892468434,-3.29411695275276,-1.80018865391159
-54.8728836357415,-28.9768956649813,-49.2491028771034,-49.680909378474,-33.5367059635496
-91.9825179846176,-56.617609571767,-75.5889336239238,-36.0292373276261,-39.9288903926011
-14.0267143613954,-13.9971006662349,-8.14114083876533,-13.9781367929973,-9.46505225437501
-1.95447359428082,-7.14728389780963,-2.32112619375364,-2.702545213287,-2.18463712975856
-7.78253249701775,-5.27523577467978,-9.28662821465651,-9.54261079238164,-6.30504049636724
-14.8750762626393,-13.6447747445773,-12.5811655874121,-11.466186431931,-12.4548437326896
-13.2824744065514,-13.6911014885558,-16.3257115420695,-15.8389907327203,-14.1589464340494
-23.3692776896685,-18.8681678809326,-26.4804524506254,-25.1481532142007,-21.0454727912784
-15.0007619584337,-22.7491740843358,-21.8041523475742,-30.6300708642385,-17.7208436022643
-75.646739846233,-31.7789630661065,-30.9388468864037,-20.5678871284676,-22.2394067710258
-12.7148653561181,-12.8186834834833,-3.93086927002691,-5.75938231629511,-4.54475720741275
-40.8486540974488,-35.6355727452091,-22.5321610419122,-30.073104224813,-25.5231285899494
-12.276858301207,-19.291517565277,-23.8391183333265,-13.2117352671619,-13.2776066207143
-25.053058954099,-13.2456863235152,-16.2641365387469,-7.05944698201665,-7.63324457744005
-7.51420604399106,-25.5982655267296,-15.9148265865096,-16.8035949906792,-9.17206275887987
-50.8086930301986,-96.5859156241887,-89.3494913417008,-60.9780359177179,-56.7197573688958
-5.14027037565513,-14.0380998625073,-6.48715199650689,-6.18653917742053,-5.64786943117838
-3.66417461083731,-6.60951427893399,-5.95612881971793,-6.63690910155056,-4.39519843826125
-204.594788467027,-166.809218893812,-71.1645591109283,-99.7455748506781,-78.4002592362671
-9.99378775031999,-16.7157116168327,-10.5370828387449,-8.78494955596485,-9.59564506146462
-9.69485286707237,-13.1239253638952,-7.02046216869723,-19.2407177140363,-9.00776623103531
-37.2069322435125,-58.7317242037736,-54.4822953148296,-59.6089377686645,-43.2463239681654
-20.3611259072638,-11.2170237618113,-15.0344906813205,-13.7711743601611,-12.469280141347
-51.9136945045551,-32.4691142067956,-34.1926504119438,-26.5562253749443,-28.0859088263139
-5.02155505956024,-7.94952279032142,-4.90612485943843,-4.43080314215764,-4.72386582052542
-1.73677314675455,-4.86145004347118,-4.70750798718754,-2.35535824364462,-1.98820034805294
-4.3205506656942,-2.45957084526866,-3.85281586510852,-3.60808775094357,-2.79711559342941
-3.80962656393431,-3.88186563314728,-2.86811304796192,-5.73309236400375,-3.39300004191537
-3.46823664376852,-7.13263848087764,-5.476330559078,-8.9551546758264,-4.27391624059711
-16.2169036553468,-26.8597781955375,-23.4725646183686,-13.9142197405348,-15.0797248034981
-20.198140778758,-81.324277053434,-38.1223543323056,-35.2725794650305,-23.9143706768124
-24.4879263250977,-25.2545059658488,-13.4442778220899,-13.6417373701064,-14.1922913142159
-11.1364138389143,-30.6434947228576,-16.8026528116741,-21.2112216140437,-13.2937667275282
-3.46037811079206,-2.25632524246334,-2.68190575582901,-2.90806180268532,-2.54624127330347
-9.8492156965704,-9.36925624461186,-6.90312285083687,-7.76112428769434,-7.60023436554141
-107.245920197678,-50.3805447627056,-69.3882660921815,-40.9459630162158,-44.7503882567613
-3.25115530922896,-3.29642887784253,-3.82423590058194,-6.81338847329765,-3.5099752299906
-51.648870449629,-52.2664548463618,-51.9982877519805,-61.1824879770111,-53.1704649013241
-5.70110047380231,-6.14332764384293,-6.01422306972903,-4.28208684549969,-4.63219480694746
-2.58384548752504,-5.53307419881037,-2.46590061094482,-2.97689922112862,-2.67676211404924
-9.12043001118316,-9.887260548941,-2.72277285836055,-6.08215682023691,-3.34295685713499
-1.70597558273506,-4.19740775088355,-4.07915961697976,-3.9832548574977,-2.24362947009738
-7.89674574468025,-10.7130281718239,-5.08527730426376,-4.00434761101134,-4.55453629782636
-8.13058412811461,-19.9423753425841,-20.9624299593386,-14.2822548403494,-9.78090450320797
-5.72399614582189,-4.12937523597161,-6.43580641686419,-6.55219813079587,-4.73279258331551
-7.38344755325777,-36.4871926498053,-26.9463873425042,-17.5202966605776,-9.0432448177576
-18.0899225915163,-11.5412786470589,-15.4010396762899,-15.3881239785151,-12.9297400589564
-2.24832292853763,-2.40653354679985,-3.46755572746251,-3.61056331957973,-2.46676970213327
-80.1697305827186,-27.536800198662,-58.4085512078974,-58.5511389053344,-32.3878226832275
-8.49235547304351,-10.6318701506003,-7.55244321984584,-5.89585147601251,-6.44408463872804
-37.4486287645319,-48.2210240757608,-24.938875546262,-16.8394519341468,-19.1381066002236
-24.5310120735683,-25.3500636436763,-16.8040481167304,-15.3244864080964,-16.7359746134356
-19.912945301256,-11.6323941781641,-10.6402183002175,-15.6112025329609,-11.6961287480635
-24.2464100421024,-12.2864360130153,-21.0359479621441,-16.7517042702006,-13.6012344307339
-15.0317910905413,-15.1958140336159,-10.8962047401139,-14.8435964178217,-12.445153000299
-5.07001979189912,-5.65008266209416,-2.58318644281307,-3.97686319182775,-2.92366348796409
-15.0249239705056,-16.6638658667731,-14.768323420931,-29.248326823757,-15.8437424240399
-3.64367754853849,-7.40647219041211,-4.26763192630288,-3.43438108416652,-3.66425537492036
-1.86171217575224,-11.52470194915,-11.5686876845579,-9.59571510419921,-3.04899565698714
-12.83373662836,-25.9162882624202,-19.802381283333,-23.2927555531094,-15.4906620396207
-9.55845227452524,-29.1835776137489,-18.2911900710742,-17.9383722287301,-11.302157063748
-5.09598354024961,-8.96320429750066,-7.87904901882405,-6.21355106821939,-5.62233690691257
-41.4338440020928,-42.7773846651307,-17.7594018937678,-21.7644209709976,-19.6381639118825
-27.446583878811,-26.3282006727946,-12.7880538354087,-19.1764673607367,-14.5679815281137
-19.6852733192037,-14.6074314032008,-10.0040114440459,-16.5373531380533,-11.8146333930319
-192.774693218458,-65.7961268144698,-100.147165080422,-93.1451304168279,-73.0011153212209
-73.4805504457937,-65.3053311441482,-49.1102009158771,-32.7347607873228,-34.8792082076427
-5.08556335120876,-10.618654972009,-7.56701405803941,-6.49218728274193,-5.71506142913725
-35.9371573611077,-9.66998826008796,-20.0752151036186,-12.6719361006146,-10.9556424036182
-48.9182977570276,-26.3731228816762,-11.7981448413905,-28.4918509658559,-14.1393885827103
-16.7952935624671,-31.4352963037114,-19.9845074002859,-13.9886431790173,-15.1840272092793
-18.5611661684893,-21.0395915156837,-24.3395210372523,-24.2297724395596,-20.6122032017502
-11.0617084735122,-20.1001315934654,-5.63721889671267,-13.0959452242433,-7.11626102893415
-10.496774458848,-5.29733919592076,-9.66961755080432,-9.02003800276149,-6.02827922539053
-20.2395087673679,-13.6261293978329,-10.2227222083483,-18.9430162606236,-11.8097924777892
-7.53875870788133,-3.19526658928693,-6.19022026047696,-5.4065563793739,-3.79560235403572
-15.1261669383071,-10.9606070769233,-14.6138657478546,-7.19252226433136,-7.76626785869756
-15.0311239289443,-16.0753284186352,-8.87066140399686,-9.25656734114757,-9.39840483278918
-79.1204414050456,-26.3424572812328,-39.2248211281111,-36.2930615704247,-28.973254415372
-22.3998801894375,-19.4257740576117,-23.6088757699972,-17.9269378615601,-19.3008461273686
-19.4695319238842,-37.6687178691781,-12.8074437115065,-22.952145268586,-15.2352928076994
-19.5282848545414,-16.8379566528565,-20.4342690064525,-17.5942175578974,-17.9311532411769
-12.1616077436885,-15.0370783789596,-4.7189739416172,-9.5798146970089,-5.55187322467456
-62.6240557032535,-31.1090337355448,-48.3581003179641,-40.8686478428521,-35.1580958313379
-10.292095635531,-10.9789523288981,-9.10992866616829,-5.65118135950531,-6.23129067895216
-44.934958101187,-20.5880322190309,-57.7506718531782,-28.36785243952,-23.7704080327309
-71.4515971263427,-36.6223100922313,-38.1282345681156,-32.6237622535603,-34.975482967986
-5.68743089014541,-11.5652381669203,-6.56454088287723,-4.55550346682341,-5.08995185615768
-12.9841383747987,-14.7965491046334,-21.3184079345076,-25.3388954897678,-14.7440630511849
-4.93278187741404,-4.56471719268419,-3.45569787308619,-3.6513959581836,-3.70323491876171
-1.59048896232484,-5.66579423046426,-2.09081274605567,-2.32326071693624,-1.86430841226093
-8.5658499301929,-5.94879608264149,-6.94953642091587,-7.25403074134512,-6.53813309141972
-2.86587122290575,-10.0245820371583,-6.88099021335058,-9.7989201630771,-4.0429665532974
-10.6187458726337,-7.5481005718457,-10.2170793933297,-14.7393710735166,-9.18306213888625
-51.1091798083564,-45.1113734989793,-37.1422340740424,-25.9775453813403,-28.8291391160185
-43.0452653765902,-25.2921321012721,-28.5512125102786,-22.563332989208,-24.2107441098388
-36.6478530054676,-15.8415413776544,-30.4681828101746,-29.8410249254205,-19.0920580655189
-28.1002836615817,-20.5510952773266,-8.16370748993667,-13.3634987217667,-9.48647828136965
-18.8295801825414,-89.1795860227579,-55.4516847016825,-45.6087584291157,-22.9335695517059
-12.7423389628358,-9.00504205728535,-8.09340407934135,-6.62624971521897,-7.17946840200726
-19.6849866003873,-8.52334873622559,-10.9935566781017,-12.0288933287143,-9.55451082411198
-0.972935698934248,-3.79472497358315,-3.38871511964821,-2.92239433231417,-1.27837265933858
-7.41442304346935,-7.26515929923944,-5.66611190291195,-4.7392387356101,-5.08442293900588
-2.96098724772997,-7.95565050074352,-3.83360708043922,-3.15306731864233,-3.19618795938649
-50.0461843168684,-16.4643367752175,-18.7202350891226,-18.4124877443609,-17.6711625741025
