"row_num","gen_method","mu_b_Price","sigma_b_Price","mu_b_Acceleration","sigma_b_Acceleration","mu_b_OpCost","sigma_b_OpCost","mu_b_hev","sigma_b_hev","mu_b_phev20","sigma_b_phev20","mu_b_phev40","sigma_b_phev40","mu_b_bev","sigma_b_bev","mu_b_bevRangeRel","sigma_b_bevRangeRel","mu_b_noBEVFC","sigma_b_noBEVFC","mu_b_american","sigma_b_american","mu_b_chinese","sigma_b_chinese","mu_b_japanese","sigma_b_japanese","mu_b_skorean","sigma_b_skorean","LL1","LL2","LL3","LL4","LL5","LL6","LL7","gradNorm1","gradNorm2","gradNorm3","gradNorm4","gradNorm5","gradNorm6","gradNorm7","stop_ef","stop_status","pruned_optima_row","end_conv","end_LL","end_ef","end_outcome_status","end_index"
1,"beta_var_val",-0.065961032,0,-0.086724325,0,-0.123458989,0,0.078787462,0,0.017337116,0,0.133321046,0,-0.225292786,0,0.305755872,0,-0.261643415,0,-0.113318709,0,-1.203619405,0,-0.05776064,0,-0.392742187,0,-9336.048053076,-8552.14660124471,-8164.58792080447,-8142.21216452506,-8141.93434473478,-8141.93428611686,NA,NA,1608.90765390248,813.248966071396,40.2009014786452,5.416201649027,5.79177477339462,NA,3,"test0_worse_conv",0,1,-8141.93428611686,3,"test0_worse_conv",1
2,"logit_random",-0.132912054426738,0.0418113981378621,-0.208144181950279,0.0594383206814195,0.0536839649387229,0.153017643978132,0.0163597535704103,0.0711940619246542,0.0300538239769687,0.0118731085296756,0.245299918414363,-0.0712174719987728,-0.504397063887767,0.280850477586332,0.107327290450457,-0.236827005948562,-0.374343673605533,0.411165217709385,-0.308996258596503,0.150645837012744,-1.62051004854112,-0.677960388258901,-0.0797503584503724,0.0277136805346654,-0.880861206584268,-0.179565895491704,-9452.88885165104,-8196.72824409945,-8188.92809263295,-8188.82757155695,NA,NA,NA,NA,392.211610623654,43.8956102986628,1.43379326027877,NA,NA,NA,3,"test0_worse_conv",0,1,-8188.82757155695,3,"test0_worse_conv",2
3,"logit_random",-0.0712139533661922,-0.112627700921708,-0.19240022045629,0.0396966550886823,0.0249250278111695,0.227108462596695,0.0278937555077425,-0.0202591075808347,0.00994047540587103,0.030976935116614,0.137548552518992,-0.117642927443387,-0.311056722408166,0.121920934405497,0.269285099098187,0.320281661518812,0.111432042623634,0.0503397884084512,-0.183765612923721,0.017424056048382,0.0701965863901546,-1.03909973778666,-0.00587049885576766,-0.0152764281459576,-0.193867724699412,0.039172021429356,-9448.63081837913,-8199.91937125879,-8167.82396889006,-8167.00083210625,-8166.97435221973,NA,NA,NA,755.362430344026,203.942061308912,12.2457393278746,3.19311076063267,NA,NA,3,"test0_worse_conv",0,1,-8166.97435221973,3,"test0_worse_conv",3
4,"logit_random",-0.0813290964109317,0.00129854488670962,-0.190848668388288,0.160161822880182,-0.049522388879578,0.27597540424657,0.0285058421833901,-0.0339869424364027,0.0195647916453903,-0.00546444086607271,0.163512854311645,0.069577988345734,-0.338611848499015,0.0732968162530423,0.336289730961208,-0.193837863252974,-0.204563255166519,0.24697260260934,-0.227538140430763,-0.0188767615040274,-2.40881335754491,-0.419142788568179,-0.111587894513082,0.00106286718550799,-0.329754383878824,0.148394408932475,-9559.83833869376,-8279.56949411647,-8198.85013519447,-8188.97670554077,NA,NA,NA,NA,1212.55040132169,308.640297747732,12.5834299598315,NA,NA,NA,0,"pruned_test1_too_close",2,1,-8188.82757155695,3,"test0_worse_conv",2
5,"logit_random",-0.119868868325778,-0.0197089167272528,0.120825683531308,-0.294968867761938,-0.0239286252027222,-0.189821549283087,0.0703832076392433,0.0294687458145735,0.0215842923979127,-0.00875314314156159,0.170873722173025,0.135421690333944,-0.166412205694935,0.248138401700126,0.637759360958464,-0.25246352215309,-0.0447977359826813,0.437038284657255,-0.0986321884497103,0.129187256057766,-1.35156243393967,-1.47248830001944,-0.0388663506888984,-0.0490246223345584,-0.00846075329395007,0.133775475126977,-9464.30417478375,-8578.0455803811,-8171.47122341221,-8167.36424356732,NA,NA,NA,NA,1796.60488596424,128.948650636028,8.42296988423437,NA,NA,NA,0,"pruned_test1_too_close",85,1,-8167.27442755396,3,"test0_worse_conv",85
6,"logit_random",-0.0150331234486085,-0.0291391318660537,-0.250481955884456,0.00229319622559941,-0.0268721542641544,-0.172773486908185,0.0633275327614344,-0.114143788267029,0.00612873638359776,0.0105473693559925,0.0519263669307847,0.0850611423267727,-0.408192162674618,-0.229138382013874,0.824467685204142,-0.568383681466218,-0.318685040372728,0.115892138240721,-0.367484037780109,0.0146143942488505,-1.80682875388205,0.0238907278629354,0.00982932457860954,-0.0306220556470988,-0.187416847975946,0.140137904176508,-10186.1952787386,-8826.51434895647,-8142.98462520897,-8102.73265267639,-8100.44647232321,NA,NA,NA,1761.64020411222,1014.40086498945,114.447546761446,0.921597189944713,NA,NA,0,"pruned_test1_too_close",47,1,-8100.44618407003,1,"best",47
7,"logit_random",-0.0768849661652772,0.0389813417193666,-0.0395431095354332,0.0321157351956643,-0.114618155495735,0.0911261665665155,0.137481293469902,-0.0391030361226561,0.0323888616885379,0.0277606144244523,0.0785332682507124,-0.167436881187128,-0.785601914920043,-0.160075060186843,0.521361965660468,-0.255201599082589,-0.631930550302535,-0.208817042715882,-0.129453671111338,-0.258049481429449,-1.84366771010148,-3.14292431372832,-0.0959650371122539,-0.0120633845082927,0.118986849744347,0.154540286340336,-9199.08045715487,-8198.73668774877,-8148.77926005334,-8139.52017497797,NA,NA,NA,NA,233.350341553887,162.316193167809,15.5402067400242,NA,NA,NA,0,"pruned_test1_too_close",57,1,-8139.42167057282,3,"test0_worse_conv",25
8,"logit_random",-0.00178923084774839,-0.0748209711347047,-0.15479178389205,-0.069495772022014,-0.247819182556086,0.0649262170353303,0.144129758547522,0.121286490652446,0.0145745879969523,-0.0250104907803924,0.0589859444313257,0.0590244975930964,-0.0133582856294377,-0.198156986416773,0.459843860679036,0.0932803097966057,0.38996453469324,0.275222793879027,0.0673970423590694,-0.016802702170065,-1.74293400127371,0.755811383425589,-0.0883787917388592,-0.0385015964839094,0.538816573108752,0.359689550966407,-9993.60600459398,-8199.98438928126,-8167.95664889909,-8167.88742676689,NA,NA,NA,NA,1196.80612148621,7.23664378249164,1.70008526764673,NA,NA,NA,3,"test0_worse_conv",0,1,-8167.88742676689,3,"test0_worse_conv",8
9,"logit_random",0.0472633207333241,-0.0289400457960296,0.0345488442004983,0.000200517261321052,-0.192215211497694,0.021318656959442,0.140767520772346,0.13702585535372,0.029540797372284,-0.0107648405473935,0.338052510949878,-0.0721323752370709,-0.177498957200501,-0.256671616539392,0.446002124838999,0.0205883502364358,-0.227926983192503,-0.227789926035462,-0.289170374075875,0.127067981334929,-1.8317985056358,0.530402941853638,-0.0618860981176783,0.121090574591898,-0.263641402065208,-0.55394955302542,-12296.4503371194,-9845.24122450569,-8240.65200088709,-8209.91676383686,-8208.43329847324,-8208.30953470855,NA,NA,897.478346895723,638.197950222226,57.9813866469975,8.59273704063718,2.19047745870477,NA,3,"test0_worse_conv",0,1,-8208.30953470855,3,"test0_worse_conv",9
10,"logit_random",-0.0491253357788771,0.0227500502184837,-0.0142024169877056,-0.0932542288871409,-0.467462017986619,0.112135900189491,0.030857325820613,0.0201380978875998,0.0246502350402975,0.0333284838053042,0.0876029306252998,0.0846003673824316,-0.405025317175306,0.159064652471556,0.713666804276697,-0.407487283073082,-0.0617312205943073,-0.178141203774877,-0.169471087204508,-0.0861194461210689,-2.66844598020317,-0.999419132097158,-0.0893970163452795,0.153631363786929,-0.830907893060552,-0.122809176786241,-10394.2719409086,-8403.26264691052,-8191.89513124387,-8190.35831688152,NA,NA,NA,NA,2005.46718652265,175.084519189571,7.466811924588,NA,NA,NA,0,"pruned_test1_too_close",26,1,-8190.34498932,3,"test0_worse_conv",26
11,"logit_random",-0.0417809629912746,-0.0296429121939894,-0.189639912450591,0.0799688250028549,-0.167521533871157,-0.220471501547464,0.0695421510829192,-0.157832013194851,0.0134331131262534,-0.00324810631523389,-0.0174968235560358,0.0777844506744358,-0.486719893480532,-0.126556417951134,0.433927551257205,-0.188003107841085,-0.503935213312242,0.114693979393793,0.00102187799882236,-0.0400448071110924,-2.73020387017491,0.121359469160592,-0.00209572851021411,0.0703116086108548,-0.38482075612733,0.155818205837632,-9945.15007441438,-8554.81859556476,-8226.28250035984,-8187.17876654373,-8186.64601204459,-8186.64573420071,NA,NA,2501.30772580082,546.318441692316,16.4684993410088,6.21984153599995,1.76054686347458,NA,3,"test0_worse_conv",0,1,-8186.64573420071,3,"test0_worse_conv",11
12,"logit_random",0.0119250445977048,0.00289042703459473,-0.194801934345832,0.0156263765993452,-0.0785051187986113,-0.249270593613312,0.170394170137053,-0.0568048473163445,0.0217592377065922,-0.017779552891541,0.23621290798479,-0.192226880831386,-0.106959458593276,-0.0917661824638589,0.10648285048066,-0.275521666183104,-0.227612636537947,-0.132351041854435,-0.0355456376627489,0.255638949652463,-1.43884742799252,0.461811602097307,-0.0233522426319995,0.0644813681026797,-0.239180783065687,0.22991652149279,-11961.9592811097,-8294.05950895214,-8148.31793756474,-8140.84279881225,-8140.63236228986,-8140.63230776209,NA,NA,1644.52070653967,268.234285383484,25.424663704229,2.5165976722185,2.73504484306118,NA,3,"test0_worse_conv",0,1,-8140.63230776209,3,"test0_worse_conv",12
13,"logit_random",-0.0235354193568555,-0.0374653111791256,-0.176533053434563,0.196317561870093,-0.015785821560972,-0.235953721124405,-0.00388776279833757,-0.00741275530316826,0.0332891193072607,0.00174128521631279,-0.0198036704381182,-0.0622329536783723,0.0372621280917204,0.0364680293794376,0.721071123011249,0.170865138613835,-0.442952729470775,-0.085629509997319,-0.0613376777142786,0.0544332715756158,-1.11880723907144,-0.782740054741725,-0.0361916166803297,-0.0418794842386794,-0.462763923679291,-0.0983889341775169,-9652.54815848392,-8465.6387544113,-8171.8212079781,-8164.47311597048,NA,NA,NA,NA,1996.33694311129,233.770638258298,16.0210171161126,NA,NA,NA,0,"pruned_test1_too_close",19,1,-8164.3031298168,3,"test0_worse_conv",19
14,"logit_random",0.0194797351503173,0.12036966914525,-0.208503398709718,0.0268618852666855,0.258243171224162,-0.218888438783722,0.0884505956354622,-0.0819670603534173,0.0179754892177064,-0.0122316882116963,0.131241884983924,-0.169692362916772,-0.222694250553487,0.154046845680949,0.184249026190442,0.0176928221226563,-0.409380195653824,-0.132571831031735,-0.344262080564568,-0.112587056359186,-0.401919212406835,0.81495032913839,-0.0520990510393699,0.000653442361335,-1.35880045988418,0.0906271638455734,-10847.3922848144,-8381.4007728733,-8127.72817550392,-8124.35231485568,-8124.32658021121,NA,NA,NA,2826.49755325664,93.1006303264555,6.05868541676505,8.93291793856145,NA,NA,3,"test0_worse_conv",0,1,-8124.32658021121,3,"test0_worse_conv",14
15,"logit_random",-0.053565761945061,0.0285612963435328,-0.134863889629749,0.0845153977506449,-0.279774647582378,0.021668650833268,0.220241360153996,-0.0341443351844107,0.0292090862139712,0.0164688956677438,0.490805570597014,0.0197502768739335,-0.685010693648826,0.269881951071072,0.596505276745004,-0.312819260577048,-0.3764026157433,-0.00541052142380344,-0.0606466297813059,-0.0737542780266758,-1.20640488997962,-0.416496220548904,-0.0534697144400409,0.0295942763607784,-0.24313753023991,0.581786484325412,-9591.6171618443,-8300.87959009197,-8191.41981824697,-8188.8390859396,NA,NA,NA,NA,1846.30057051934,230.033392991779,13.2774454023254,NA,NA,NA,0,"pruned_test1_too_close",2,1,-8188.82757155695,3,"test0_worse_conv",2
16,"logit_random",0.0389964983824896,-0.0893090129174105,-0.117212772553138,-0.0245760827963209,-0.00529722712770103,0.112981742477189,0.10797303379065,0.0876837822099421,0.0391377889010446,-0.0026915629692099,0.124821178458521,0.0479041885000595,-0.591330530498259,-0.0940207683431389,-0.0485909788961864,-0.103031652530146,-0.0969486144731702,0.400056835223809,0.0442034404747363,-0.102850077610105,-1.86398769030575,-0.538911285006506,-0.0692962441828369,-0.0580030456773904,-0.280646732621379,-0.396280622749412,-10034.3517284029,-8212.16807595121,-8157.64022598526,-8157.36948194942,-8157.36665138262,NA,NA,NA,1516.5411960694,37.1430012894,10.7065598904963,3.69847186543918,NA,NA,3,"test0_worse_conv",0,1,-8157.36665138262,3,"test0_worse_conv",16
17,"logit_random",-0.0696006995384394,0.0761497625451887,-0.0288937597843522,0.00396296024797864,-0.0758152242707508,0.138283174697537,0.107163358728266,-0.0241984157995123,-0.00163788501537906,0.0148904495611552,0.0844670028749892,-0.0114275998497729,-0.320971713982125,-0.057419304935267,0.180427704042904,0.558316119933511,0.142753518612512,-0.206637851265592,-0.379732067460012,-0.0364188013237482,-2.4210685080577,0.502074471935136,0.0210838735666138,0.0650366023063595,-0.390412223208651,-0.732009011038161,-9144.20322777796,-8132.29727478436,-8111.92168426117,-8111.47185870233,-8111.4627346939,NA,NA,NA,496.960368477328,26.3679852334034,6.92202850845373,4.53372351359827,NA,NA,3,"test0_worse_conv",0,1,-8111.4627346939,3,"test0_worse_conv",17
18,"logit_random",-0.0106546115804034,0.060732759276188,-0.122813498043865,0.061287444718828,-0.0355431927569553,-0.0992180592987164,0.0246573040192765,-0.0326277596757787,0.0305516293399529,0.0224269516524331,0.235467773088104,0.0445214615237821,-0.157737404379368,0.258303777409292,0.0826367586658131,0.260526280446843,0.140345262508533,0.0855085258640627,-0.00268453255421415,0.154408182137997,-1.51843833083953,0.467827280538713,0.0113179833845037,-0.0882885620164709,-0.591042304157456,-0.170379824077727,-9496.33487301113,-8259.85411124613,-8131.77348054807,-8129.9811489985,-8129.95366982798,NA,NA,NA,1553.64307439851,288.713379832912,22.9434222692042,4.52221140550802,NA,NA,3,"test0_worse_conv",0,1,-8129.95366982798,3,"test0_worse_conv",18
19,"logit_random",-0.0554488140775502,-0.0295939093028694,-0.137904143980728,0.0470274038239016,-0.157041426599122,-0.0369900452481361,0.267796401704313,0.0173115297922747,0.0516532927242104,-0.0149876830455327,0.242910164966734,-0.216778690143027,-0.187182068379914,-0.00511195839156654,-0.0407955823773637,0.535935572695424,-0.584881901446144,-0.163112076499438,0.149113316904015,0.0113809930865495,-0.55640718219213,-0.838477565488726,-0.101691787437463,-0.0560895496890796,-0.179100257189399,-0.148054586326135,-9165.98184840374,-8325.7644257074,-8167.31597172661,-8164.38379297278,-8164.3031298168,NA,NA,NA,2243.79611460555,193.847776619279,4.69882891939311,2.28097830671383,NA,NA,3,"test0_worse_conv",0,1,-8164.3031298168,3,"test0_worse_conv",19
20,"logit_random",-0.0246724336891311,0.136577179143286,-0.197512785993425,0.0674637645065698,0.056494160444515,0.0684240573986495,0.0819425609667075,-0.0864879538133061,-0.00807304585068917,0.000467960402381326,0.373203814663498,0.0552536519389807,-0.66483040228742,-0.291678768781305,0.495895410909709,0.321221696624221,-0.295732261102061,0.0676533640546651,-0.133829035984194,-0.0605876362521691,-0.762847654958062,-0.386096197995723,-0.00924436255888057,-0.0906046834965633,0.581398915214385,0.768902835785184,-9922.47882370038,-8200.50292182523,-8173.92676445661,-8173.67364405283,-8173.67143461459,NA,NA,NA,1037.87653529182,35.2973241692842,9.54197465704074,4.64251149717182,NA,NA,3,"test0_worse_conv",0,1,-8173.67143461459,3,"test0_worse_conv",20
21,"logit_random",-0.024169129676555,-0.0131629281815583,-0.0650925962452553,-0.000795826705585433,-0.27299506205605,0.0505145812394268,0.00531249077823868,0.0109713031127837,0.0326143136746985,0.0195681294468351,0.274944730013945,-0.0699640573553981,-0.198957109402741,0.144143914136212,0.111057921472522,0.106568486319825,-0.392822788467511,0.425448770946687,-0.222080425115334,0.115463988355938,-1.44733059206539,-0.954320908142848,-0.0178479538044214,0.0394940974226613,-0.357356581754844,-0.447285049219612,-10055.0344196577,-8867.69886622276,-8183.42591392824,-8156.78337297471,-8155.09199785892,-8155.03955131088,NA,NA,2124.5417305901,274.377011214974,227.809040897884,21.2707509097259,1.37031398698172,NA,3,"test0_worse_conv",0,1,-8155.03955131088,3,"test0_worse_conv",21
22,"logit_random",-0.0210397454746102,-0.0744784808068108,-0.11968356975288,-0.133775504710292,-0.106306903722452,-0.431399518083342,0.0157446173452432,-0.11537040278363,0.0248136484400922,0.01284477945703,0.121710842503767,-0.0569584258383516,-0.610607403176863,-0.372967589986498,0.0177588819628992,-0.475975852771675,-0.441178525027205,0.0834655309904775,-0.111157529277278,0.0815580159428247,-2.04191325383966,-2.04482158295267,-0.0770138591154399,-0.00483009231579267,-1.23324509314256,-0.312959734281681,-9353.31498386236,-8166.4432365262,-8132.73256461046,-8132.42855212793,NA,NA,NA,NA,993.092360196031,62.457178634579,4.38170764126031,NA,NA,NA,3,"test0_worse_conv",0,1,-8132.42855212793,3,"test0_worse_conv",22
23,"logit_random",-0.110948656671453,-0.0854561359021322,-0.0161215243883343,0.0296914993997425,0.00575834073778846,0.187220843177918,-0.0585794360701687,0.0444746117952227,0.0248698765748384,-0.0142957192973799,-0.0856809221368738,-0.0409032059154502,0.16951130061591,-0.164280875399263,0.0660458777305946,-0.144163533553641,-0.107481861142962,-0.0979836620383629,0.00877217629529703,0.0526680276969085,-1.70031016929796,-1.27526915752802,-0.131457686437142,0.0447075191056461,-0.665677115928764,0.210642161577551,-9324.19699629848,-8185.69153378511,-8132.81108162809,-8131.90108721911,-8130.67296846522,NA,NA,NA,770.4653651545,34.5451274032499,135.621847541028,10.621110590936,NA,NA,0,"pruned_test1_too_close",32,1,-8130.67068328125,3,"test0_worse_conv",32
24,"logit_random",-0.113667792760491,0.0818193092361293,-0.109854228134588,-0.0256320030036106,0.00608612446904398,-0.18574533950489,0.0443300414416839,0.089714823461552,0.00996503293724628,-0.00241197110998312,0.124690655395127,0.16574373236166,0.318004784672022,-0.0176421922029542,0.44642498593588,-0.116539364846776,-0.509275794250026,0.1958092579142,-0.157246671964267,0.0634951024323331,-0.123337750104048,-0.955503373860525,-0.0658772752829427,-0.0399558251026436,-0.666017253074989,0.201861491756345,-9367.41843416593,-8171.52819671482,-8150.90650076164,-8150.90638430132,NA,NA,NA,NA,772.262163986,32.3106489492032,51.2100729813414,NA,NA,NA,3,"test0_worse_conv",0,1,-8150.90638430132,3,"test0_worse_conv",24
25,"logit_random",0.0444264677224167,0.111807822685092,0.0318205018243345,0.0908229567053026,-0.3008246405645,0.0884131559905787,-0.0394002828184967,-0.0468935207162659,0.0286235138591366,-0.0112711725122091,0.142523932995917,0.0301093547814545,-0.204895493169097,-0.163875807697093,0.0881074741224894,-0.00255693443620243,-0.105360959990344,0.0609288841570313,-0.366699641990708,-0.0234871560388532,0.753015614837169,-0.13859635977719,-0.0626971697180127,-0.0440090906029837,-0.302301763927291,-0.994940034064099,-11697.6485267712,-8760.42929500058,-8182.03167065877,-8143.71886393722,-8139.42175372252,-8139.42167057282,NA,NA,5144.96164117884,1397.5725699286,467.445498497971,6.57575153506613,3.60469181481501,NA,3,"test0_worse_conv",0,1,-8139.42167057282,3,"test0_worse_conv",25
26,"logit_random",-0.105257688336533,0.0331322883174699,-0.0565882709934402,-0.0320460024316306,-0.219043020284386,0.158306769370799,-0.0395376836422903,0.0157709889526572,0.0230357899414414,-0.0278100627779815,0.155662844159619,-0.0174739225120887,-0.289562015586872,0.0713975966758698,-0.0196133182117384,-0.0939070510945493,0.0874904866887348,-0.0239492355763339,-0.0846995712815634,-0.272046308430196,-0.675560093599981,-1.852363547713,-0.0572975418402224,0.0639503825902038,-0.541358075415028,0.0782334871828948,-9319.35697778662,-8204.19645803097,-8190.8890027649,-8190.34539140376,-8190.34498932,NA,NA,NA,398.634555904855,23.9401304411364,3.74357480644347,7.45446006312871,NA,NA,3,"test0_worse_conv",0,1,-8190.34498932,3,"test0_worse_conv",26
27,"logit_random",0.0105434649198022,0.0220066879127048,-0.0572036619695295,0.0169282263162237,-0.253383011977789,0.018239393246819,0.0205606293948496,-0.0457095359922982,0.0132237669763674,0.000756247956331957,0.0444173406229198,0.147161930352714,0.00276034645360596,0.221135353289615,0.173064304998847,0.0252619783676116,-0.429237998274605,-0.393717592797635,0.0921154452973713,-0.0946784194051517,-1.75670971247946,-1.00929527407979,0.0147526633556731,0.0340169048625584,-0.946185281762269,-0.265441214535991,-11202.796411969,-9449.97436904602,-8379.86712326347,-8188.98681201642,-8174.06888191828,-8171.10166970803,-8171.05874094765,NA,1217.70377476759,2666.84343303228,359.608633325381,152.221048791306,34.5112573098414,5.93506854622723,3,"test0_worse_conv",0,1,-8171.05874094765,3,"test0_worse_conv",27
28,"logit_random",-0.0582157285720307,-0.0335215699494346,0.0240688581738321,-0.0811518526261932,0.0238267223528494,-0.0791327749688773,-0.00380068918790882,0.0669309756959304,0.0177404156419928,-0.0263121324337229,0.148469547634216,-0.209758623379104,-0.00782269601306285,0.155073940256031,0.0476702669025644,-0.0461743459134273,-0.334643830998326,0.296162645785514,-0.135616458921191,0.0205013052172491,2.44557140300867,-2.05520688037422,-0.0181705372827655,0.0773848573634271,0.351203548531777,0.17491784435169,-10736.8807066403,-8356.59663859429,-8166.3859254815,-8160.81552547702,-8160.80865386791,NA,NA,NA,1800.56876166966,388.07317618933,16.5763658586945,2.84557843316708,NA,NA,3,"test0_worse_conv",0,1,-8160.80865386791,3,"test0_worse_conv",28
29,"logit_random",-0.0488625218021596,-0.0244472924416463,-0.117968679797141,0.0581416030181144,0.0436693769584802,0.0132169855709899,0.0877455567601715,-0.0708675765633846,0.016249688729959,0.0325640362698604,0.0931664388592994,0.139157494468756,-0.335164889485651,0.00285999930532287,0.593774995771891,0.235640775228727,-0.362215266038141,0.125382339658733,0.055541006000148,-0.230085242086078,-1.11249955303963,0.650971047916568,-0.0217294406016975,0.0255206100651943,-1.396083378268,0.39634018381906,-10044.4259472703,-8296.29683239372,-8159.73865023523,-8152.42920493895,-8152.3303169075,-8152.32831684585,NA,NA,2580.30865594635,418.14980169493,61.3983909213581,8.54587837206818,2.58314446220369,NA,3,"test0_worse_conv",0,1,-8152.32831684585,3,"test0_worse_conv",29
30,"logit_random",-0.0407400330325382,0.0995116460257264,-0.0360167115292465,-0.00884238994934146,-0.282350575477955,0.0375752983037839,0.0812555696056927,0.195161213125977,0.0179026105586325,-0.017107778061977,0.0538720405043002,0.152813154678823,-0.518675161540861,-0.0297753861532191,0.573027569598822,0.260560888725667,-0.447524369676638,-0.0774735795215921,-0.301253596714498,-0.165621866729449,-1.89142756094416,-0.647841421805637,-0.113925272309844,0.0368198633884097,-0.565388704058139,-0.374539342214857,-9284.72126416377,-8293.30075269217,-8180.58762901446,-8169.51529355791,-8169.33268096369,NA,NA,NA,1076.0044560744,318.821563705171,15.3005519002373,12.28616447782,NA,NA,3,"test0_worse_conv",0,1,-8169.33268096369,3,"test0_worse_conv",30
31,"logit_random",-0.112891101508832,-0.00327336806128166,0.0222537101698451,-0.125252517973103,-0.155205227436022,0.16909972080937,0.100011858415702,0.019812429952829,0.0465306089641014,-0.00423238324816648,0.210264599516125,0.0520810444121383,-0.212068135019398,-0.436938982830899,0.857421761230545,-0.220804281324549,0.0465344930483972,-0.171931353529621,0.0274993560423129,0.185979820241169,-2.19860773942681,-0.946033479136003,-0.0645337841035001,0.155608767836673,0.318672047174145,0.0149085217704909,-9780.56795066492,-8195.1845019857,-8132.9115498088,-8132.44345188502,NA,NA,NA,NA,2787.37151677379,122.997024295704,9.32180944944206,NA,NA,NA,0,"pruned_test1_too_close",22,1,-8132.42855212793,3,"test0_worse_conv",22
32,"logit_random",-0.143634736046879,0.0911420929350758,-0.116603242253942,0.0378032622779916,-0.331711624709382,-0.0749934091572594,0.134159728646813,0.0228669594423204,-0.00956445803685813,-0.0452716318353821,0.169251192748879,0.143626505520649,0.130067117689522,-0.0792376569270579,0.500827487334004,-0.0428183342011384,-0.329246170413864,-0.129983696571591,-0.0749676568718564,-0.154848478673651,-1.25525215483925,-0.783396252155025,-0.0828496578179751,-0.0130293554813696,-0.512009587659211,0.857763923565661,-9244.71388694137,-8251.63903516204,-8132.92979709436,-8130.74405614449,-8130.67068328125,NA,NA,NA,2101.78235133474,55.6938225626816,20.2410480009194,1.69717907957872,NA,NA,3,"test0_worse_conv",0,1,-8130.67068328125,3,"test0_worse_conv",32
33,"logit_random",-0.129294605863711,0.0296120461651605,-0.196193365217334,0.00187112227772961,-0.31165096070197,-0.0671811691781839,0.238022724875659,0.0458077182220772,0.0253723500114014,-0.0119972118128737,0.217717137704718,0.043977659429245,-0.26190423454509,-0.12327265017887,0.0831643714794043,0.128505750024394,-0.525505391401745,-0.00439912241583903,-0.221010400704082,0.18918795280916,-0.164515652557435,1.33667929201983,-0.014724867203258,0.076015231110529,-0.213825555986561,0.140836486517158,-9928.21031651535,-8672.17484579217,-8161.59170513084,-8148.87336407759,-8148.84401686697,NA,NA,NA,2552.29061686782,1615.75976151571,23.4885445478691,4.77341687883041,NA,NA,3,"test0_worse_conv",0,1,-8148.84401686697,3,"test0_worse_conv",33
34,"logit_random",-0.123937628671425,-0.0100465218305857,-0.0271584807344327,-0.0279918272039354,-0.294344924480564,0.13247963965786,0.125679960234464,-0.0111116513157835,0.00569809200082714,0.0279925844187301,0.0489151218420072,-0.0469164151868396,-0.462106190205321,0.0140137050570024,-0.0895970087280614,0.0809936483013778,0.0387541217607276,-0.0843004767116837,0.00628332118263705,-0.134665161168203,-2.56287946396536,0.367087236569269,-0.000587664906534509,-0.00763781218209102,-0.624999043074776,-0.0829421654724914,-10627.066807204,-8701.65322667852,-8171.19662394734,-8150.7436991808,-8149.07249364203,-8149.07061842742,NA,NA,1991.16681322523,391.292818535782,105.516639223542,12.0456649749697,17.7395249435029,NA,3,"test0_worse_conv",0,1,-8149.07061842742,3,"test0_worse_conv",34
35,"logit_random",-0.300527464203764,0.0171032982370252,-0.0908790189832976,0.170796086949978,0.0467611179359942,0.00149970103336425,0.0731821999764017,0.036445293557289,0.00652238810804806,0.00758928931363549,0.0932302735081342,-0.0244605914820984,-0.302392992525582,0.0803719442437483,0.0815120540514972,-0.178135517485949,0.298381578915615,-0.133659731133523,-0.161487789498544,-0.0617377306966835,-0.355436904842184,0.431813612011707,-0.0351148510158278,-0.0592856679107035,0.0256759811741781,0.455601895673852,-17104.0546345359,-9361.27231317106,-8186.67626359575,-8164.41305308986,-8164.1993874969,-8164.19928678023,NA,NA,1571.59581993482,1082.39057656171,52.951473688474,7.48326622627735,8.80894190188291,NA,3,"test0_worse_conv",0,1,-8164.19928678023,3,"test0_worse_conv",35
36,"logit_random",-0.159411313715219,-0.106289716805213,-0.118038043553615,-0.000735493937863938,-0.326234922526222,-0.123901349198687,0.118300564928291,-0.0615502293354913,0.0223695784430856,0.0063256602225163,0.0796210359591291,0.0241054935880967,-0.104712120772354,-0.205627672773355,0.423424559892373,0.16209128527127,-0.087008436133932,0.725724456287393,-0.0226638164830009,-0.060415488478089,-1.69246042335202,0.88561169232574,0.0349369219497532,0.0434085748501323,-0.368989936902117,0.173321952490405,-9042.97225699523,-8225.23311478887,-8177.52116508767,-8174.18667034345,-8167.92056683078,-8167.88722525754,NA,NA,684.919185030447,258.327876414601,119.428304282982,5.13285753370859,5.64006294087244,NA,3,"test0_worse_conv",0,1,-8167.88722525754,3,"test0_worse_conv",36
37,"logit_random",-0.0955623159147192,-0.132512810394079,0.0123632854307601,0.0123659366331952,-0.0214918981530622,-0.212673936054776,0.150580335834143,-0.0667084082780907,0.0545170578642948,0.028261069752218,0.209489296977348,0.267676767603582,-0.303772140382771,0.0542763779702478,0.748473549483509,-0.306975198247838,-0.235485789635373,0.401012844439631,-0.318638972139654,-0.0066516061455314,-1.41161727702601,-0.242568225602417,-0.0546784312791665,-0.0105693830358777,-1.33771137370099,-0.55848426943002,-9379.88875379693,-8230.98217760072,-8185.55482558237,-8181.26607051035,NA,NA,NA,NA,1357.99434237846,332.274495375165,30.5198626216184,NA,NA,NA,0,"pruned_test1_too_close",56,1,-8181.11020644318,3,"test0_worse_conv",56
38,"logit_random",-0.117144662660394,-0.131880590416471,0.00934943884700559,0.118086885067817,-0.133629200670305,-0.151813995824716,0.135738238499772,-0.0202425646960674,0.0390524013350866,0.0107362024573438,0.118245396350373,-0.0849947313102848,-0.717506038577116,-0.4118582792463,0.577258504080028,-0.297818911901598,-0.444558183321162,-0.0566409689661519,0.0692649609906817,-0.160691360898919,-1.50925978744619,-0.33863842930815,0.0173936432092631,0.0585669630143295,-0.840970893247752,-0.781345347216398,-8977.99922793037,-8213.87975743477,-8158.97446704913,-8157.0045868643,NA,NA,NA,NA,574.139496267765,75.5972970498661,4.24608750260457,NA,NA,NA,0,"pruned_test1_too_close",76,1,-8156.97274631501,3,"test0_worse_conv",76
39,"logit_random",-0.120829268761915,0.00798396792634998,-0.0714841240034292,0.00616548657226373,-0.219357140441121,-0.10928427080252,0.0370143168398719,0.00165821071521474,0.0429005305745873,0.00977124004859519,0.221540894912941,0.158568324544161,0.0195347694698821,-0.238194207162013,-0.212659639044849,0.311326112768742,-0.169717444855616,-0.0169712245837795,0.0056167978389524,0.0133268300588127,-2.91650942893399,-3.17813503711924,-0.104496381948653,0.0545006181892226,-0.633150956729917,0.195676674130123,-9998.36574826308,-8765.40614043432,-8138.94945937322,-8127.81189737693,-8127.48190218062,-8127.48188847115,NA,NA,2602.92541600742,733.867164125979,131.072943723913,2.82732075632509,3.93593894005481,NA,3,"test0_worse_conv",0,1,-8127.48188847115,3,"test0_worse_conv",39
40,"logit_random",-0.0625422640340241,-0.0151706943921338,-0.0723428287419337,0.0664368655179645,-0.0812023060735832,0.124016202088228,0.00751504186615233,-0.0553272119288744,0.0544147987608193,-0.0147822049008975,0.113146819595954,0.19143870252602,-0.103746815566725,-0.15936968237816,0.934910451528614,-0.185494012831519,-0.549702817251128,0.285944598453712,-0.0127724927569562,-0.057220266832673,-1.34354239349039,-0.509357365370176,-0.0702370114890019,-0.034134098316058,-0.433400047509535,0.0813390012493757,-9599.86819808056,-8252.26842542246,-8173.31501704069,-8171.57696859047,-8171.57685518588,NA,NA,NA,1331.85146327559,203.038751662485,6.34044157020301,4.88647846028297,NA,NA,3,"test0_worse_conv",0,1,-8171.57685518588,3,"test0_worse_conv",40
41,"logit_random",-0.106629392782575,-0.145055042405235,-0.0900265314695144,0.0389303243784763,-0.0376484743754683,-0.0418146044293061,0.0743894007695441,-0.0685714058022101,-0.00520834689102114,0.0125959340924144,-0.0903417404140743,-0.194240260061809,-0.628742399370296,0.44849969808631,0.582804889760369,0.330529071073472,-0.443889352424599,-0.0427126427288695,-0.157034584129601,-0.0368304813435283,-2.8650081818791,-1.03626339970404,-0.0673441812628065,-0.0464051198484884,-0.162065962900119,0.813570826316861,-9173.76972791227,-8243.68392457347,-8163.43859477506,-8152.15362497047,-8152.00368225147,NA,NA,NA,857.603476238248,362.105999974539,7.26607054840414,3.33606229051891,NA,NA,3,"test0_worse_conv",0,1,-8152.00368225147,3,"test0_worse_conv",41
42,"logit_random",-0.0491807597714779,-0.112820314293846,0.0405937260658135,0.154900784714273,-0.0941360026208601,0.0731836624950694,-0.0645708966406863,0.0101709209686138,0.000354505094537948,-0.000496116028908505,0.198687067106746,0.115777473239589,0.0253986296906635,-0.0778368241359344,-0.0584504874286764,-0.230951198212813,-0.180768899345985,0.286909845285938,-0.133452385922411,0.155947632398072,-2.23951804919793,1.81314547197861,-0.0261960895738546,-0.0232700083729655,-1.01563421072371,-0.246589685972664,-9376.53459120808,-8177.40170596311,-8142.02844789515,-8141.44300651911,-8141.42315347241,NA,NA,NA,1265.7339244181,26.255495638022,5.67372369374555,9.59138259221652,NA,NA,3,"test0_worse_conv",0,1,-8141.42315347241,3,"test0_worse_conv",42
43,"logit_random",-0.0878284637654204,0.0149242899829607,-0.115343706639164,0.0148821945341823,-0.101376077237529,-0.0686245491647196,0.0269336791751951,-0.0285040914356917,0.00237287117665455,-0.00527746531908759,0.172109717540527,0.0849531339995485,-0.277159484300847,0.488634988235941,0.170451710837991,-0.656567669205324,-0.239311400110504,0.0629893546985313,-0.0501108566173821,-0.0702045488537037,-0.834253486444236,0.497381372951411,-0.0178873673636671,-0.000797986417596953,-0.319830702376155,-0.00835906929570373,-9014.98001631752,-8158.37377554943,-8143.88503125364,-8143.80628145364,NA,NA,NA,NA,481.287795026131,26.4200603368098,3.23277419603482,NA,NA,NA,3,"test0_worse_conv",0,1,-8143.80628145364,3,"test0_worse_conv",43
44,"logit_random",-0.0795700669041592,0.0627190643190436,-0.128532784646113,0.0334456973065861,-0.358153246862906,0.136842275658933,0.0769557954235227,-0.0198287487043933,0.0375740553504082,-0.0383077282863208,0.0707948985129554,-0.0485631678436287,-0.432349142628445,0.174949900791555,0.598828991562642,0.0868157225799296,-0.330932910333065,-0.0205025732321325,-0.0700045674809011,0.0485783997253238,-1.23564033809088,-0.334513347389329,-0.0509191219931884,0.0493797406092341,-0.276173451040416,-0.102072314928865,-9321.38780090111,-8282.02846465792,-8186.42702702798,-8185.86497669305,-8185.86494414394,NA,NA,NA,1614.68638221693,136.782425640077,7.63057104600602,11.7472807949612,NA,NA,3,"test0_worse_conv",0,1,-8185.86494414394,3,"test0_worse_conv",44
45,"logit_random",0.0142038564446635,0.139073265155002,-0.12854316509163,-0.0122605635009424,0.0728650420849489,-0.0517998556318649,0.179301838808444,0.0514622873956558,0.0297019076173547,0.0268987846072342,0.0162833862945948,-0.0830236475627515,0.111111704266295,0.0579912390762626,0.729312626061544,-0.0410549228536403,-0.42462978086857,-0.127283226981919,-0.242549515409518,-0.0404935198498035,-1.44646337122238,-0.919039786823883,-0.0232350398181868,-0.044700774648974,-0.54285975764668,-0.394680725363141,-9993.01161510693,-8250.16719456917,-8159.67125555448,-8157.14092213949,-8156.99539982914,NA,NA,NA,1070.50974563637,111.400172383307,16.6092380106148,1.91782744483505,NA,NA,3,"test0_worse_conv",0,1,-8156.99539982914,3,"test0_worse_conv",45
46,"logit_random",0.0588409619886122,-0.0409767207941557,0.119638296467227,0.102052765507982,0.0674404880223859,-0.0214723643787295,0.218722273155242,0.0529979134121838,0.0149242237229378,0.00833216065565799,0.173028184680076,-0.0934199131169,-0.627803713232192,0.328580877086814,1.0312861144243,-0.414657035169968,0.168261454140059,-0.0130924290566607,-0.0645289851710254,0.0675745638171611,-1.80691334861502,-0.385198512561195,-0.0986011129673244,0.111670225322054,-0.247998803251632,0.482404582580814,-13229.3919627494,-9711.11279323932,-8200.78325098359,-8167.56642492659,NA,NA,NA,NA,1133.37130610297,561.633697146833,62.340673407509,NA,NA,NA,0,"pruned_test1_too_close",5,1,-8167.27442755396,3,"test0_worse_conv",85
47,"logit_random",-0.0610671507781778,0.0695656349416587,0.0262250489190982,-0.106126332829444,-0.412235636143428,0.0561000327791119,-0.0294666978274008,-0.132911189181129,0.0149096432092253,0.00180344613482461,0.267925852054896,-0.275522351278205,-0.097935167343608,-0.00757358444918058,-0.106221439219523,-0.620536503173803,0.132267003814817,0.337312868511917,-0.159593972048119,0.0439739546369483,0.374647132579056,-0.313538388410677,0.00683312083922284,-0.0744709211302164,-0.187061262430283,-0.454407029552284,-11114.9794887397,-8244.49587884672,-8101.14529950112,-8100.44626397827,-8100.44618407003,-8100.44618407003,-8100.44618407003,NA,1195.11986716596,19.225324978535,3.10674740103417,2.63688797362918,NA,NA,1,"best",0,1,-8100.44618407003,1,"best",47
48,"logit_random",0.0495826550866543,-0.108110755100427,-0.12811987391187,-0.028681863321854,-0.263711882018282,0.070587381883874,0.0408838339038371,0.0693755738334457,0.0441152290415236,0.0104572446958182,0.19380246011652,-0.198509342111307,0.0395714120603171,-0.0765943590779815,0.145339781821208,-0.83654584316381,-0.18460055936111,0.200782783306031,-0.0189524957225955,0.279239245650538,0.104193726570081,-2.62199605338868,-0.144509227358712,-0.00897152895163746,-0.575712067210631,-0.220822148445843,-9986.6263327362,-8243.93075971576,-8133.51138788634,-8132.43105365161,NA,NA,NA,NA,1593.06640003819,88.8655582617864,1.7292439506739,NA,NA,NA,4,"dup_best_test0_conv",22,1,-8132.42855212793,3,"test0_worse_conv",22
49,"logit_random",-0.0812301822235289,0.0554721193417252,-0.00347566853565023,0.0807439303564604,-0.236200097159302,0.0279375926730911,0.0709008821425895,-0.068006940580847,0.00594558740476959,-0.0114592306410902,-0.0165708632256365,-0.152446330218679,-0.293513266071317,-0.250908487908795,0.0412010139240994,-0.159764625380188,0.0420457861352428,0.0916933838877265,-0.106295816903649,0.116400746209035,0.308986896829603,0.185871531803358,0.0587433076788551,-0.0118349000639014,-0.829808430367245,0.38769983582445,-10287.6901629567,-8411.18876776549,-8200.8643619944,-8186.03908713076,-8186.01081506108,NA,NA,NA,1622.66067959992,1024.87445271411,13.727029763823,1.4916964121215,NA,NA,3,"test0_worse_conv",0,1,-8186.01081506108,3,"test0_worse_conv",49
50,"logit_random",-0.030114345262182,-0.0346608736238694,-0.0687316328599923,-0.0614065857046933,-0.319479451064626,0.163408361091752,0.110643210797856,0.019066704558004,0.0446461388195189,-0.0187153301986285,0.11605643951633,-0.130202929441876,-0.0885085418182157,0.0642696885679022,0.508419673761072,-0.674586139256537,-0.845346864274374,0.139522091582724,-0.201840469166887,0.104070936011643,-0.908184114849118,0.704394111561062,-0.0352727800265757,0.115666916288669,-0.470218980237103,-0.0498863460553601,-9553.84446713659,-8420.52281469076,-8166.92232351999,-8160.37518281072,NA,NA,NA,NA,1994.22025363745,717.336464074649,34.1540994928247,NA,NA,NA,0,"pruned_test1_too_close",52,1,-8160.21713830882,3,"test0_worse_conv",52
51,"logit_random",-0.13119658507087,0.00421217555723351,-0.234944484073582,-0.0556351142579164,-0.221986282455005,-0.066037037729882,-0.0371538022867935,0.196263651973837,0.0273186124377221,0.022746646073603,0.125332040073134,0.00946164537540919,-0.44953194635384,-0.122229358140752,0.0131369799076758,0.158643561374363,-0.422190504995596,-0.285106480247616,-0.265459931864145,0.180435075259935,-0.727102066007564,0.614361440233106,-0.0654717015706071,0.101333357421005,-0.589050776878344,-0.762357463674654,-10329.0830760984,-8233.44622900541,-8159.54118946223,-8149.02815936541,NA,NA,NA,NA,1974.64277087189,508.279112631386,86.6082391838792,NA,NA,NA,0,"pruned_test1_too_close",33,1,-8148.84401686697,3,"test0_worse_conv",33
52,"logit_random",-0.0451482510161962,-0.0305829888171182,-0.113098329229384,-0.139833332328837,-0.438508170067387,0.240281425957702,0.134537519963733,0.187559833188235,0.0319155382074403,0.0029006204572674,0.14879973296495,-0.150078275096321,-0.451015803230962,0.371715166733156,0.169229857970693,-0.0810629271370017,-0.319441795300661,-0.219731627077161,-0.0794414982641161,0.0928818503857419,-1.06251025404736,0.416489569123563,-0.071545161502769,0.00423387073125249,0.0722376314547937,0.46663787587445,-9588.82288088438,-8277.75384833292,-8162.74599677225,-8160.24452109528,-8160.21713830882,NA,NA,NA,2009.83020261006,205.137578968449,3.60017855796623,3.68318242355444,NA,NA,3,"test0_worse_conv",0,1,-8160.21713830882,3,"test0_worse_conv",52
53,"logit_random",0.0951374080220994,0.043603192884084,-0.2321234069777,-0.00445443718904885,0.0175228399723579,-0.0294906015288667,0.0620624796749918,0.0537413507723265,-0.00128280044241206,0.0122622742720853,0.177623841293087,-0.0375093345935764,0.0819794750512663,0.136581675878844,0.988811027264526,-0.43116391387042,-0.32437894786845,-0.0254093146588944,-0.180207712144702,0.0763032351575751,-0.692047082042128,1.00721750308473,-0.0327338077312638,0.0270090870732068,-0.00951212378399158,0.195842708677541,-14236.7633283913,-10141.9191597838,-8166.9309800603,-8154.26645047157,-8154.19080940347,NA,NA,NA,1671.55820060103,485.181912815308,6.71534090903478,5.36403786190971,NA,NA,3,"test0_worse_conv",0,1,-8154.19080940347,3,"test0_worse_conv",53
54,"logit_random",-0.0297027235710127,-0.0290219366193813,-0.0514108012319648,0.033726032681905,-0.0558165979527955,-0.0263938716718387,0.0953156922806046,0.00302710652673539,0.0133245513050086,-0.00209259511041882,0.321317453745723,-0.161380396548233,-0.384927086921574,0.0257591913230595,0.659524291404326,0.340137359776936,-0.299304113732922,0.121383742514701,0.0184521111912023,-0.0240196277975364,0.674663561144377,-0.573531820517365,-0.0886504658978864,0.0602556413601331,-0.167255777444105,-0.138022486207753,-10569.550407983,-8387.45979973481,-8155.52946589944,-8148.2975226758,-8148.15777781231,NA,NA,NA,2176.82798929498,908.498047454779,103.537914652385,2.28451787888747,NA,NA,3,"test0_worse_conv",0,1,-8148.15777781231,3,"test0_worse_conv",54
55,"logit_random",-0.0678899546876512,-0.0190073005616736,-0.221055190348731,-0.169935169610472,0.287678340259661,0.201411353521302,-0.043687976161658,0.105250304476186,0.0307828719445795,-0.0244884504887239,0.235653219138942,0.0986713070798556,-0.206881578052361,0.203115785750891,0.635839627043467,-0.500493439277771,-0.551355006087286,-0.0822409726512616,-0.150667086589243,0.11360267735136,0.408781058335041,-0.0735057392686949,-0.0937394980822552,-0.106856180056507,-0.89290246000615,0.36172006043617,-11511.9584144163,-8671.74166026903,-8181.45269536356,-8167.54437397375,NA,NA,NA,NA,2164.65409248459,240.865853182333,53.809273707713,NA,NA,NA,0,"pruned_test1_too_close",5,1,-8167.27442755396,3,"test0_worse_conv",85
56,"logit_random",-0.120760360960266,-0.0868013087531195,0.0507299528975624,-0.0246662591999244,-0.0324704457108779,0.0768864761821224,-0.0979323928599604,-0.126076346813688,-0.0131636914636024,-0.00469073644048495,0.250486489299583,0.125571469934128,-0.274980848684764,0.0821737267350722,0.578289683152625,-0.209101604386252,-0.443141566000137,0.131762168228773,0.0100120712169878,0.117675886002152,-1.00261316334366,-0.130580338325361,-0.0212492862240545,0.0388942469696383,-0.482255145485066,0.0975708045200248,-9300.91724453783,-8261.94464929377,-8184.66037543371,-8181.17375626091,-8181.11020644318,NA,NA,NA,807.671567690918,338.534007034697,32.8659108443963,2.31057230918206,NA,NA,3,"test0_worse_conv",0,1,-8181.11020644318,3,"test0_worse_conv",56
57,"logit_random",0.0162550664315046,0.112808354784333,-0.227068666125757,-0.0164703257331893,-0.0284314617640035,0.0919974897794703,0.000395887138336853,0.00809326989586516,-0.00408115912844056,0.0472862238963576,0.160543984240258,-0.0314822456128655,-0.4250318767121,-0.238914004605548,-0.0508145632708134,-0.0823771704088459,-0.613606570025669,-0.545666877032192,-0.0914675952085782,0.116572033681691,-0.542293616229071,-0.0789915182488836,-0.0582880923502401,-0.0204848698590007,-0.734900205425449,0.013787699660255,-10073.5625352432,-8351.72070301558,-8141.47537795839,-8139.42927206221,-8139.42925284399,NA,NA,NA,5380.64163406607,74.864270211647,7.75983516989634,13.2422522074232,NA,NA,4,"dup_best_test0_conv",25,1,-8139.42167057282,3,"test0_worse_conv",25
58,"logit_random",-0.156707270786331,-0.0216048791970267,-0.184859194088701,-0.0978600178406673,-0.18166489829168,0.486396996813324,0.116021338620089,-0.11197099408901,0.0254709750060882,-0.0161881748064447,0.0262930804376077,0.0993785715190454,-0.29011770610786,-0.0474240739616106,0.742931095216619,0.405581463222863,-0.699749027632506,-0.528209991977067,-0.00233422156540128,-0.0860945950776288,0.207752002854409,0.0327061538766533,-0.0165969472734406,-0.0223132213350575,-0.00814058423552977,0.533716257090493,-11157.7146498378,-8931.15272851965,-8181.25771899666,-8161.62099111127,-8160.7640890649,NA,NA,NA,1972.34373551656,799.028559052154,165.068700776569,19.4200897459318,NA,NA,0,"pruned_test1_too_close",90,1,-8160.74038885709,3,"test0_worse_conv",90
59,"logit_random",-0.0878012869023903,-0.121266566073618,-0.156942509540834,0.0501745599202376,-0.115925755462035,-0.0206633432432901,0.0554676930038581,-0.175124973527429,0.00482180280281832,0.013473140725331,0.0721014032817339,-0.180886650255063,-0.231265653829595,0.158314152434268,0.51199344215821,-0.185760169832148,0.0147306863338888,0.0395092949113939,-0.317402214818886,0.116669834358458,-0.869253127753783,-1.84941947233616,0.0386450614181345,-0.0267740314493883,-0.820106609814535,-0.1356879346868,-8952.81324748333,-8182.91829999312,-8158.45477852837,-8158.36545924585,NA,NA,NA,NA,578.371852043794,6.69249797360052,2.77600040712273,NA,NA,NA,3,"test0_worse_conv",0,1,-8158.36545924585,3,"test0_worse_conv",59
60,"logit_random",-0.00125909807568382,0.0870297786507504,0.0831312273180452,-0.0141524937006555,-0.226742048072735,0.138102241370619,-0.0283273284670342,0.037810690621857,-0.00203526540465635,0.00686350031679372,0.19272352432408,-0.111861618822287,-0.32505757876669,-0.0575741906507764,0.082128411494541,-0.735515341229821,-0.0110274180567676,0.143934386192359,-0.137825417326331,0.0988497641245706,-1.60510828695294,0.890667340150619,-0.035832481701651,-0.067968772002906,0.100121686214614,0.00768418889598456,-9546.60403143056,-8162.89549661555,-8125.71801879142,-8125.3165218631,-8125.31648024613,NA,NA,NA,896.97898825681,25.6647440172205,2.80259026550907,11.8465712876042,NA,NA,3,"test0_worse_conv",0,1,-8125.31648024613,3,"test0_worse_conv",60
61,"logit_random",0.078544455285972,0.0230126223581387,-0.170834759534276,-0.00428066158240589,-0.179461958226046,0.062202422539695,0.149086249398851,-0.0064172407447035,0.0306731308342962,0.00410433160112343,0.115927005091739,-0.0216628716739336,-0.377971327506062,0.385257771326852,0.407140917238108,0.210581741877805,-0.304786364333561,-0.151869876131457,-0.0318477665131913,0.0425046067772111,-0.310752066938061,1.07147448082423,0.0119664779789307,-0.0754853953965503,-0.157087116458925,-0.00741060328337638,-15332.0735710982,-10524.8931306138,-8156.83192488041,-8150.13218761716,-8149.99527957953,-8149.99465145329,NA,NA,609.077883256992,226.855095927519,37.5122257744225,11.3826432167306,2.13336001495564,NA,3,"test0_worse_conv",0,1,-8149.99465145329,3,"test0_worse_conv",61
62,"logit_random",-0.0639462030211476,0.192347134684911,-0.100772776323095,-0.132777610413316,-0.187656460472101,0.127742660444565,-0.0425161063141982,0.0377865449916527,0.0281399592864987,-0.0110293937583441,0.204012035187942,0.0958488836498741,-0.279368139117408,-0.432621924669547,0.719050148809575,0.477251031030868,-0.29972050463718,-0.0173673987102045,-0.100614801544827,0.0103413648832613,-3.21178496887257,1.89975584205853,-0.00785653245376561,0.0106153974698024,-0.538391522300501,0.0970012639445572,-8872.6586293503,-8141.22270838647,-8115.76874763879,NA,NA,NA,NA,NA,459.596077725431,97.1771472490627,NA,NA,NA,NA,0,"pruned_test1_too_close",70,1,-8115.18295063783,3,"test0_worse_conv",70
63,"logit_random",-0.117774570737232,0.0065905925515438,-0.153074746966799,-0.105943036446826,-0.188112702458932,-0.00810974625345494,0.0703467411801898,0.0574979065821668,0.0129712016957159,0.0271844948369933,0.151797827838528,0.112838437848513,-0.354003962432732,0.269935140347329,0.223742882185066,-0.586741505068718,-0.282597790192365,0.425616229407373,-0.0576312631287721,-0.114201104227396,0.876872774288741,-1.14722865611505,-0.0757253475330283,-0.0965599486227943,-0.479700342869002,-0.148386784761278,-10231.033407541,-8256.68551848466,-8189.1273404564,NA,NA,NA,NA,NA,1792.80481856984,31.0099808109022,NA,NA,NA,NA,0,"pruned_test1_too_close",2,1,-8188.82757155695,3,"test0_worse_conv",2
64,"logit_random",-0.0444946370639717,0.0866174408953681,-0.0953729985047757,-0.0220237245195334,-0.230859237996752,-0.0885142122753632,0.0780231612118958,0.0460261345864381,0.0145863975787228,0.0118191590369638,-0.0135592862660417,-0.15217086052496,-0.120807041057365,0.42245892225495,0.134022247740306,-0.130442939662612,0.134842305029869,0.314014819431536,0.0482683598000506,0.0563300350137817,-3.31530825505226,1.31008462573693,-0.0410076421327267,-0.0453212716040768,0.492185217159425,-0.655739897475032,-9685.85332420985,-8163.42143438555,-8143.92259485217,NA,NA,NA,NA,NA,298.97551984971,26.7071062619966,NA,NA,NA,NA,0,"pruned_test1_too_close",43,1,-8143.80628145364,3,"test0_worse_conv",43
65,"logit_random",-0.124062381584777,0.0454751040192607,-0.0833308602850553,-0.0327555823464513,-0.31372913769728,-0.0781421759784236,0.0015608932163535,0.00424720813645747,0.00220447929333228,-0.00332003984909228,0.0594500753913385,0.183185835818073,-0.577378480362893,0.528565442880537,0.0459234522453029,0.19025554780013,0.0351851241908756,-0.104210824925408,-0.0839969266662958,0.117857214799049,-1.5841551623602,-0.93039124986257,-0.0446196594401864,0.0498740970400645,-0.197046626066172,0.578579152634324,-9207.61307888131,-8300.61968232181,-8190.77726175483,-8189.71689777743,-8189.70144067856,NA,NA,NA,1240.05029386369,253.675309659787,4.25808212514593,7.5561376585437,NA,NA,3,"test0_worse_conv",0,1,-8189.70144067856,3,"test0_worse_conv",65
66,"logit_random",-0.0521536767707935,-0.0264982509047542,-0.142207211605988,-0.128525799222298,-0.193752820895701,-0.0356301955388727,0.00237730190767915,-0.0263009326181311,0.0263250658793517,-0.0112888205183458,0.0337525074775859,0.0549418763628741,-0.175269255861223,0.198275049826854,-0.0661478426012703,0.0731396226537959,0.333091032244258,0.512016976804686,-0.0797021996960402,-0.0884893802161361,-1.75201206672679,0.941050843369146,-0.167364648999565,-0.138081683552096,-0.571769100392034,-0.138423431917941,-9543.1691918565,-8321.63697589531,-8157.63082886124,-8152.71619387782,-8152.61950672662,-8152.61940062085,NA,NA,1521.89418820713,300.936242450366,13.7960250827432,0.803460706553294,4.05430773775237,NA,3,"test0_worse_conv",0,1,-8152.61940062085,3,"test0_worse_conv",66
67,"logit_random",-0.0559987425914325,0.0683559796552303,-0.135840970531678,0.0231189040606651,-0.322234567812949,-0.0774542759105053,0.14444731407161,-0.124704355992593,0.00708429123514011,-0.0255574884494679,0.0782395111115234,-0.00596550772477118,0.13806568816416,0.163972999158197,0.445530190751507,0.212981786599458,-0.347669386692681,-0.628475236435715,-0.137267952392623,-0.00543609587175878,1.09172167697353,-0.266759012324503,-0.0225217720256295,0.0563611371137445,-0.649832237008966,0.0731172749418553,-11508.237332654,-8400.79303611352,-8174.32580776871,-8171.41858539541,-8171.37618843686,NA,NA,NA,1912.21598673438,284.225209032047,4.8191084962457,4.63025384534255,NA,NA,3,"test0_worse_conv",0,1,-8171.37618843686,3,"test0_worse_conv",67
68,"logit_random",-0.0886172477540002,-0.0732333714774815,-0.173478275257825,0.141241510565418,0.0546620112718506,0.0508512595540399,0.175413272968506,0.0561790989551948,0.0310596435197075,0.00458809950524261,0.0869158851978344,-0.0404829927793354,0.0906447105969137,0.0215578146609633,0.157564727581651,0.215987029802331,-0.140499239837155,-0.284705349639297,-0.0950006232901734,0.0803024874735495,-2.26575313928505,-0.666284660966787,-0.0855765938680274,-0.0673297142330076,-0.874531192971213,0.252133555753242,-9628.99464971359,-8242.48147860754,-8144.06351056533,-8143.54310975578,-8143.54299826497,NA,NA,NA,1843.4429502809,131.727312009527,2.0084684253294,5.82754408873876,NA,NA,3,"test0_worse_conv",0,1,-8143.54299826497,3,"test0_worse_conv",68
69,"logit_random",-0.00620841089150316,-0.0104038614473993,0.0305881470097845,0.0188992163171287,-0.245068169844858,0.12011027988895,0.154704977344293,-0.00637135151177009,0.00840330440213675,0.0114786069166215,0.199390787104005,0.106893162164104,0.016310492162762,0.255710484043416,-0.42956887263355,0.345117311960711,-0.181054430155871,-0.295082411423304,-0.139471318521799,-0.0942105010345216,-0.665197746858423,2.74599913424046,-0.167404149439467,-0.00922082986160186,0.0492164603534526,0.193146908201106,-11517.8559052479,-9290.23087271608,-8169.5424649423,-8153.79235143625,-8152.63163756664,NA,NA,NA,1654.98271325918,718.041783228723,107.454236937216,7.70540127334233,NA,NA,0,"pruned_test1_too_close",66,1,-8152.61940062085,3,"test0_worse_conv",66
70,"logit_random",-0.00534582148097024,0.103994699647092,-0.0755197606907802,0.024298342465158,-0.205253861995958,0.165991969866489,0.120218090117205,0.0229038807393399,0.00400498831762415,0.000674957537317473,0.0995682583929715,-0.282820188079931,-0.229920650293076,-0.0988371430684786,0.515246135654088,0.220166183721652,0.000804908985229669,0.199027342178967,0.0615437399835376,-0.12991232900607,1.48423181159509,2.69099126022116,-0.0447280471105128,0.0899937868235644,0.160215528034101,-0.494591500733511,-9618.93675035234,-8142.78813089488,-8115.39114032979,-8115.18297889365,-8115.18295063783,NA,NA,NA,528.192555583186,25.8036110271662,1.71719493041392,2.05758829899111,NA,NA,3,"test0_worse_conv",0,1,-8115.18295063783,3,"test0_worse_conv",70
71,"logit_random",-0.102634540753975,-0.0778891218650225,-0.123308509544884,-0.130807642332121,-0.171542692689221,-0.134301698178309,0.0480400404098458,0.150449967915781,0.0226519869763816,0.00617485524949379,0.0186314678067822,-0.0602488917666451,-0.457326913536418,-0.161529327539026,0.640588264836894,-0.139718730021916,-0.141370886417943,0.172210580714858,-0.0401240428765213,-0.185138472685342,-0.996335028643578,0.351324346391014,-0.0468126960046689,-0.0657654100831174,-0.348504178449536,-0.684363603396349,-8900.75189053347,-8222.44758192019,-8129.28579191419,-8128.38362157214,-8128.36996782706,NA,NA,NA,1732.92544586019,118.864688592177,30.8489025241659,1.9682671647097,NA,NA,3,"test0_worse_conv",0,1,-8128.36996782706,3,"test0_worse_conv",71
72,"logit_random",-0.0290073637052329,-0.0613425957885427,0.0144032956984699,-0.0181334407819748,-0.127080314496849,0.0528920711507199,0.191109778049105,0.00973567508966251,0.0093810208982946,0.00647644613659168,0.112260134665412,0.093991416887711,-0.195873280613663,-0.221891079847322,0.450747514570361,-0.0340975333061943,-0.275640619049075,0.268456667431819,-0.279494811277607,0.0389129722783885,-0.477801786204035,1.04785615771365,-0.0745544295260435,0.0420474993305117,-0.652390325316303,-0.105085851045912,-9240.53618377675,-8191.38004022761,-8183.8034773232,-8180.09999871024,-8180.07698285498,NA,NA,NA,269.85236823861,91.7857405372286,20.5018366403165,3.64146536573521,NA,NA,3,"test0_worse_conv",0,1,-8180.07698285498,3,"test0_worse_conv",72
73,"logit_random",-0.184190759586547,-0.0455719272105247,-0.0727211980954112,0.0831704771148303,-0.193482864145798,0.0115516837892404,0.155698186904024,-0.127626109067589,0.0049153273875976,-0.00202724694726106,0.113703920402336,0.00292710075582503,0.0908396634755252,0.0669115144879384,0.248909783654437,0.0316689459315194,-0.370987154804053,-0.169494291523576,-0.0477073037023382,-0.0698017878056104,-1.5251177222048,1.74428050700021,-0.102304547857087,0.00753885404008121,-0.664724684167344,0.252413734432915,-9831.62481938608,-8957.98939905256,-8122.87143867038,-8118.95956299342,-8118.93817369786,NA,NA,NA,1721.93004957737,296.954657665273,4.74979720522879,0.892340045085569,NA,NA,3,"test0_worse_conv",0,1,-8118.93817369786,3,"test0_worse_conv",73
74,"logit_random",-0.169217543931384,-0.161919332546282,-0.132287310603955,-0.0714943323287375,-0.0646596666094212,0.290953303732512,0.0698851378097846,-0.0428075120778006,0.0623268206072198,-0.021768749553981,0.0348635860285191,-0.100182941300774,-0.181995774949908,0.0930919088664986,-0.099461854198837,-0.403165970369463,-0.0080897381264628,0.452785145053312,-0.0217430614859375,-0.119474247178538,-0.872074665706522,-1.5616820204221,-0.0744015298881792,0.171158266376576,-0.752168669626337,-0.157716320842034,-9265.22159535171,-8236.79505493062,-8189.57629446477,-8188.83694727518,NA,NA,NA,NA,1288.84990290243,83.465706667035,3.17054633225352,NA,NA,NA,0,"pruned_test1_too_close",2,1,-8188.82757155695,3,"test0_worse_conv",2
75,"logit_random",-0.284972691942718,-0.0771646344974268,0.0280256087893656,0.108037021975491,-0.212615310169559,0.0487013388521838,0.0910582026523159,0.0168303212672144,0.0345581911225652,-0.0112361005795983,0.089870623017072,0.0690643070806747,-0.153810292167589,-0.485460907617248,0.290762709364589,-0.151785447812181,-0.185258292377053,-0.0962258845725453,-0.265340731837902,-0.0855500333704257,-1.72249042136735,0.363101028891787,0.0230314338630194,0.059662193634583,-0.618914515972713,-0.470530840435011,-10762.4298511986,-9250.51888893175,-8226.01160530873,-8204.77244038673,-8204.45371225822,-8204.45359891278,NA,NA,1451.56652820101,880.294712446034,40.6920861503013,5.8544241323748,10.3443572212898,NA,3,"test0_worse_conv",0,1,-8204.45359891278,3,"test0_worse_conv",75
76,"logit_random",-0.0557554374843205,-0.0638845190171944,0.0949045950345937,-0.0590251669662113,-0.236449545725668,-0.12012891700383,0.126685841171205,0.0165208282127792,0.0379613972424332,-0.0214618740368194,0.06716048734707,-0.233265980724576,-0.595156243875579,-0.185230235144505,0.677247722194711,-0.498177894669665,-0.56665022706023,-0.00827548382597584,0.0359496642551602,0.00452952025528139,-0.770243000565884,-1.26466970078536,-0.0844392375501063,-0.0163019333854568,-0.590567320567832,0.379276893313654,-9192.84468651602,-8173.68014095972,-8157.16109408912,-8156.97274631501,NA,NA,NA,NA,230.5327138564,24.0945243073391,3.51306818134866,NA,NA,NA,3,"test0_worse_conv",0,1,-8156.97274631501,3,"test0_worse_conv",76
77,"logit_random",-0.0900121828158626,0.0330202746039499,-0.13030360378028,-0.010081519910283,-0.256919871325487,0.25060993862096,0.0563684086547538,0.0416790081223761,0.052495638106161,0.00727005492350389,0.195919654279539,0.0295606689710094,-0.316678897038154,-0.291623377771468,0.364796454517831,0.481915025765532,0.0436335276823443,-0.0801868355156038,0.122120389076693,-0.0229048984759238,-2.48841932864054,0.553502952638967,-0.16175176363843,-0.0584316688340261,0.231160391850708,0.0564637523616361,-9367.04120274985,-8135.43136400334,-8123.47124432551,-8123.24308015755,-8123.24307080019,NA,NA,NA,751.961101955498,10.9225049009675,0.52898657088616,1.58895291369962,NA,NA,3,"test0_worse_conv",0,1,-8123.24307080019,3,"test0_worse_conv",77
78,"logit_random",-0.22648933055259,0.121259805967769,-0.065881008711003,-0.0634001605730684,0.00237538456318011,-0.120879558592092,0.0890620663644298,-0.127296153545886,0.0286793867166923,-0.0182429939528101,0.351047216047896,0.115236971671281,0.0946668201660084,0.141538247766646,0.597612388800776,0.301830507052562,-0.203389145485511,0.717655475590396,-0.133374180785879,-0.0422610419809775,-0.706909786699629,-0.570455663025016,-0.0741135908960491,-0.0110287858233781,0.34610931750171,0.255159719164928,-9643.8631959127,-8192.217925079,-8149.0230595005,-8148.84304022723,NA,NA,NA,NA,921.871824982405,25.9854258693286,7.93244315076391,NA,NA,NA,3,"test0_worse_conv",0,1,-8148.84304022723,3,"test0_worse_conv",78
79,"logit_random",-0.043767499183986,0.000886139041768034,-0.0979357358884444,-0.0796950957050994,-0.166319932060408,-0.09492171701393,0.0363593148897723,-0.0133401658588126,0.00180145350272816,-0.0303605372031222,0.199338712101625,0.113328731561109,-0.402285609145194,0.229729000180751,-0.103773485466408,0.35197281814119,-0.423042248559178,-0.076471769920024,-0.0550722562849453,-0.0249679747029687,-0.825773735450845,-2.14915169629914,-0.0432697794537414,0.0170206551550856,-0.596350770902756,0.707401401337804,-9433.71850957502,-8235.74056838232,-8197.61473019003,-8197.17376663709,NA,NA,NA,NA,1035.59699146161,25.7816107435697,3.50687888402535,NA,NA,NA,3,"test0_worse_conv",0,1,-8197.17376663709,3,"test0_worse_conv",79
80,"logit_random",-0.108205960949523,-0.00427929812041162,-0.152268191975273,0.0551308059854812,-0.117709042749432,-0.198627621548285,0.0618715205943597,0.00849856451768439,0.0236690392856825,0.00446250414609751,-0.0681867619776528,-0.134256984084096,-0.226894089275234,-0.046993275494953,0.355146559301043,-0.41831266212021,-0.17487067041778,-0.103167102797333,-0.160578185577168,-0.091085663488073,-1.20379759909539,-0.530819013016475,-0.0404179573715456,-0.004057015231408,0.182259716481646,-0.0650371722624439,-9535.02210573667,-8246.30328673648,-8167.97380623772,-8164.35797411339,NA,NA,NA,NA,2490.50874081513,144.561762811656,8.95086724409505,NA,NA,NA,0,"pruned_test1_too_close",94,1,-8164.34620690625,3,"test0_worse_conv",94
81,"logit_random",0.054161950114633,-0.011806933801092,-0.14703330944186,0.0247919344259931,-0.0982544860347494,-0.0301969439234529,0.204218298568668,-0.0357855276626743,0.0209906318458802,-0.0194611747631263,0.190490017122946,-0.224458339077651,0.00268434701032969,0.460055941668,0.0888959042817721,0.470741031851833,-1.00913429055228,-0.187394451989136,-0.281612674051312,0.0183781291184296,-1.19422798123575,1.30493006030563,-0.0686639153510826,-0.0257694503737837,-0.291136377291639,-0.00847205665261645,-14712.8750290445,-10247.010064904,-8418.91746831701,-8138.98401623052,-8130.20371271756,NA,NA,NA,933.518117201986,1376.16011196035,186.775885798325,12.8746258588452,NA,NA,0,"pruned_test1_too_close",18,1,-8129.95366982798,3,"test0_worse_conv",18
82,"logit_random",-0.18777281686449,-0.0323520231771172,-0.0855474272828612,0.0316691213602045,-0.112413350977176,-0.206266780502169,0.10280144971307,-0.0219014887708974,0.0301393166472617,0.00787160346595096,0.417333192489778,0.185839784140144,-0.208883878384627,-0.216148346763693,0.573174427115265,0.109410983757259,0.206138804052974,-0.217837376494911,-0.0936919961379669,-0.105611596660241,0.937845623996843,0.256189912423873,-0.00889622378085914,0.0220999599299113,-0.817706882158331,-0.0212438382590044,-12729.9318017848,-9590.49415476375,-8119.71133801542,-8111.83639489441,NA,NA,NA,NA,1608.31644155178,260.844503393214,17.9883245389279,NA,NA,NA,0,"pruned_test1_too_close",17,1,-8111.4627346939,3,"test0_worse_conv",17
83,"logit_random",-0.0236327272098651,-0.0329162968970467,0.0145502835019592,0.00619937980393773,-0.094984598571044,0.110929492055405,0.0343476927236584,-0.0218089738983809,0.00592277831725514,0.00324057636207092,0.236630781486851,-0.0333587698878997,-0.0537729831792478,-0.195698169964151,-0.384960988493649,-0.674401222852717,-0.881258085088389,-0.451628402686932,-0.197627607705526,-0.0136117733936992,-0.119698248800626,-0.864470871347514,-0.0187720820869193,-0.000605626311115829,-0.137338570000001,0.503240362484159,-9998.80615055019,-8513.61027578049,-8164.40947842562,-8157.42210026976,NA,NA,NA,NA,2170.51242751114,219.535138940413,54.7619507334465,NA,NA,NA,0,"pruned_test1_too_close",16,1,-8157.36665138262,3,"test0_worse_conv",16
84,"logit_random",0.0122374118387791,0.0720930014928528,-0.15020753504703,-0.0251424292340565,-0.124913307630721,0.114069544258066,0.0806510675631527,-0.102583464722651,0.031904341696279,-0.0167179454491525,0.409040877222368,-0.137921718907803,-0.112736508063103,-0.253984142277486,0.597070447185632,-0.242654127456255,-0.015201604878838,-0.0847148565908164,-0.0445326219667966,-0.169604228351742,-0.929443445406485,-0.608383760568762,-0.06108658673013,0.000313613936230689,-0.50868066528719,-0.139643629609215,-9471.00215401154,-8320.22614414703,-8126.96217195167,-8125.55512705905,-8125.50104454849,-8125.50095290934,NA,NA,2212.63363137684,111.826983940129,22.8482700572697,6.89192385545702,3.58082564759111,NA,3,"test0_worse_conv",0,1,-8125.50095290934,3,"test0_worse_conv",84
85,"logit_random",-0.0776815178224438,-0.000175917501881836,0.00887643379515644,-0.00232022110631235,-0.0141785951579226,-0.12577866315091,0.0539952625733978,-0.0694039879973249,0.0201214294329737,0.00128017527909248,0.337681260405713,-0.0301722474106188,0.0709948236515638,0.268099248645543,-0.146373694980653,-0.00892103919112857,-0.196401183922053,0.0340212922096807,-0.0150019946657693,-0.0249341756003363,-2.66009717182129,-1.48389752058999,-0.000505488220264576,0.027846551973265,-0.859879464529974,0.0797588395545887,-9998.48218968122,-8217.31539572087,-8167.73317902642,-8167.28456552668,-8167.27442755396,NA,NA,NA,1743.49231550463,35.4334690322801,4.04337262077406,2.02586576451363,NA,NA,3,"test0_worse_conv",0,1,-8167.27442755396,3,"test0_worse_conv",85
86,"logit_random",-0.150795225237859,-0.0486931825042746,-0.0865955311363353,-0.0224622911010652,-0.0655851829955167,-0.0501236133181955,0.0319318729556831,-0.180983755564642,0.041371461416983,0.0172287153863039,0.257771730501692,0.13006411979177,-0.571943608985157,0.125931444319401,-0.0381475058707759,0.0811987910222898,-0.0946785898956043,-0.234690562071304,-0.0132062705709509,-0.0389572835956277,-2.80673746876772,0.297615600440209,-0.0773586720889979,-0.102540447030496,-0.394745643162524,0.0663082863538887,-10104.4522597958,-8651.99935894823,-8161.64638525735,-8156.83849775279,-8156.83735129529,NA,NA,NA,2347.47056350487,127.698222467979,3.80240074095484,6.02336310156939,NA,NA,3,"test0_worse_conv",0,1,-8156.83735129529,3,"test0_worse_conv",86
87,"logit_random",-0.0353913492345429,0.0235622096088778,-0.0911770404005986,-0.0229431186950286,-0.244213315090594,0.0624354600925166,0.126391408858712,-0.123816950264167,0.0157560516490345,2.34225994692067e-05,0.234575035919912,0.193274232342259,-0.490727029498718,0.142871801560974,-0.0401130676352371,-0.170784810421194,-0.58202307731964,0.216475897844761,-0.143296364895491,0.0354083911309497,-1.57744328706522,0.0965279074044404,-0.0970056449742966,0.000431211726230715,0.0800255262768156,-0.187921839828201,-9975.44647234986,-8561.72626170497,-8199.89792631189,-8195.09447245893,-8194.96048564557,-8194.96048029501,NA,NA,2254.99273074384,235.611106621592,23.6025190000107,0.759885752363467,0.669053905981607,NA,3,"test0_worse_conv",0,1,-8194.96048029501,3,"test0_worse_conv",87
88,"logit_random",-0.00787137574504203,0.0657958998255164,-0.052492054338166,0.013103857675019,-0.045533308287107,-0.0439070337038764,0.12980454504232,0.0177355287427644,0.0687674527458952,-0.00717482923208533,0.0101581690481267,-0.0535297677723599,-0.563458492161926,-0.432555040959214,0.651884286312722,-0.0421972970086704,0.306988408461348,-0.239984924229494,-0.0732154925291058,-0.204289384124381,0.446351236308215,-0.476509330686475,-0.020799304286576,0.0505108336624952,-0.036050510981645,-0.122210635310871,-10451.3421601939,-8277.80770432279,-8123.22774663593,-8121.02981120139,-8120.99660651705,NA,NA,NA,1518.61269178058,248.791421701013,23.7083729831028,2.88670009499577,NA,NA,3,"test0_worse_conv",0,1,-8120.99660651705,3,"test0_worse_conv",88
89,"logit_random",-0.0567646159841047,0.0268617544417183,0.00431616309483249,0.0120309556483261,-0.186300234913887,0.327245714193494,0.128409749816015,-0.0193867397541109,0.0344961911543455,-0.0156603160168298,0.275008150301967,0.199280492558093,-0.454265622458527,0.0584458487863116,0.228746553013916,-0.122724909060056,-0.467979781904189,-0.03190995635593,-0.018387712248196,-0.0360184790059454,-0.969432646014653,2.91786892635789,-0.0331694601650533,-0.021906831424859,-1.02723364056115,-0.135751054990863,-9437.15443279697,-8254.55947949941,-8155.49609880624,-8144.20788024927,-8144.11701682315,NA,NA,NA,1262.49081140574,408.734658334256,15.555289129071,1.76891416500891,NA,NA,3,"test0_worse_conv",0,1,-8144.11701682315,3,"test0_worse_conv",89
90,"logit_random",-0.0907000355013562,-0.0695215998557586,0.0267254905644069,0.00266818577547324,-0.0948588436499784,0.0917473021075376,0.108176573643694,0.00545015155854734,0.023500712957563,0.0116503384183156,0.0534659520873744,0.180382273050391,-0.463340124954386,-0.0296048148086015,0.262261162474456,0.246958394471046,-0.159917638491842,-0.354316338021356,-0.0649067776962946,0.0223183990626292,-2.09555920542104,1.48227287225402,-0.121659977237813,-0.101768246898904,0.283255999857665,0.627901456687839,-8922.6383546742,-8199.13049475667,-8162.40801406049,-8160.74239693752,-8160.74038885709,NA,NA,NA,898.619554875177,76.9246084610784,9.68941585023033,3.61915411951123,NA,NA,3,"test0_worse_conv",0,1,-8160.74038885709,3,"test0_worse_conv",90
91,"logit_random",-0.0631551134426816,-0.0806365622541118,-0.0914038919343714,-0.0316581354244839,-0.325755598160595,-0.156833989534139,0.0891802792019084,0.0350037749782468,0.00127021983289657,-0.0237893363581237,0.0244085408031277,0.2112187921128,-0.227519685562755,-0.0420252873005838,0.450608121129299,0.0685578772907672,-0.517141576694675,-0.0367138356032275,-0.191909190883299,0.196666132350392,-0.638743053603921,0.0329456531756591,-0.103920315806073,0.086230680820934,-0.966383502853495,0.0302122604662882,-9568.09079084147,-8266.36159914256,-8217.8313202478,-8210.27147998393,-8210.16978858506,NA,NA,NA,555.937717638663,330.919590072397,10.0908441576373,3.53298011206738,NA,NA,3,"test0_worse_conv",0,1,-8210.16978858506,3,"test0_worse_conv",91
92,"random",-0.411438444428943,-0.696924403836978,-0.734033866856918,0.0958732708531415,-0.051737920316562,1.17304648585223,-0.66897773722257,-1.07295505737889,-0.136229172420009,0.348041281138606,-0.221968010096157,0.299241426971716,0.454401675032311,-0.923858098564775,0.354571682509618,0.00936709848649227,-0.0399761130570268,0.554159568241221,-0.0136656758399007,0.804428102061457,-0.121124649923145,0.307340088964466,0.514284596755453,-0.588641408523314,-0.186898964331672,0.376065246298268,-13412.8755223871,-8553.20626095676,-8189.27080465904,-8188.11573409333,-8188.0876179146,-8188.08737512858,NA,NA,3861.56660756133,59.3657403640577,5.30290476825556,5.13631013143244,2.61750664033213,NA,3,"test0_worse_conv",0,1,-8188.08737512858,3,"test0_worse_conv",92
93,"random",0.31192601720029,-0.426079345491125,0.661786152897481,-0.367896578469455,-0.413977918722557,0.334083620780508,0.00627021500379709,0.712088431155855,-0.427210931165198,0.705095126391363,-0.26539430343859,-1.1220382904805,0.233152834279134,-0.0331900458712315,0.755086472647669,-0.818901257428868,0.974962047229528,0.581584998511181,0.0715239276301048,-0.205508323618824,0.118225283930754,-0.200830628483878,-0.0720143568085672,-0.35820655753624,0.320907468851082,-0.60604737717023,-14063.8126721398,-9227.17282573497,-8164.92620645528,-8160.85486864758,NA,NA,NA,NA,5003.45469321624,204.366742970004,12.3651043745558,NA,NA,NA,0,"pruned_test1_too_close",28,1,-8160.80865386791,3,"test0_worse_conv",28
94,"random",0.248445438112449,0.962497780749347,-0.301721066027719,-0.345335389542844,-0.302176155334989,-0.0912656532734356,-0.557944909957053,0.504698736139183,-0.0642943963159929,0.0174158053861549,0.0557253145027175,-0.10464570538632,0.184913155916068,-0.245258852577343,0.094955530268794,-0.270053293855871,-0.432340632892357,-0.743145029021405,-0.549051762948957,-0.420041953783075,-0.737572425156919,-0.296714080995009,0.0442449645849493,-0.251099070042491,-0.191219219150132,-0.561672073736447,-11231.984571201,-8240.77086663992,-8165.5949801815,-8164.34627514916,-8164.34620690625,NA,NA,NA,1047.88342355413,329.77941042474,7.34171486006906,9.11981873258075,NA,NA,3,"test0_worse_conv",0,1,-8164.34620690625,3,"test0_worse_conv",94
95,"random",-0.362393592877076,0.244917739841636,-0.440429019418667,0.446871385998453,-0.304557137589725,-0.0637471145738942,-0.0623614660328705,-0.324708538235396,-0.492425170758406,-0.138620798436517,0.185476561310344,0.425698610189967,0.258855330017691,0.186329348112501,0.483943326586459,-0.190371193945883,-0.296672629606895,-0.234982950579381,-0.653191909446933,-0.534153500936877,0.734814159153635,0.630315827131052,0.0463151741974092,0.192727261474618,0.95853698043249,0.0249462012289455,-11919.3419485132,-8219.97305657154,-8151.84374047084,-8148.82815367681,-8148.78864785973,NA,NA,NA,1087.53357392902,200.917966663459,37.8431866307866,4.96264568297238,NA,NA,3,"test0_worse_conv",0,1,-8148.78864785973,3,"test0_worse_conv",95
96,"random",0.974167328804263,0.188362383424978,0.339003273817181,-0.275805634183396,0.162609510219596,0.408367459981828,-0.693367359701218,0.319691698764493,0.274717929792466,-0.509890207819765,-0.141934387165285,-0.294777627602413,0.271244021172891,-0.450459703677004,-0.14986229916205,-0.207449104916371,-0.286459406087792,-1.03151970965042,-0.0256077644935973,0.222483931426367,-0.430594714795705,-0.0215483877385856,-0.186563794775453,-0.253797914663603,-0.376412523421629,0.141067036910387,-98091.3760862933,-9881.3063869573,-8108.59488603411,-8100.49057491043,NA,NA,NA,NA,1520.90063871541,654.088232636219,42.2744599278862,NA,NA,NA,0,"pruned_test1_too_close",47,1,-8100.44618407003,1,"best",47
97,"random",0.0243714461139861,0.209471401516149,-1.02684135475017,0.387925655828462,-0.373168843436521,0.683950801969788,0.38638583765458,-0.171674731575352,0.630895894641674,0.277810485820202,0.148985694057655,0.379251995148481,-0.176814813575045,-0.173666106628369,0.69636781995848,-0.39876378681399,0.151885878052085,0.864829885443701,0.898885360788345,-0.438974935087085,-0.14319856303378,0.450045587508261,0.285557903669428,0.0457298428354943,0.207387486597223,-0.789990639705142,-11789.705588648,-8338.79035800481,-8159.4012218534,-8146.88933270005,-8146.35275605274,-8146.35275138791,NA,NA,1199.34540108599,243.362836978022,68.9230031015623,0.63490168946275,2.45778803934989,NA,3,"test0_worse_conv",0,1,-8146.35275138791,3,"test0_worse_conv",97
98,"random",0.244916468545395,0.183204917690315,0.0206392254928025,0.623039806283704,0.569654879203826,0.314480357327436,0.685375342202779,-0.451571241384472,-0.271460838049678,0.220740495988037,-1.2419861371517,-0.0693653849660937,0.338101687903219,0.601068939828636,0.22927565303646,-0.837702599279491,0.33737289513772,0.552981598307208,0.244378317137632,0.287366343122798,-0.380045709397992,0.575611567013165,-0.300864525437949,-0.312345770406806,0.876103973642565,0.130463959279149,-16651.0382830653,-10676.0362781556,-8301.80319527821,-8150.65988536567,-8148.86207848594,-8148.84061343987,NA,NA,1126.28083060195,2648.03145793116,53.9710635925346,3.54715862345563,8.78302415592628,NA,3,"test0_worse_conv",0,1,-8148.84061343987,3,"test0_worse_conv",98
99,"random",1.02048694176939,0.376859570898723,-0.128519820227424,-0.373120959419306,-0.307419887395944,0.139852162836532,-1.0367018349656,-0.676067285971745,0.935168028537282,-0.24699221475651,-0.286497518654066,-0.069456333736303,-0.399443485817648,-0.135659004491587,-0.140975667569852,-0.749078472955562,0.323588631819137,-0.51061707020827,-0.43322934904206,-0.1933165691516,0.232362776746601,-0.177074604575433,0.214530313191475,-0.201571395945037,0.473017502736737,-0.219970474437428,-26482.2267197788,-10873.7480579721,-8214.42745083196,-8127.05848600165,-8125.51637236942,NA,NA,NA,723.111143836806,1998.10243288709,39.5157718785454,8.08876190041531,NA,NA,0,"pruned_test1_too_close",84,1,-8125.50095290934,3,"test0_worse_conv",84
100,"random",0.586027588327361,0.253278936826767,-0.580133800859102,-0.899422823891779,0.84749019641633,-0.0654823011637928,0.0274965744340925,0.321949217773442,0.134440041004829,0.140037099951896,0.131774377963925,0.119829290633847,0.790162971643232,-0.527518486109044,-0.18046764517433,-0.395277017266277,-1.30306995809508,0.396474146740248,-0.0113954197561136,0.511788340475952,-0.478437208399991,0.289662143475432,-0.434543231992202,0.77352470588473,0.120646540917585,-0.238619046283849,-30340.2586010547,-10391.4424274681,-8318.28669810325,-8148.12936551242,-8143.88624347216,-8143.75154938864,-8143.75128695577,NA,2041.97480381777,3148.7738778355,127.212596003145,37.2451467938867,5.65048182141873,5.90077609713078,3,"test0_worse_conv",0,1,-8143.75128695577,3,"test0_worse_conv",100
101,"random",-0.342254561685454,-0.32179604774486,0.348893304453467,0.187788695006295,-0.0528318098391975,0.0162127506563999,0.591563873362156,0.172837247983156,-0.0960948985312214,0.0974767948482669,0.525798049355235,0.712259151371929,0.277496495021756,0.851544887994166,-0.136886529893261,0.144188918456333,-0.640316514889636,-0.309432102924432,1.01739904228863,-0.949826066233257,0.272984866159645,-0.576615067767822,-0.0791810018336968,-0.209372814013126,0.861715847520321,0.406540634982279,-11670.2918996068,-8224.97537648102,-8196.07989785049,-8195.85484692358,-8195.85483024055,NA,NA,NA,1052.64715480432,85.433789679135,3.79193775972661,4.77944136078899,NA,NA,3,"test0_worse_conv",0,1,-8195.85483024055,3,"test0_worse_conv",101
