"stage","candidate","LL","gradNorm","b_Price","b_Acceleration","b_OpCost","b_hev","b_phev20","b_phev40","b_bev","b_bevRangeRel","b_noBEVFC","b_american","b_chinese","b_japanese","b_skorean","lambda_ICE","lambda_PHEV","lambda_BEV"
1,1,-9336.048053076,NA,-0.065961032,-0.086724325,-0.123458989,0.078787462,0.017337116,0.133321046,-0.225292786,0.305755872,-0.261643415,-0.113318709,-1.203619405,-0.05776064,-0.392742187,1,1,1
1,2,-16647.6016977853,NA,-0.132912054426738,-0.0317514846597768,-0.296309833138667,0.132786088475688,0.0422129712608777,0.298561928959281,-0.403804848689593,0.582043518948123,-0.0697289753289601,-0.0357137987946508,-0.19267666316203,-0.088615234118855,-0.879291385688933,0.885853732856922,0.48685960337054,0.263013034095056
1,3,-50367.8377177335,NA,-0.0712139533661922,-0.234805109101998,-0.273897049079491,0.114851146604367,0.0381744072562988,0.378571213963414,-0.370823364526657,0.227134972848306,-0.373269956840957,0.0891524688009366,-1.16545357121991,-0.108728817826955,-0.542250373874088,0.67419874003157,0.215430199909024,0.0294260086491704
1,4,-11045.0432081797,NA,-0.0813290964109317,-0.0850170225917828,-0.271688291044229,0.224291546742349,0.0277198951181197,0.431341707455648,-0.369073102379234,0.173860428772547,-0.228024405738469,-0.149035340552226,-0.931048438553067,-0.0276163435266425,-0.590285913209914,0.701687556202523,0.36959819230251,0.453475964735262
1,5,-19871.7129745841,NA,-0.119868868325778,-0.112637238243265,0.172004990918167,-0.189186355726188,0.0313139797071506,-0.071663683817945,-0.249324755441883,0.420117241747908,-0.197547071821742,-0.170530928177282,-0.864594689040799,0.000910093078184897,-0.290098474826986,0.221902657710016,0.742886021682061,0.185152029683813
1,6,-15654.7104917688,NA,-0.0150331234486085,-0.125035907847423,-0.356581028866325,0.0808707887999832,0.0309006254005847,-0.0532538010989543,-0.269500461194808,-0.137209704362502,-0.430794888604484,-0.0443790838185552,-1.93844873713301,-0.0209083487276567,-0.711581961994509,0.624987461329438,0.140049960147589,0.538978191604838
1,7,-10660.7164926672,NA,-0.0768849661652772,-0.0354723896420691,-0.0562927682073148,0.10796401963052,0.0185786177913368,0.231726483651997,-0.0574577462969998,0.154006055417125,-0.0344897094090248,0.0681299810604298,-1.6982422303855,-0.130301785656572,-1.3695024135264,0.479549244437367,0.521739922864363,0.618075629789382
1,8,-12516.6786415305,NA,-0.00178923084774839,-0.185097531433486,-0.220358442049782,0.0156518250567884,-0.000126554478172395,0.20343364969201,-0.0384464571662388,0.776440620180598,-0.303334158763296,-0.276792064469876,-1.87471503022261,-0.0321885877326055,-0.02328686331162,0.857346800053492,0.610036411811598,0.854001691639423
1,9,-98321.770652108,NA,0.0472633207333241,-0.124774153224788,0.0491830334351064,0.0789696282619649,0.00768180766790008,0.156342663689968,-0.0480607777235375,0.837521445185013,-0.0774713260657001,-0.1836797675187,0.644691656313983,-0.0890116111213439,-0.309425480854696,0.637746538082138,0.845757617191412,0.0434029314341024
1,10,-10798.5051000962,NA,-0.0491253357788771,-0.0568129866068393,-0.0202182725856738,-0.00593229816861381,-0.0309705889812255,0.254414500826644,-0.362349033772183,0.383907160590111,-0.151277340273099,0.104522641184453,-1.61636152243747,-0.0211079770420123,-0.70606135101813,0.161469025830738,0.297850301484577,0.946001373231411
1,11,-12363.0829625872,NA,-0.0417809629912746,-0.125698268753003,-0.269967530623023,0.151437675894396,0.0111494948484412,-0.104761992242752,-0.251729757074729,-0.306753575555337,-0.320560748428287,-0.134548953657592,-2.56519973957376,-0.0240609370063418,-0.848475616178635,0.318303458578885,0.365497044525109,0.961050546937622
1,12,-14508.3214909879,NA,0.0119250445977048,-0.0829240458664507,-0.277316080229864,0.0929837391404516,0.0236499043084351,-0.135861591463261,0.0366566405786292,0.0853094305974864,-0.194906881377083,-0.229529270218293,-0.274713988960326,-0.14104192225175,-0.186457331519967,0.243917012554593,0.941509981234558,0.754451060537249
1,13,-43867.7802607302,NA,-0.0235354193568555,-0.135983011900542,-0.251308872131483,0.257138373878214,0.032457458464313,-0.121480950701091,-0.461702631617235,0.276988687423819,-0.0209034544781351,-0.101937335493971,-2.58602590134598,-0.0847227389438767,0.064957293745821,0.284573643887416,0.508084192220122,0.044885666067712
1,14,-16231.8028466782,NA,0.0194797351503173,0.0715354533960555,-0.2968212068271,0.103190993128058,0.0709388398020382,-0.103052472464117,-0.197661050658359,-0.0123392839733669,-0.25200939347501,-0.193267364649529,-1.2223900238944,-0.13127896121978,-0.388212283879798,0.195759694571607,0.723266109372489,0.688997317044996
1,15,-31499.5667675401,NA,-0.053565761945061,-0.0491724694359778,-0.191989496214545,0.155568154022611,-0.00461400094506979,0.156720615508058,0.17919470473392,0.173249624011332,-0.0824773513039554,-0.00567485429403736,2.02374284350926,-0.0492039367138917,-1.19414652691998,0.0999999004974961,0.908854909809306,0.208089049803093
1,16,-20370.1907326669,NA,0.0389964983824896,-0.204146136436769,-0.166861724173665,0.0564605405806175,0.0339303522555182,0.255327910044233,-0.141836629235888,0.646036299993212,0.0673618536460235,-0.130911279809532,-1.28035601800897,-0.0370064029949582,-1.03083835888006,0.13474728374742,0.544604192203842,0.67323512299452
1,17,-11134.4537970266,NA,-0.0696006995384394,0.0133959514026156,-0.0411325700302075,0.0823877388536409,0.0240276411896053,0.282650452017381,-0.144151895471512,0.211847431037675,-0.548005002780358,-0.0159918802068074,-1.64467260764266,-0.062711587361955,-0.559534706603868,0.872272526132874,0.111122147338465,0.63336094992701
1,18,-10925.9424520543,NA,-0.0106546115804034,-0.00687403470110205,-0.174834803315553,0.134465983820282,0.0296829676066257,0.0261773251989581,-0.380077999135782,0.179135101920185,-0.0622163362500894,0.0332681401656361,-0.28144105005009,-0.0384719516158043,-0.274976106725655,0.754718561274931,0.810028526354581,0.90073722415138
1,19,-10626.3383353674,NA,-0.0554488140775502,-0.125633840672868,-0.196317540606642,0.121510997660085,0.0126211968033934,0.0933761901088763,0.315178369231409,0.372937905193187,0.256239817013093,-0.211281074460377,-0.214251303543499,-0.151678864141618,-0.326305587533153,0.42053719655145,0.932533342652023,0.895895830988884
1,20,-15909.336645062,NA,-0.0246724336891311,0.0928447828879054,-0.281175193618649,0.140077057306027,0.0426076017844324,0.207210901877177,-0.216270778966504,-0.0298838232561201,-0.645121354601779,-0.110260030228919,0.962036835714704,-0.0338222867235581,-1.15896718583102,0.291402987320907,0.639501012242399,0.659214328504168
1,21,-11001.5931534551,NA,-0.024169129676555,-0.104030695548737,-0.0926644989606366,0.0780644680035071,-0.00366195637015529,0.187870794573531,-0.435394502029645,0.348332955524096,-0.0310872964830466,0.0145823309688296,0.0749560292699367,-0.0880721988355382,-0.346832455904872,0.702445471612737,0.637183884652331,0.422428469713777
1,22,-14730.9101082943,NA,-0.0210397454746102,-0.184647231588183,-0.170379100922395,-0.0427451356177151,0.0197457514060354,-0.332539200067357,-0.405563831025354,-0.141969910892968,-0.148811183850136,-0.0293627716076242,-1.30843606105943,-0.0824375775768003,-1.06444281319364,0.345048877596855,0.151578315692022,0.262139087626711
1,23,-23972.500434635,NA,-0.110948656671453,-0.199080446159849,-0.0229502749329279,0.105761645779237,0.0354828650703596,0.335497322086969,-0.618093498001693,0.478351528289954,-0.147962615887963,-0.206758266940633,-3.18076424815352,-0.0754817382257684,0.29550097944595,0.0558168299356476,0.730788132119924,0.225994835509919
1,24,-10966.3943999497,NA,-0.113667792760491,0.0208501648210444,-0.156386249681062,0.0555012563981592,0.0355288951295535,-0.0672618613524734,-0.323823796885421,0.653918300164178,-0.37289934639035,-0.129083813895681,-1.28153437728993,0.0140469578581673,0.554362600001555,0.563009774871171,0.418306049727835,0.904563017897308
1,25,-40259.619287592,NA,0.0444264677224167,0.0602784986077976,0.0452990206001027,0.161298455889508,-0.00757001227390251,0.228796754429988,-0.563250699928185,0.123772991046785,-0.0913145276052806,-0.186989250167275,-1.12053594816673,-0.0447159208476775,-0.357184557581327,0.0485966433258727,0.541452436181717,0.158915538922884
1,26,-11554.9570541873,NA,-0.105257688336533,-0.0431626151098643,-0.0805579141274165,0.0496742553093281,0.00391442842133349,0.30427355624124,-0.56364359765081,0.36695942339149,-0.175641769108593,-0.295090602964937,-1.00191815366485,-0.0653311247650884,-0.504779674896986,0.747878790972754,0.753702301522717,0.348626171112992
1,27,-13481.4481207618,NA,0.0105434649198022,-0.0577903453934501,-0.0814339722316185,0.0941664457812733,-0.000907872686507015,0.153017424576948,-0.39179244222157,0.12836776123638,-0.323720099820599,-0.108375727589746,-2.00624005776818,0.0059964901443898,0.00481198054458298,0.891290236748755,0.649886972974055,0.475485226963647
1,28,-10295.9593489857,NA,-0.0582157285720307,-0.130797855062492,0.0342639380188395,0.0050624891620356,0.0380201742653392,0.0478670469255921,-0.461453644585763,0.565499469753155,-0.25555701080225,-0.285299843487795,-1.06685907292447,-0.148637457242313,-0.0136369334986451,0.876834738329053,0.401165138054639,0.82259398420807
1,29,-10641.085790737,NA,-0.0488625218021596,-0.118867165565008,-0.167937818385093,0.131608044211609,0.0408066413134838,0.147593820753496,-0.199677109665978,0.0307352390385724,-0.278054344274375,0.0995260657554874,-1.56613429521995,0.00252861051571992,-0.584276993681493,0.328423199541867,0.672523477170616,0.397645660187118
1,30,-23518.5868295522,NA,-0.0407400330325382,0.0441117166680573,-0.0512726595739479,0.070754312567901,-0.00497573370422317,0.173897905685952,-0.218235231098253,1.06313128916867,-0.253109243140937,-0.225138421335186,-1.92088323986802,0.00844485327724143,-0.904181713506512,0.341455218982883,0.947242575157434,0.130779345566407
1,31,-15629.3940815523,NA,-0.112891101508832,-0.0910280877972711,0.0316799301587887,-0.0350021581580139,0.0128790508336882,0.315928662012579,-0.164601614101839,0.382643318846126,0.178930737869829,-0.140982376110231,-0.50897473425789,-0.0351968022011762,-0.369688282608968,0.825676954202354,0.860774386990815,0.198823163900524
1,32,-24124.5311530538,NA,-0.143634736046879,0.0331075855874772,-0.165994009210147,0.11313103388947,-0.0119074139596556,0.0523370704066813,-0.0669557625279741,0.394497239557636,-0.667629029901515,-0.409222760972012,-0.879242848192543,0.0044647859829029,0.226739813400724,0.401425308245234,0.0368639501789585,0.344122224068269
1,33,-11285.6421720821,NA,-0.129294605863711,-0.047790963321511,-0.279296892979448,0.0804873423433059,-0.00909033225705459,0.0607733617942073,0.230040525824407,0.483525005232411,-0.140379528488125,-0.19173478202128,-0.441693387093132,-0.0387075510050695,-0.456565182072894,0.726129382001236,0.798678785897791,0.974702604208142
1,34,-14441.2105714224,NA,-0.123937628671425,-0.0999333030577616,-0.0386622619922269,0.0533573993025893,-0.00666007780656073,0.276383323408484,-0.0912036644372,0.26263412964184,-0.437293966476413,0.0696461813487758,-1.96563419007391,-0.078086929426934,-0.805567719187758,0.866726754261181,0.876879775319248,0.23812218690291
1,35,-32713.5920222013,NA,-0.300527464203764,-0.0642372299697145,-0.129373527035116,0.233952581017301,0.041240808743521,0.134940545009954,-0.241321035489195,0.447191605923056,-0.424854086137348,-0.0637136612372308,-1.56555799744586,-0.0683580622463312,-0.527147306074735,0.744026414952241,0.103018557359464,0.255464644469321
1,36,-23146.6327751911,NA,-0.159411313715219,-0.22647204672111,-0.168036563221071,0.0781192792187482,-0.0111383308672378,-0.00047769647941745,-0.112305048912854,0.0668937032671993,-0.185695912574097,-0.0719729828718366,-1.68842188797697,-0.0473170620433407,-0.182539654498934,0.491129684126936,0.960222019422799,0.135947483940981
1,37,-15228.9298121565,NA,-0.0955623159147192,-0.260949677254639,0.0176001222263773,0.0900216891050512,0.0316561647506414,-0.0963415475577671,-0.0200010282703163,0.0468760067899792,0.299458382950453,0.071401052884289,-0.515974148142009,0.0582089077480289,-0.529551508868999,0.851189223555848,0.344119722368196,0.234076794818975
1,38,-14444.2037233338,NA,-0.117144662660394,-0.260118446311958,0.0133096713957547,0.186067235811776,0.0159089321075122,-0.0306200399001182,-0.0624420128338702,0.227199171948379,0.0660732255745611,-0.0431448345200215,-1.33972203099704,-0.0945841590497237,-1.25079411453717,0.105763487070799,0.980704872226343,0.728325690301135
1,39,-23263.4141441883,NA,-0.120829268761915,-0.0762271540455742,-0.10176334816113,0.084388693707756,0.00387031711247403,0.0153070122487665,-0.344743114950914,0.312191003305413,0.124147340991699,-0.0494520135452367,-0.40717259301066,0.0109382502667209,0.0340540335106084,0.157098903539591,0.157955951439217,0.119132372611202
1,40,-11152.2435952542,NA,-0.0625422640340241,-0.106670468822296,-0.102985782799454,0.139144138369585,0.0232711433203639,0.267243815960071,-0.429096306119953,0.0910437909249451,0.297915137750491,-0.209938029972599,-1.38575186727286,0.0251791681580647,-0.180856883894903,0.734073960692622,0.804379433402792,0.266892727338709
1,41,-13168.5546900665,NA,-0.106629392782575,-0.277439968145796,-0.128159943111727,0.11415494917983,0.0293873268280281,0.0881662391629593,-0.237869044232662,0.0396461453620152,-0.601888695908459,-0.0309892725469309,-3.22284201074186,-0.1419142081841,-1.09605668859862,0.543627531598322,0.505576451695524,0.446343467230909
1,42,-17733.2202323175,NA,-0.0491807597714779,-0.23505835354312,0.0577884045777039,0.219511989858199,0.0214548883909724,0.21235071012558,-0.635226082424086,0.345226858002844,-0.5179368096408,-0.116561418335862,-0.613496436479942,-0.0076006603678155,0.0442762218383429,0.057935357587412,0.76130588142667,0.179654940110631
1,43,-9691.61438948149,NA,-0.0878284637654204,-0.0671021490632055,-0.164200959871222,0.0923076633545622,0.0204381781903257,0.0592146828260812,-0.373568703267639,0.195138102227347,-0.487476599624027,-0.147813232584619,-0.853436150659576,-0.0209551427657548,-0.48315893262604,0.966876622163691,0.931857897094451,0.831617910945788
1,44,-13240.3195917361,NA,-0.0795700669041592,-0.0042624781674544,-0.182976663649602,0.109172265866806,-0.0156205617362328,0.281094452178381,-0.230530437468423,0.228805095862794,0.043762739102487,-0.363705354283371,-1.76810405834797,-0.0788003763299671,-0.753693674965121,0.238284362507984,0.537353491196409,0.222192106507719
1,45,-13908.0828162017,NA,0.0142038564446635,0.0961265898570262,-0.18299144104117,0.0676489644570201,0.0449065342179587,0.0773833537231807,0.0621281234871981,0.505469077100747,-0.0750399277459452,0.0624968963960097,-2.26023276473326,-0.0937301974122556,0.193695743701452,0.752764041237533,0.626277578519657,0.917523740711622
1,46,-21227.5379253771,NA,0.0588409619886122,-0.1405997472582,0.170314650791761,0.171500531654391,0.0441447741890399,0.110133442551657,0.174850874720386,0.511428485613607,-0.298057624571977,-0.0588581119387727,-0.845144249979349,-0.0982343246302312,-1.09442032174759,0.469415761008859,0.864378981986083,0.67372168768663
1,47,-27928.4683918948,NA,-0.0610671507781778,0.0047392641917483,0.0373334474039135,-0.0176263690099173,-0.023215250985742,0.193902418902264,-0.534845608803258,-0.210041635814544,-0.298277666671263,-0.101531039831185,0.0115897569048242,-0.177129245494844,-0.170725714256734,0.0244289296073839,0.501636163643561,0.123168215383776
1,48,-28428.8114572012,NA,0.0495826550866543,-0.228866313641488,-0.182388852308357,0.052730514118771,-0.00235833667856967,0.209547035402518,-0.333678229020013,0.574986388309125,0.142478985948362,-0.0449681558499136,-0.657594558536645,-0.143763765465487,0.0689829585366623,0.238823549835943,0.333828787906095,0.243517146920785
1,49,-12165.8736151556,NA,-0.0812301822235289,-0.0137906252023595,-0.00494789118866579,0.152141844921865,0.0015050920545718,0.163490328188909,-0.247844464947184,0.0418367040066326,-0.433558884892815,-0.188218434097391,-2.55684019053505,-0.123807208514638,-0.511667701736183,0.287013449245133,0.46598767049145,0.444476941367611
1,50,-13617.8569668957,NA,-0.030114345262182,-0.132295790118077,-0.0978449576311355,0.0230007027746239,-0.0101896725855441,0.309782669429445,-0.134201256782,0.379749331496118,0.150491220934365,-0.235645689832181,-1.35948388406682,-0.114170372447176,-0.154292726806916,0.621857265471481,0.241960825934075,0.150758439623751
1,51,-15956.525180326,NA,-0.13119658507087,-0.081186235753874,-0.334462199329324,0.028243978952294,0.00350111159374758,0.0620088878801135,-0.556826887752561,1.0674095987207,-0.111007472160606,0.0353577241011347,-1.27574397084113,-0.0536614320449658,-0.783647638577179,0.812537107928656,0.160298613528721,0.388775261030532
1,52,-14218.7918002306,NA,-0.0451482510161962,-0.126934263826414,-0.161004486160589,-0.0482485611364341,-0.0269046540170078,0.392796449958251,-0.0658754680730587,1.03363209612108,-0.0416328797029812,-0.0943596984288917,-1.06387816718422,-0.122781261122786,-0.786234375620397,0.830101586584933,0.169089631852694,0.335508880070411
1,53,-32743.850246062,NA,0.0951374080220994,-0.0293956666079211,-0.330446171229379,0.0747406873406,0.0371349317976486,0.101474698683826,-0.273117881112238,0.514313593631528,-0.542646237211453,-0.0331701370047139,-0.803654765429875,-0.0740113613759717,0.142910915579633,0.14734029726591,0.726072094119154,0.68591073368676
1,54,-14432.1531601681,NA,-0.0297027235710127,-0.124881821740024,-0.0731873732517184,0.109426945424476,0.0268360110549623,0.104818799158506,-0.178030303454656,0.317503370551468,-0.322199111213025,-0.126996311224751,0.493607936233462,-0.127677845630683,-0.671025063151016,0.749287427230738,0.614430673317984,0.205323245362379
1,55,-10987.4616681597,NA,-0.0678899546876512,-0.111714766497084,-0.314689682665814,-0.0755955293712053,0.0750723657946094,0.350821387977819,-0.575511361133321,0.714207899854148,-0.0587265340956823,-0.273379909189963,-0.279766847273666,-0.0150118166329152,-0.360646804795141,0.848842931217514,0.542710392242298,0.909824640084989
1,56,-12864.2388264828,NA,-0.120760360960266,-0.20084905413903,0.0722181313806786,0.0563786169683876,0.0301144677542293,0.21634930915753,-0.730623297127724,-0.183517197344378,-0.721946929438873,-0.143978260317244,-0.145852417852258,-0.00335746295669966,-0.479361020887593,0.504962993036024,0.657066043079831,0.820363221857697
1,57,-20752.2340744143,NA,0.0162550664315046,0.0615939794048152,-0.323250344738509,0.063824472517738,0.0306816547511122,0.232667409242723,-0.44945353253492,0.337163975923205,-0.584877720406664,0.195753102333569,-0.957851330789936,-0.0714001568639489,-0.740937833689112,0.120794846317731,0.236383570837788,0.472079046629369
1,58,-26984.4670790083,NA,-0.156707270786331,-0.11513001406,-0.263161796987705,-0.0101165731359425,0.00916336851146898,0.658572037537044,-0.118822497652342,-0.128777593951625,-0.138891127509888,-0.219127718418443,-2.16986547112048,-0.0147053980449839,-0.505748383724209,0.448479103371501,0.0252769644046202,0.802797893481329
1,59,-14891.4859207992,NA,-0.0878012869023903,-0.246163326618447,-0.223420171434419,0.124370131373125,0.018394993962234,0.111007089297726,-0.29197567681348,-0.373863544981043,-0.450518501531415,-0.0252556820715402,-1.75630896267773,-0.136128827166703,-0.403154403102016,0.370508660306223,0.530894531486556,0.290136583573185
1,60,-21018.1044521177,NA,-0.00125909807568382,0.0277007920658722,0.118343928061879,0.065930180497427,0.00283326828115263,0.282455065512142,-0.531587581561816,0.452490395343424,-0.554002076463463,-0.0684575570575341,-0.667335166606354,-0.106224096359406,-0.566657400143094,0.0357001658761874,0.211378705082461,0.955117324837483
1,61,-21391.5188445343,NA,0.078544455285972,-0.0564677616932057,-0.243196896581897,0.074898559298726,0.00947272328399944,0.200492275117437,-0.0242733691604433,0.280852048600653,-0.0603826941433176,-0.086492011967621,-1.36065241514115,-0.0671459648955478,-0.65889941894555,0.76515523779206,0.538771328115836,0.84902208251413
1,62,-12132.7801680745,NA,-0.0639462030211476,0.166170072122728,-0.143458079190267,-0.0418385669127637,0.00832198458807411,0.271267948426782,-0.572160398733191,0.452396691751117,-0.098612100611301,-0.185408937948587,-0.565422744397349,-0.0162346166975556,-0.487009175407378,0.365277433181182,0.105805071787909,0.733497234401293
1,63,-10734.9095309734,NA,-0.117774570737232,-0.0780591377970062,-0.217914103130256,-0.0174598476010711,0.00825791537518148,0.124563483168304,-0.249429031299325,0.528891915717272,-0.327531693544727,0.0643643531508935,-1.03681143409042,-0.00887398194954971,-0.617118252568002,0.780170053965412,0.339034503577277,0.833958888198249
1,64,-13954.5706082632,NA,-0.0444946370639717,0.0271586581358338,-0.135771065076587,0.05877931136082,0.00225509896448409,0.0377362087839957,-0.227478304476201,0.484372628499476,-0.303155934235978,-0.0360664230065035,-2.52965174147188,-0.123687862722753,-0.210597162706614,0.296289554378018,0.730375539851375,0.238639461081475
1,65,-55765.4806594993,NA,-0.124062381584777,-0.0269345130338201,-0.118628121502164,0.0490296149437225,-0.00938216678387242,0.0489367761906991,-0.44612219708686,0.322238302000449,-0.490017888925588,-0.135019125005043,-1.87052486635356,0.0216036571852084,-1.00651641417608,0.799925772720017,0.89497009631712,0.0307750572590157
1,66,-18021.1368877893,NA,-0.0521536767707935,-0.121563727200309,-0.202443300347214,-0.0379758742640346,0.00746588404247708,0.0948446662976922,-0.443787676035993,0.2036880507638,-0.126001598893884,-0.187104600913722,-2.10252193156034,-0.0339573618474982,-0.30553854867239,0.524303104430437,0.839141205307096,0.106039580614306
1,67,-11038.7224403623,NA,-0.0559987425914325,0.00314883215911753,-0.193380448756675,0.0997905632078941,-0.0105765685017193,0.0496796265683119,-0.0375384069902917,-0.178192819083788,-0.416374114435507,-0.280367345946083,-1.70089426323172,-0.060345164757687,0.240683340474347,0.70204521374777,0.7017182488041,0.551092561492696
1,68,-13821.7426128111,NA,-0.0886172477540002,-0.183010185246378,-0.246960151915796,0.207102789291339,0.0423503164867552,0.188234367169041,0.0510087675721171,0.523773929101774,-0.054549630619267,-0.0833300123391695,-1.6225641531055,-0.0752996831008904,0.158016608129716,0.636571257230826,0.419037404083647,0.237021699673496
1,69,-12195.6250832073,NA,-0.00620841089150316,-0.100403126469013,0.0435446652967477,0.095957054123266,0.000259765115713337,0.263025883856299,-0.00820661386117122,0.28103013407358,-0.396468202204028,-0.0382923368565582,-0.607143268170814,-0.0114497412824605,0.0284333043981689,0.294801667346619,0.647633420145139,0.313858307874762
1,70,-11978.6092127512,NA,-0.00534582148097024,0.0500059513011922,-0.107508398646005,0.100862061411833,0.00585081425054866,0.312572660074053,-0.106821884700311,0.394640522550628,-0.462845472829737,-0.108907057329755,-1.50833881244196,-0.180290994797975,-0.400809722476267,0.187082792241126,0.969837488248013,0.646827476155013
1,71,-10443.8124381292,NA,-0.102634540753975,-0.189131478341488,-0.175539491642145,-0.0400488869661246,0.0105848110012149,-0.0117088382209734,-0.313215053027238,0.889617313462115,-0.181433938836556,-0.0729586730439327,-2.23903433764778,-0.0838631545852227,-0.79723623372589,0.718853290015832,0.988228449067101,0.911589120132849
1,72,-10888.4801608658,NA,-0.0290073637052329,-0.167376416882207,0.0205042394414848,0.0623135629348982,0.0168285800017615,0.190438201324513,0.0958929315025559,0.343537769664738,-0.381712975154929,-0.0709874172726674,-1.39375683888492,-0.0170393543753658,-0.34145656400678,0.593285651719198,0.175302388360724,0.917660102760419
1,73,-14962.3047369475,NA,-0.184190759586547,-0.146641438278062,-0.103524421732059,0.154346318240237,0.00750379356632755,0.145795492602206,-0.00536653064090326,-0.18953146531679,-0.449107073486052,-0.126569183120829,-1.38072237372161,-0.0564924890360409,0.158356460200735,0.917375736082904,0.311958989524283,0.596628007898107
1,74,-24844.2039343869,NA,-0.169217543931384,-0.299612819824138,-0.188321530605089,0.0138361695965621,0.0255941953853404,0.447516060109294,-0.250748986362043,0.139629843171981,0.417319565536915,-0.255603423251289,-2.09249113938982,-0.101164370920436,-0.317264569130885,0.043091751569882,0.198671776135452,0.806467632390559
1,75,-22738.3278563824,NA,-0.284972691942718,-0.188178935968807,0.0398966878928673,0.176937119128922,0.00481705978724506,0.185912708137891,-0.190204597122388,0.371070446482642,-0.00175123310310837,-0.186760013301951,-1.59588884652321,-0.0278388932254037,-0.268130158987904,0.582435357519425,0.412068288540468,0.397612513117492
1,76,-36599.8592131367,NA,-0.0557554374843205,-0.17071848976255,0.135104255402684,0.025164178112878,0.00147006245675826,0.00359608227299468,-0.0883273474081963,0.369869375698856,0.0496083166138777,-0.253597626126297,-1.80091544061847,-0.158821895826625,-1.03750754285759,0.152291396958753,0.1372010227805,0.0540885455906391
1,77,-33173.1367586482,NA,-0.0900121828158626,-0.0433098886348717,-0.185497565830232,0.0696285856774265,-0.00140454726065826,0.403950017009492,-0.289400079970621,0.467502438637115,0.268952088324137,-0.0658002383217998,-0.638480577246981,-0.0449536360811015,-0.552051243218735,0.400367721612565,0.731079924949445,0.0503214121935889
1,78,-19099.8057614716,NA,-0.22648933055259,0.0727057885583466,-0.0937868669460457,0.0211895764938917,0.0350078028323066,0.00278547850465996,-0.195912549810768,-0.188250984442061,-0.0904713213155671,-0.232558409710733,0.762007561697951,-0.00783482982150008,0.16502816023738,0.24486907850951,0.875317984316498,0.97058683230076
1,79,-14769.5547204141,NA,-0.043767499183986,-0.0855592460446938,-0.139419326005228,0.00638592616271463,0.0113182335538811,0.0308168646283776,-0.346616093346555,0.253985781413938,-0.49610016028991,-0.311760992042017,-0.607613400121167,-0.00866156478453969,-0.701285348454569,0.751773602343164,0.0755857316730544,0.14059863677714
1,80,-10796.6991391901,NA,-0.108205960949523,-0.0923506657304856,-0.216765907813351,0.128872790212246,0.018144570248146,-0.0811731960459116,-0.273663928696403,0.338736830377018,-0.166085074617205,-0.0841509276491157,-3.02282736366631,-0.115926770238486,-0.395533662757087,0.967210436207242,0.707670040163212,0.811210442278534
1,81,-40737.0158059591,NA,0.054161950114633,-0.102247859626011,-0.209313635280715,0.101310480674339,0.020876537431929,0.100711932783642,0.133376752319001,0.1668805365376,-0.206506311304512,-0.240520672681898,-0.687499219388324,-0.155006031537523,0.00467949433367026,0.76331284772139,0.0910178836248815,0.147111779833212
1,82,-37168.3667176783,NA,-0.18777281686449,-0.129260156950292,-0.121783581295018,0.107558279135106,0.0188882343855207,-0.0894225804815157,-0.156624776427013,0.220761272259702,-0.0684387610734327,-0.0618684018946263,1.36043586629452,0.0227534662979403,-0.364137319629135,0.367565063801594,0.732271740660071,0.124458096185699
1,83,-10687.1650029165,NA,-0.0236327272098651,-0.130002053430568,0.0207134882954149,0.0844194850884047,0.0213357216413932,0.253111723316135,-0.352368327911278,0.221120301029016,-0.433903108669729,-0.0921376815577314,-0.270941436381372,-0.0722131511086948,-0.0937398812908816,0.761491902130656,0.643830470270477,0.735568904005922
1,84,-37056.8697307213,NA,0.0122374118387791,0.0080621982261929,-0.213832398431333,0.0559460252074287,0.0171328887419769,0.256502606779091,-0.219963804983607,-0.0923467691163684,-0.0418018520635701,-0.222590400752561,1.28557303054815,-0.117514497271828,-0.196528186798871,0.975255343704484,0.0368823206983507,0.33247410567943
1,85,-11903.4531134422,NA,-0.0776815178224438,-0.0869556180247421,0.0126363110035788,0.076679583590509,0.0326831582761585,-0.00250497259602886,-0.296186092347231,0.0364150869090981,-0.219623896007706,-0.104951238313383,0.641340014750398,-0.0708326070521913,0.123761895805197,0.36372991012875,0.760814363076352,0.853849155930802
1,86,-13682.4295256188,NA,-0.150795225237859,-0.150745206067856,-0.123275640669558,0.0583808816483154,0.0254642268421374,0.0791934963496351,-0.35927636571558,-0.396600119623413,0.101071364793192,-0.000708527162121192,-0.0800814241191019,-0.00141104610160447,-0.997042061673041,0.775660531716421,0.600298174405471,0.82447769750841
1,87,-10792.1101281411,NA,-0.0353913492345429,-0.0557451747065594,-0.129797784276442,0.0579440585794942,0.00037981077749848,0.200743927998698,-0.0891692767493132,-0.174749003209725,-0.285504077645469,-0.113165614406108,-0.289500661127557,0.025974401769756,-0.855461065607934,0.327944090664387,0.440440599806607,0.834638154301792
1,88,-12170.3181131674,NA,-0.00787137574504203,-0.000217112679011311,-0.0747266232296767,0.0906920768658288,0.0282800742798413,0.0859066640455353,-0.079409412168289,0.374583346809697,0.514518487636863,-0.160214766330145,-2.31553108828294,-0.0809521295535914,-0.98225036151578,0.599535165238194,0.448772546127439,0.908675871002488
1,89,-11379.8597111806,NA,-0.0567646159841047,-0.0514069951820892,0.00614440218528227,0.0897173650112506,0.00851243681853034,0.486707553282136,-0.0833978297979088,0.230520430112619,-0.00268690679963879,-0.215677532322124,0.0755285862039259,0.0285765823292538,-0.791899630746625,0.75028199698776,0.39730184938293,0.443455493622459
1,90,-10507.0325891407,NA,-0.0907000355013562,-0.178130017688537,0.0380458659737128,0.0812114599428383,0.0213533811708592,0.232397236269588,-0.141254606926878,0.326906646501605,-0.168625374591181,-0.0371698668871232,-1.92454939696341,0.0203890284030319,-0.807718778884641,0.919090459132567,0.427491859551519,0.981352135324851
1,91,-14082.573013029,NA,-0.0631551134426816,-0.192743761321256,-0.13012072551597,0.0500266253864273,-0.0110710202388598,-0.0360410369265372,-0.195574520144366,0.441597406554897,-0.504117283295705,-0.268810365401754,-2.18687905255871,0.0337487876447716,-0.396624234978695,0.330831252657808,0.112651976179332,0.256603470412083
1,92,-147213.35899408,NA,-0.673703024122989,-0.583096626956707,0.228571765175301,0.0965485668870994,-0.565596561356043,-0.417329023663998,0.913009644396153,0.0413107002694156,-0.50199395393433,-1.01475811259939,-0.134710692340924,0.348287320217775,0.788071579154385,0.292464417545125,0.336662171562202,0.0869296865491196
1,93,-22701.4660870036,NA,-0.262327079982935,0.714908957196771,-0.24233572923556,0.477270501612437,0.566020878108797,0.152540504269703,0.426036430212603,-0.0755085186285929,-0.487020756058608,-1.36799636535486,0.663243947810204,0.35320176909363,0.493580883791763,0.724402742334642,0.694674429995939,0.877395700076595
1,94,-32530.0741558068,NA,-0.432624329249023,0.337258559924255,-1.20247035620881,-0.669699905986447,-0.12593269015956,0.0336679555845714,0.876410924162764,0.385341373310939,0.50910896777273,-0.26126174508954,-0.303772039792826,0.564367430956013,0.575578182421938,0.446214026841335,0.914589346693829,0.983748379750177
1,95,-204228.098354104,NA,0.331414406590811,-0.365696101014634,0.342577662178289,0.0807681745864284,-0.0711265318324679,-0.666360518945458,0.52529113263313,0.426093024839221,-0.303336795493365,-1.1031450268542,-1.20278203721599,0.36003590426818,-0.684063170044712,0.0375766962580383,0.317100076726638,0.968054068386555
1,96,-45861.9446090235,NA,-0.478517207499982,0.165794109815343,0.547548589413344,-0.354629277108745,0.236875661915823,-0.307439897411169,0.174270547320551,-0.361079379899119,0.540511403610055,0.259428478571236,0.344362547316515,-0.228480861394407,0.769798841102605,0.347188053401187,0.584620862235315,0.550242038001306
1,97,-23232.498240219,NA,-0.223259839845868,0.675856646850555,0.237103610834922,0.437307308876908,-0.387281206407316,-0.450558258097989,-0.778359299623975,-0.0700204609662221,-0.377672547549328,-0.132561521397374,0.780444587881648,-0.0557594087779192,0.17891885941811,0.914626065371558,0.666057368540205,0.719104260914028
1,98,-236026.054918337,NA,1.11699433733938,-0.134115150885694,-0.0929599290664863,-1.1295234593134,0.523753901149627,0.279414320804663,-0.23574941114073,0.210144369728398,-1.07367957467277,-0.705078713697476,-0.959493437085515,0.0517879603167841,-1.10284263461785,0.784560407991521,0.790458729732782,0.772033601221628
1,99,-148563.136979147,NA,0.578514514030863,-0.280834548060118,-0.66264913172107,0.476384269057688,-0.316981423750014,0.0289329228690273,-0.190575840922486,0.13244823030149,0.141969019289889,0.556223757130225,-0.213312239613524,-0.659293912709326,-0.396810249086982,0.204585958253592,0.950070084473118,0.815162050500512
1,100,-249575.302054205,NA,0.539783182060142,-0.42490176567189,-0.0245181924673073,-0.739363669490954,-0.412851469542816,-0.511550699796614,-0.00418133332890239,-0.291303510085898,-0.0671367692549831,-0.818452702157379,0.311123293488425,-0.248213463275991,-0.014588500186071,0.586934416163713,0.415435360530391,0.183668800597079
1,101,-283391.006565538,NA,0.445672243953871,-0.608171009388285,0.607497490996201,-0.562382294772046,-0.929473042902375,-0.168486792839331,-0.153565409030884,0.265066512395991,-0.678085154109433,-0.341942090953942,0.119604608368398,-0.814666111579477,0.132783698463671,0.0967809517867863,0.0629753379104659,0.690775741492398
2,1,-9282.27832121945,0.181269019206928,-0.0586637045789023,-0.0735227496154874,-0.110019160593948,0.0651738921774737,0.0354618312427756,0.134500436812718,-0.211175996179926,0.272869493439155,-0.237860031502009,-0.10537591075276,-1.08614880072797,-0.0474504161316747,-0.34394951401837,0.755913493913026,0.588788029709309,0.819348246554643
2,2,-9288.0200430928,228.338910819129,-0.0561977504486954,-0.0698599532186203,-0.107392746419383,0.0685347567335881,0.0373372119510627,0.1269774901926,-0.1974607637383,0.257180019781071,-0.226872394558545,-0.0768374377147371,-1.02016528388756,-0.0229472651317596,-0.311755565181732,0.699242620670968,0.557070132724352,0.730221498705344
2,3,-9284.50529200876,357.008723664139,-0.0575947615560593,-0.0711190788847805,-0.10663611982848,0.0662352085241204,0.0434947257670869,0.141016265443063,-0.195279895939174,0.263724773328479,-0.23495212272774,-0.0986068816167837,-1.05630566029986,-0.0459180058959366,-0.33251358323354,0.754010927624659,0.56979836776505,0.7606749502966
2,4,-9282.27938972713,29.4042690759061,-0.0587256226983085,-0.0735413084491252,-0.110080144336389,0.0651147336826739,0.0355445755728735,0.13432756364138,-0.211234937508881,0.273136121443437,-0.237743657926487,-0.105395461838237,-1.08657380496999,-0.0474938038027451,-0.34397989159583,0.756506103416404,0.589399241833555,0.820054990198136
2,5,-9396.28924459314,2612.98559081125,-0.0478722891742591,-0.0600576547366649,-0.0886269033696345,-0.00801753168612153,0.0286202003915468,0.0429070200549872,-0.252011804924755,0.215983664488775,-0.144389435487066,-0.084520751606945,-0.858657850329585,-0.0325036648646807,-0.313348129137768,0.389676200086367,0.419401438841778,0.542090313574292
2,6,-9283.05195043538,451.029789107684,-0.059054142489012,-0.0745485641937517,-0.110312609103912,0.0658587226113866,0.0412883528898301,0.134632442694218,-0.212652055656287,0.273816565804327,-0.238177217507785,-0.10335166113786,-1.08629550372076,-0.0445570524666802,-0.340896465202823,0.757967914641075,0.555418065697825,0.823542467148973
2,7,-9282.27864281307,6.2239660465375,-0.0586770941773536,-0.0735671389547588,-0.110022699134029,0.0650753291332484,0.0353178443338769,0.134353807356148,-0.211341404530827,0.272799612787376,-0.237752043208388,-0.105626821860871,-1.08609564579379,-0.047642664285275,-0.344241395592544,0.7560525908934,0.589402616390157,0.819456798286899
2,8,-9285.97027153274,139.134744907215,-0.0590648820042237,-0.0761393401248868,-0.112546327742322,0.0653523507496577,0.0459398927081055,0.146278389580136,-0.203469798189012,0.274461092977206,-0.22434272994776,-0.113005899893085,-1.07910871784794,-0.0211527392789941,-0.345712634432015,0.860194273638965,0.558784025137772,0.823673629304135
2,9,-11439.2169860091,902.054981020043,-0.0845936568392048,-0.125949506420814,-0.172435603027144,0.183559223947551,0.0605585711482,0.232880593165707,-2.15400487031148,0.559524269091313,-0.366580134654082,-0.128215489449328,-1.50170806769759,-0.10412074462158,-0.557429716038905,1.00303284558474,0.89078782310092,6.01365762234657
2,10,-9283.10736407972,48.676334677893,-0.058793897843295,-0.0746746205163257,-0.110146360098459,0.0618713763432108,0.0305424447949539,0.124647636313061,-0.213919246322525,0.272894262912256,-0.240430057904896,-0.107473546932316,-1.08527770075432,-0.0453122221718615,-0.342572474935056,0.732243637271568,0.626459371538575,0.819409180709542
2,11,-9301.36153152354,637.533897444944,-0.0603134113464389,-0.0708614362880032,-0.109531380369815,0.0833703255609185,0.0964990374287453,0.20066795511165,-0.16912804944718,0.287387049422747,-0.239054903842279,-0.10357194855198,-1.12888985608843,-0.053529733294705,-0.354299673587173,1.10384741631689,0.606786201448664,0.863851878063642
2,12,-9283.18346517888,351.338072720553,-0.0593535072550546,-0.0736753264967201,-0.108348786107239,0.0677099523504967,0.0339879184446744,0.131662080962661,-0.221092042746868,0.27713060660526,-0.233944952069024,-0.102359108471521,-1.08853895168925,-0.045613493422539,-0.34312147850139,0.725004736275337,0.599191851062048,0.843360252481933
2,13,-9639.53316187032,355.959775616946,-0.0719517869523322,-0.0998746924869183,-0.135097265857223,0.0878045406385411,0.0487920150034988,0.158336202371375,-0.595469847527706,0.384529458347209,-0.296171935906269,-0.137599162027522,-1.31862679506518,-0.0790922585441226,-0.43743754411202,0.957537519537039,0.709739051722501,2.18272485025643
2,14,-9283.10081109071,533.467347534868,-0.0595164179780403,-0.0764668460962371,-0.11011575537715,0.069057279099511,0.0351495860235988,0.133954517643375,-0.217219637971782,0.276497772650832,-0.234521897760666,-0.102014397837279,-1.08646143253698,-0.0465822969596671,-0.342907691485226,0.720977826511338,0.597094406335082,0.836120007397554
2,15,-9739.88466402715,2610.21548843706,-0.033853827944094,-0.0310942060939224,-0.0586874867191743,0.00129569403257831,0.245114207181504,0.32878333192219,0.00414256443445479,0.152257988551127,-0.13592804759679,-0.0457398755801925,-0.63373199038168,-0.0301339426964891,-0.197909842762831,1.56176267217623,0.348000950493236,0.299404112375861
2,16,-9291.61730631885,1060.78592101139,-0.0602827084307169,-0.0748813702005007,-0.11139996046705,0.0548867584403748,0.00816609506855085,0.113947994825893,-0.234179398699726,0.279515509714157,-0.23977191665182,-0.101528305755862,-1.0903710241167,-0.0422608141669497,-0.341772141986339,0.634039426966073,0.679503799333193,0.840240522001331
2,17,-9284.58681899652,318.638983364896,-0.0581816152435538,-0.0731927374315652,-0.109082225502614,0.059002519497447,0.0432784119981628,0.130195004925611,-0.212635202859908,0.271464524662153,-0.239209242003913,-0.104336449669769,-1.07871714222187,-0.0446171379252135,-0.338935218521728,0.734827702357938,0.524304151638409,0.814067144630577
2,18,-9282.27834178305,0.771827576780864,-0.0586610243610359,-0.0735232197185839,-0.110018503145021,0.0652037821119139,0.0355469784942143,0.134473093685347,-0.211175640184603,0.272810960692995,-0.237812083210763,-0.105362900980751,-1.08619679136431,-0.0474270544658794,-0.343944484053251,0.755964735532356,0.58871257415526,0.819278755258926
2,19,-9282.27863591228,7.03362226623586,-0.058687425654933,-0.0735816783438427,-0.110052760904319,0.0653042825677897,0.0357015403317083,0.134687180167564,-0.211228865126241,0.272981075976085,-0.238039658274758,-0.105396634185737,-1.08665692328188,-0.0475635344719624,-0.343979915788563,0.75637104550214,0.588657243331026,0.819848903756551
2,20,-9284.84860161412,436.581099234915,-0.0594211377236496,-0.0744161412645238,-0.109250268793915,0.0646104631580142,0.0267789901253072,0.125883833015912,-0.226308907512455,0.282601752751844,-0.233718063356395,-0.10800690916706,-1.09932061283212,-0.0508910840623175,-0.343022098913492,0.684322067220047,0.597450325384096,0.851744700514286
2,21,-9282.2783475201,1.38317506830992,-0.0586678721553936,-0.0735317934691709,-0.110024471215489,0.0650341545069292,0.035438095796406,0.134499409394791,-0.211265366091894,0.2728779390754,-0.237826224849816,-0.105357835031913,-1.08623644854519,-0.0474431063553555,-0.343920071431065,0.75602853393633,0.588709185779558,0.819472519328397
2,22,-9283.72720076521,917.441047219252,-0.05925787951626,-0.0751566744302146,-0.110224805069928,0.0673087595143763,0.0317687324305484,0.138383573292986,-0.204595655150504,0.281061770125987,-0.239274071828245,-0.0974454509175659,-1.0734903023543,-0.0389499613638596,-0.335169591485157,0.733443084581238,0.563668381331593,0.803341109156335
2,23,-9306.39480012587,570.386846515793,-0.0577589429263921,-0.0759543301438281,-0.113680252134957,0.0232004864558309,-0.00681839902724289,0.127208535403879,-0.261623082586056,0.28779083247925,-0.254640083084158,-0.116224944994577,-1.11509713349743,-0.0543320253233129,-0.351311523500559,0.557449312705488,0.542186304141991,0.916104539389432
2,24,-9282.27832576048,0.195852841547441,-0.0586617313176064,-0.0735190638003065,-0.110018489422565,0.0651641494552688,0.035457087944345,0.134478262469189,-0.211167507125488,0.272869844037467,-0.237857651439137,-0.105381886282021,-1.08613407092716,-0.0474529404617215,-0.343895197235474,0.755857993958182,0.588736160782284,0.819301534837492
2,25,-9329.5201299874,969.296110219846,-0.0649678766846526,-0.0839316795996854,-0.115532011833149,0.0681849854800597,0.0206491212223842,0.0862738741303678,-0.225967209042973,0.303635751201526,-0.263092483537391,-0.101837268385192,-1.15904010500549,-0.0494926645477302,-0.37267337356472,0.766703293926615,1.02676325090316,0.936984823264023
2,26,-9283.35445285183,160.109425901024,-0.0588222285088005,-0.0763314560756631,-0.11015954034552,0.0600697188836372,0.0334739916749486,0.137230471589172,-0.19381644145393,0.28203559534695,-0.251368825790544,-0.107298798488497,-1.08016212211019,-0.0250198201476578,-0.342551828871189,0.784415070672025,0.610108439352782,0.813461902014251
2,27,-9282.27887716527,12.725706034635,-0.0586759928964324,-0.073519794068186,-0.109989332014877,0.0654705100000784,0.0356348096812002,0.134713242483439,-0.211319657546927,0.272823694413178,-0.237403161101252,-0.105520664166558,-1.0863972282808,-0.0476934184446496,-0.344256274342207,0.75506252651112,0.589205886776925,0.819293843396418
2,28,-9282.27832560309,0.22684713868755,-0.0586650794128863,-0.0735224807622722,-0.110025938466398,0.0651823621847699,0.0354667361174795,0.134516679500839,-0.211177483347621,0.272867951126026,-0.237877959914787,-0.105374789625558,-1.08617752473737,-0.0474442089046336,-0.343976398042074,0.7559642938859,0.588781104166033,0.819422471938216
2,29,-9282.27832732625,2.11426787000234,-0.0586621898643058,-0.073523210690606,-0.110026219115375,0.065142774430609,0.0354558064485159,0.134490131772906,-0.211186491600031,0.272873873463663,-0.237862919193887,-0.10537957693055,-1.08615902129204,-0.0474533224597494,-0.343951427081553,0.756002973006072,0.588794102776331,0.819381402502753
2,30,-9332.35543232035,484.755527034197,-0.0512357186169637,-0.0602511620647876,-0.0951743600557282,0.0578835618827395,0.0480615766175277,0.139496168106679,-0.155452460316282,0.229225776822289,-0.203303454320563,-0.0861559719154924,-0.94415118888406,-0.0352541581334614,-0.29389940592503,0.769854469313052,0.515813131442179,0.572317506036268
2,31,-9440.36108154469,5338.33045861899,-0.0519597285676246,-0.06390160589348,-0.0909357675755998,0.116612357617272,0.09914414330683,0.242411221185476,-0.0709144747693645,0.22637121634798,-0.168693236335775,-0.075327800372287,-0.925476531669206,-0.0557177981401989,-0.314282226561496,0.667629895250544,0.594459631640438,0.456790656094313
2,32,-9443.33237585111,1327.53655055312,-0.0535727816728915,-0.060933796062169,-0.095558939036428,0.0925892954188706,0.149928736581691,0.202721493639249,-0.156344722891125,0.266697155530537,-0.204534544274899,-0.0999399264327508,-1.0076967809954,-0.0614931238987069,-0.306575310372462,1.20025074828253,0.262721806898771,0.845045703195313
2,33,-9282.27832612386,0.248380098066539,-0.0586639581188633,-0.0735218213721862,-0.110025102540353,0.0652402137945224,0.035535402629212,0.134553294562732,-0.211131095294721,0.272867398431322,-0.237846612861379,-0.105390230936602,-1.08618675243801,-0.0474714583465583,-0.343971380551771,0.755998674246099,0.588770482025591,0.819339085317107
2,34,-9527.3538237552,8641.72933972379,-0.0477263349131256,-0.0627198046462726,-0.0674021168863858,0.213122619021972,0.208477796763942,0.215354695294883,-0.0304800240984851,0.18177242278974,-0.186950001206465,-0.0701812496555745,-0.833228195974587,-0.0208748014732187,-0.256846638859075,0.549388066374706,0.408098143097005,0.394777857653372
2,35,-9314.78614927282,2206.83093871906,-0.0496917071726339,-0.0627319997640086,-0.0925243303990015,0.0469999519227019,0.0216154014931737,0.122093037103336,-0.174533289325921,0.231308831797487,-0.218392454492882,-0.0906258237290075,-0.969084127395885,-0.0398420990846124,-0.316036197637816,0.644942034097814,0.493325703320024,0.62318764757839
2,36,-10089.3628438846,5110.09516344154,-0.0167980981373167,-0.019454404145563,-0.0343201792836981,0.110268521246891,-0.0460781451302177,0.108553893929804,-0.146145202364237,0.0596839634388209,-0.0707322897392008,-0.0611475453893704,-0.322112927257193,-0.034260191661051,-0.125094087731858,0.232140844854854,0.148499277371928,0.167391230065099
2,37,-9295.62697229836,259.691697500136,-0.0589984098066022,-0.0730821155123724,-0.11159936735289,0.0616791969299383,0.0364582549900138,0.139804444804914,-0.17369865771229,0.271469681323748,-0.247081916779638,-0.108846691423763,-1.1310474345112,-0.047157133193975,-0.356965343090701,0.882557375277886,0.678175639599145,0.741739105277321
2,38,-9284.58770635997,78.786981945921,-0.0584881092882284,-0.0751514402959068,-0.109818235679615,0.056885829689057,0.0190022987764563,0.126449161023875,-0.220317502085956,0.276348868424466,-0.24837266278169,-0.0926382985097398,-1.0788356712593,-0.034047068262384,-0.325311271274608,0.67713926368717,0.60436789930057,0.83226996055154
2,39,-9615.03838410251,6048.63926103239,-0.0358345254556541,-0.0409207166664277,-0.058815682085002,0.0223656343215867,0.0817541922819311,0.101280597850433,-0.117137295570105,0.160993559869048,-0.154343280885458,-0.0569112600421674,-0.563815018807303,-0.0080373408080247,-0.181334352094206,0.285756490924341,0.251057727893709,0.35866692753386
2,40,-9282.46730323414,132.235641327173,-0.0587785487389654,-0.0740261989490891,-0.11028748765792,0.0636060957961524,0.0332884826743197,0.135438643045484,-0.207591557129369,0.274851108033575,-0.246178978363846,-0.103975934384559,-1.08402470286986,-0.0457916962428648,-0.34417576320203,0.761740509720236,0.606200020095142,0.824210351544989
2,41,-9282.2824191837,37.4454554816824,-0.058560698078021,-0.073217832678779,-0.10997208282074,0.0651800595234326,0.0352633484309163,0.134828322062977,-0.211029922703756,0.272579208997652,-0.237775901735512,-0.105333601095078,-1.08463461275637,-0.0475233393030444,-0.343774435386158,0.754448649640079,0.586763032758423,0.81834077809083
2,42,-9519.71014512379,2360.76345450434,-0.0439543324977729,-0.0592374236548463,-0.0802949801030186,-0.0255007701731138,-0.177616537936056,0.11247170459363,-0.248598621075269,0.221332819285415,-0.272916838525202,0.00563213968356995,-0.709845175322737,0.0736475475778658,-0.161819038263798,0.299050583666579,0.474030263051542,0.468234035020021
2,43,-9282.27832233105,0.102473624486233,-0.058663170260856,-0.0735214802989426,-0.11001706060584,0.0651398411576636,0.0354543780393757,0.134467215652586,-0.211185892521092,0.272869309263291,-0.23787013559067,-0.105384227555904,-1.08613694252483,-0.0474567515791702,-0.343960091684122,0.75588776607857,0.588758771802004,0.819360545549516
2,44,-9282.35731285306,44.136648403479,-0.0588020997306525,-0.0739186755986426,-0.110250261456976,0.0599163952309436,0.0346429952275453,0.130487037435106,-0.214030518984338,0.274522364446405,-0.237403912265441,-0.103334537193663,-1.08832464445635,-0.0439614988433535,-0.342432288761716,0.750431664236737,0.598192310861013,0.818802299034443
2,45,-9284.45945601475,258.317544180326,-0.0595793925021974,-0.0807935786204937,-0.114252810689128,0.0512303899369558,0.0157048146934819,0.118450894987698,-0.232538848851703,0.276711351860038,-0.231961444278049,-0.108030602335394,-1.11947161889266,-0.049733998023216,-0.36913963195697,0.789030523325727,0.645472925505494,0.829606413782771
2,46,-9282.39935022268,54.2721620723941,-0.0588596433575192,-0.0743009246632503,-0.110346097903713,0.0644437921310137,0.0332361651433512,0.131862362971499,-0.215990407866137,0.272243133866969,-0.236840594708187,-0.104354338494091,-1.08360925370885,-0.048662209235767,-0.342044264957511,0.74638688732714,0.596875850076263,0.827472705306422
2,47,-10437.7944591922,21389.2512838944,-0.0114688782219423,-0.0178405175459365,-0.0303661464184333,-0.000198804765291538,0.0652056367006307,0.104501489566846,-0.168292892851318,0.0819901203966775,-0.0890620811169888,0.00500690520732475,-0.204184728850272,0.0121849984052421,-0.0438458919495158,0.0582302191955628,0.100762414820899,0.258101077993127
2,48,-9283.58448773016,341.621662944366,-0.0580658335119468,-0.0689126182374917,-0.109192878766179,0.0779583423396677,0.0547451820557162,0.154581853488138,-0.198430828525949,0.255693672075526,-0.235751408320488,-0.108532322305775,-1.08897890515806,-0.0415041714322362,-0.341785010922785,0.78885821320702,0.587316584059972,0.809523545837022
2,49,-9283.04522556042,81.9091110222354,-0.0585947093674565,-0.0734513014376774,-0.110117924937046,0.0645988431067876,0.0335873908902068,0.133126544648682,-0.215556798111544,0.275771713890391,-0.238129642467244,-0.104380901147695,-1.09178600265516,-0.0470554092082137,-0.344419994922402,0.710939415515027,0.589478290220929,0.834850066755198
2,50,-9295.08656888734,2731.9082626909,-0.0606655994274928,-0.0771576313158041,-0.106950637315699,0.0667466973288996,0.0413251756546728,0.152300169097868,-0.180232215356481,0.269871474356911,-0.23787658421373,-0.105053261353574,-1.0760123785704,-0.0659201630524439,-0.335292181944776,0.810917607166624,0.604320763531162,0.727884634828559
2,51,-9283.86039282797,275.203398095883,-0.0586039294227185,-0.0729163382440526,-0.109626023489446,0.0678368133869797,0.0417505021961083,0.132682098039274,-0.216987144748146,0.272883397573461,-0.236347276352816,-0.107164042601676,-1.08111761710378,-0.0481510526774283,-0.340939625371795,0.732174380604266,0.540956430595098,0.83408731905997
2,52,-9283.39544880734,845.134707943362,-0.0592456702142473,-0.0740179488987026,-0.107835724135247,0.0667645155165909,0.0382806625471976,0.133292639713786,-0.209957938410483,0.268199300696718,-0.237564785745785,-0.103591335349522,-1.09765009189802,-0.0449002703694774,-0.342735264270352,0.759577553182178,0.571612078313166,0.798263888461157
2,53,-9286.96312928897,1057.72541924469,-0.0600103748080531,-0.0773129474890565,-0.11054119929055,0.082372268531163,0.0279463403758026,0.12774198802091,-0.223058104731527,0.278603369477238,-0.234367574613262,-0.104404859770325,-1.10288455608402,-0.0502794892572325,-0.355568455898465,0.656526191290907,0.603127158848369,0.843312749703315
2,54,-9308.58262290913,713.87765888185,-0.0517867619828084,-0.0668880146805691,-0.0952537352067892,0.101767164253454,0.0554340419904255,0.153777397263972,-0.189160595163227,0.232404430161359,-0.165440934868446,-0.0877417807434494,-0.963399406313758,-0.0612341055229045,-0.302580595067292,0.672638724641048,0.489824290090595,0.645009096788871
2,55,-9282.77292260731,448.73779040212,-0.0582320303032227,-0.0735292034339638,-0.107801324411469,0.0539496172567059,0.0230977332319284,0.131625160299667,-0.220601878371899,0.271693202597438,-0.238227266334907,-0.0999793847543988,-1.0766416013575,-0.0427272284128685,-0.339028758107571,0.754695661283647,0.597254708895154,0.830010596269074
2,56,-9282.27833989538,0.956572770621822,-0.0586644620899129,-0.073517534632188,-0.110018057552005,0.0650924906365947,0.0354351195478305,0.134450849281401,-0.211247813478339,0.27280796083924,-0.237768707668501,-0.105364807637043,-1.08621159284852,-0.0474343730106427,-0.343929820592051,0.755895159619389,0.588832964835181,0.819349927203111
2,57,-9285.3040216174,527.692633922722,-0.0592178451099135,-0.07555205710668,-0.1098777615444,0.0589284938865691,0.0272459210686083,0.122070983966319,-0.228097160130372,0.269836567915518,-0.233343485330029,-0.109327496977351,-1.0791598345695,-0.0460939515972283,-0.336883303243802,0.675118694039007,0.624555237549451,0.832574334062819
2,58,-9341.03714196121,658.457016060316,-0.0519083561223516,-0.0588686828190223,-0.0978126518062673,0.077813019769691,0.0766466395912729,0.158675387526564,-0.182291695919864,0.252340304558168,-0.211682258111576,-0.106914704701343,-0.978215325479712,-0.0424636882971545,-0.295126865669397,0.695112690618963,0.326206036010814,0.727697636640494
2,59,-9283.03529016501,68.4355325834917,-0.0580131034377556,-0.0717034606289247,-0.108661825596106,0.0644533411256236,0.0358997305975048,0.135805558037008,-0.194199804011353,0.274184285141224,-0.244750514700016,-0.103376062982878,-1.07899968077566,-0.045134837797262,-0.341134598319884,0.758066800644637,0.584382298157951,0.787860393963199
2,60,-9424.85437657074,1470.56836113104,-0.0521645232236441,-0.0701797201330248,-0.0985523037618279,0.0379611340265001,-0.0584941864599494,0.0486770335205155,-0.241487950312309,0.253154255557811,-0.220691253691373,-0.0794334912362453,-1.00619833368715,-0.0298351061148541,-0.333604299311727,0.350826685415368,0.97027958829986,0.753260738539224
2,61,-9429.59814028724,6203.1477982565,-0.0688528836039149,-0.104399029913733,-0.103355996587757,0.0678524234365159,-0.222233043912823,0.364417932774727,-0.277610538743895,0.313721258549437,-0.200933339245012,-0.0648092577191683,-1.27430231608071,-0.116219734948347,-0.529710063364789,0.689684757267293,0.820193160512371,0.748425275689127
2,62,-9292.72301395665,902.531211793719,-0.0575616138445778,-0.0680274168530177,-0.107353379053256,0.0600719252672219,0.0498670121594334,0.131445055396847,-0.208593766507951,0.264594375850837,-0.219652416363463,-0.101147206480557,-1.04164312274984,-0.0407815739178876,-0.319914953686875,0.822785245854656,0.477201197095533,0.761432689332362
2,63,-9282.27832311407,0.210044585106159,-0.0586634492467438,-0.0735231565580725,-0.110021562004594,0.0651273426943275,0.0354361140788588,0.134492531196607,-0.211180802010883,0.272868843979665,-0.23787797568005,-0.105358812955306,-1.08613640787682,-0.0474411953316449,-0.343944455874772,0.755958428294105,0.588787395255629,0.819340410203437
2,64,-9283.35960926365,372.147194590094,-0.0583048852437096,-0.0693195708442884,-0.108136659142466,0.0709909944649795,0.0269470535000683,0.124046601305227,-0.230923441243692,0.270259280254279,-0.209150354578192,-0.0950622140548996,-1.07207386624703,-0.0429717401181893,-0.340384016277699,0.719847145152544,0.573044615856566,0.801599532581507
2,65,-9286.0633450216,612.190202962648,-0.0590686188933833,-0.0749316006628474,-0.105519491297088,0.0936050105768809,0.0238583681507946,0.143880916518167,-0.213957473909221,0.27662022371855,-0.244674299098654,-0.0963810768062149,-1.06585276361855,-0.0594513703792225,-0.34629759989773,0.68749495741301,0.570383035132957,0.851120653886142
2,66,-9323.04415570604,171.628303912011,-0.0638031176275272,-0.0809646808033642,-0.119650802792031,0.0915276146453756,0.129255487836509,0.222808820518026,-0.145938840096934,0.303328051900859,-0.263048979821162,-0.117587616187265,-1.14653055795415,-0.0366491520262924,-0.369750675643135,1.30573397573264,0.663046707764787,0.934122648025895
2,67,-9282.2783220152,0.134728188639967,-0.0586640594210818,-0.0735242837270194,-0.110021041219658,0.0651642677251134,0.0354474405632101,0.134494512073779,-0.211195508654509,0.272877745593181,-0.237843250248164,-0.105378173797892,-1.08615871582706,-0.0474576784789487,-0.343976597262767,0.755884243852262,0.588797925437349,0.819372734625764
2,68,-9282.49760517952,165.394018073927,-0.0587720238390611,-0.0737123132736164,-0.110207453791354,0.0660955193066437,0.0360658680778931,0.134603405523442,-0.20845334118614,0.271648107760212,-0.23632095079493,-0.104007213223078,-1.0807386662019,-0.0449696774019655,-0.342427874554421,0.756932818730549,0.602420842488575,0.807739293090794
2,69,-9282.27850825175,10.232508394948,-0.058657757811182,-0.0735423552822193,-0.110029191582094,0.0651897194022787,0.0355475267033289,0.134561002722746,-0.211174689591455,0.272922427897254,-0.23775481669375,-0.105406311019975,-1.08631547261414,-0.0474927818040091,-0.344090264340311,0.756553642103259,0.588752371564228,0.81949492799679
2,70,-9282.37375665769,237.407900168385,-0.0588991171777365,-0.0727348218638237,-0.110785777692082,0.0641411305148844,0.0337790972327903,0.131645922492463,-0.213783008885154,0.271810434164813,-0.233461073544736,-0.107126639464378,-1.08240474056544,-0.0475547869831529,-0.344841716363545,0.748880259537154,0.591313705938877,0.818918185442679
2,71,-9282.27832704796,0.863357087891843,-0.0586614190619701,-0.0735392018935426,-0.110015129741067,0.0651676938105658,0.0354453326965388,0.13449400180613,-0.211160423189185,0.272863998694329,-0.237849284388363,-0.105366100917941,-1.08612624516939,-0.0474554028608103,-0.343957187184959,0.75590294273442,0.588767506112443,0.819303737843346
2,72,-9282.28409093731,27.5272992538324,-0.0586671427132733,-0.0736541018491651,-0.110216332211759,0.066494751661143,0.0362971554337102,0.134692823960809,-0.211457902072926,0.272503390608701,-0.237564301117107,-0.105267242588682,-1.08550212380705,-0.0472940941560843,-0.343523922172461,0.755990490237409,0.589193096897504,0.821451720687912
2,73,-9282.27842095212,2.74197332408344,-0.0586674585895472,-0.0735273731683584,-0.110026316961,0.0651877774255239,0.0354964861675728,0.134541532787897,-0.211224292929029,0.27294347649764,-0.237882840120997,-0.105426129691193,-1.08623134499115,-0.0474559917305031,-0.343995933289056,0.75609483613703,0.58870840910453,0.819721219449638
2,74,-9590.80275461002,2707.0641716444,-0.0407061124511438,-0.0533388790585531,-0.0718835963030521,-0.00119161619169399,-0.014910602835041,0.0557350839358719,-0.266970981119455,0.238365308082864,-0.166241593711593,-0.0749068167803364,-0.74308410734445,-0.037336259886931,-0.274385255443576,0.200968671502889,0.437121309799297,0.64560920055887
2,75,-9283.54992598821,1021.0693216233,-0.0592881389817546,-0.0725213887522136,-0.108481081229652,0.0482823038106088,0.0229743979382564,0.125290341506181,-0.227469494773979,0.262643560320287,-0.227633810427665,-0.109003062319067,-1.08962572798412,-0.0505444856600052,-0.353279234344632,0.743000647968271,0.581204701531349,0.796179997619104
2,76,-9340.00833680269,918.918388448957,-0.0667028224861132,-0.0836304461855919,-0.124859759188268,0.0767897800734235,0.0394473646363242,0.139855402285583,-0.302745482459186,0.324361151375393,-0.275435280897563,-0.119338232799822,-1.20507022010436,-0.0520729776903452,-0.381468156567431,0.785808207092155,0.659205734395915,1.21404727569735
2,77,-9372.2138883618,6324.68372209203,-0.0454118466830313,-0.0578675846506669,-0.111499456288396,0.0804407828499925,0.141631808174406,0.126388799137335,-0.152294637098436,0.21407492787683,-0.162893117039522,0.00954772180043756,-0.817310014851605,0.0762285277051347,-0.195402656429603,0.688317914511478,0.516651804851839,0.573946633490496
2,78,-9282.63858491291,47.8532344168787,-0.0587809744555357,-0.0736451482786951,-0.110262805170612,0.0630526396380562,0.0326739330657583,0.130265919830245,-0.215131432730051,0.275138269670458,-0.241004342572567,-0.104627573629545,-1.09393898418096,-0.0464468168687909,-0.345149540180427,0.725014837677809,0.592311961194874,0.828393231408907
2,79,-9457.34184371641,7300.43351662636,-0.0375540411071382,-0.0445324374452924,-0.0769331667929596,-0.044457293465519,0.0282018019190103,0.062719565052814,-0.177312697076466,0.192783551008921,-0.166139895347008,-0.0806057047940037,-0.728935065109373,-0.0119507651433937,-0.254665898262034,0.623059961496458,0.31103031273428,0.459907516410062
2,80,-9282.27833279434,1.89933114837761,-0.0586657846128362,-0.0735087755756949,-0.110017126396653,0.0651946515379008,0.0354773111325447,0.134530395001504,-0.211157938467472,0.272870122982154,-0.23788680755223,-0.10539706685367,-1.08608946197326,-0.0474782809457041,-0.343979341412997,0.756002152115186,0.588795114540992,0.819345778076666
2,81,-9293.0931197738,214.158170143534,-0.0620219390380677,-0.079166587201538,-0.113533405148121,0.0742254498901967,0.0149113828947563,0.138019947566189,-0.230436914961358,0.291297065581858,-0.254539901465033,-0.105224115151848,-1.13320113636351,-0.0510692044767492,-0.365468656059595,0.770477633482399,0.726757664980881,0.926743202756175
2,82,-9944.2475204976,4227.26799371965,-0.0242019783214794,-0.0259512980433127,-0.0417131963571885,0.0848353647409079,0.12723355657015,0.139639889986663,-0.118794732313938,0.106072616140027,-0.118419038553709,0.0159327614622474,-0.416454184818992,0.0468685971230456,-0.0818888591386255,0.571847585815613,0.251934081055295,0.200041076111802
2,83,-9282.27833927672,0.266579054867781,-0.0586652980289169,-0.0735230440397837,-0.110018638560721,0.0652394735131012,0.0355368260271707,0.134580233482817,-0.211117922714158,0.272875631896632,-0.237871888086843,-0.105380589950078,-1.08615032344426,-0.0474467640764809,-0.343980511661826,0.756142255304492,0.588743330499621,0.819398872816698
2,84,-9373.63082569034,711.812791191714,-0.0460729616847303,-0.0504720740588719,-0.0851311030128751,0.0243886365966334,0.0368694801915021,0.113719849234207,-0.18393394700068,0.211103891797474,-0.185328039686284,-0.0856343392840531,-0.847921830127131,-0.0325860984191355,-0.260796835265009,0.615510447768716,0.332029920197413,0.544500282051559
2,85,-9282.28934308676,20.1411311401525,-0.0587186357244403,-0.0736635019153892,-0.110036244707554,0.0656419297697559,0.0351040963487248,0.134858347549318,-0.210333125308413,0.272457859241835,-0.238546502176895,-0.104805035152783,-1.08973716861041,-0.0467807106849058,-0.344387658378984,0.758689733562331,0.5893137412555,0.818645716979152
2,86,-9282.27969487491,5.69713021206722,-0.0586617711593331,-0.0734745232444203,-0.11003713130545,0.0655624133093187,0.0360720704052096,0.134858837529565,-0.210957205724087,0.272930712155093,-0.237917890920582,-0.105751610077777,-1.0863529848181,-0.0476745471368392,-0.344350586247224,0.756637892258107,0.587575674609586,0.820030392985103
2,87,-9282.27833481851,0.85201639064,-0.0586673247304928,-0.0735297007112131,-0.11001617558474,0.0651934733395606,0.0354981522335849,0.134519036511204,-0.2111802646167,0.272907168377868,-0.237867041123539,-0.105377895317551,-1.08624308150109,-0.047458057275012,-0.343927291312711,0.756053452307077,0.588829915515852,0.819407114440514
2,88,-9282.29878192171,34.0655609168211,-0.0587053659323904,-0.0737467602928931,-0.110221491814512,0.0659201778741933,0.0334861488937532,0.13199248699417,-0.212875240520028,0.273032512212781,-0.237324729811375,-0.105443321514611,-1.08841092713922,-0.0479931164101852,-0.344463792705151,0.750732252393255,0.59200127080412,0.818076503931769
2,89,-9282.27847843177,3.05159202181726,-0.0586825025860874,-0.0735489200213476,-0.110066767109682,0.0652141001101443,0.0355271672480515,0.134542195366449,-0.211243115216243,0.272964762758164,-0.237887730641203,-0.105399318540049,-1.08658662298868,-0.0474839090322245,-0.343994053614021,0.756186550072348,0.589111225245081,0.819747337212167
2,90,-9282.27833089434,0.860144821130853,-0.058662107924402,-0.0735263054551864,-0.110019924678229,0.0651446758386612,0.0354149420018942,0.134432002716498,-0.211198701073215,0.272866364847936,-0.237888872328076,-0.105396773722575,-1.08622014393886,-0.0474710471497908,-0.343974438240654,0.755798440386127,0.588719962040855,0.81938136616626
2,91,-9286.97940966869,1049.63927500481,-0.0585386161042535,-0.0682938361769289,-0.111639184064366,0.0770747424001084,0.04633381335367,0.144379490589344,-0.197062420434357,0.275516897253179,-0.237980217482199,-0.102687089963864,-1.07266262297753,-0.0306228127507221,-0.329985509438413,0.707292495426761,0.517407572058084,0.793180390486798
2,92,-10016.0705867999,533.311807602752,-0.0709388890378024,-0.101136143525805,-0.13138961237214,0.0860333984151944,0.0290534009926499,0.140844119768734,-1.00326045925078,0.411139993293008,-0.276393169095483,-0.121329855051389,-1.29416470928788,-0.0994159138312629,-0.42707758112059,0.823101864581976,0.638053213572417,3.18922277389646
2,93,-9282.27944582152,8.35318308448092,-0.0586454942534994,-0.0733166464192713,-0.110030328076336,0.0649626847378043,0.035358765275453,0.134468901811489,-0.211313709163301,0.272884356149089,-0.23807234903823,-0.105149554145368,-1.08554138214193,-0.0473478158250053,-0.343694760740139,0.755981673474639,0.587740881775869,0.819549168099071
2,94,-9437.56709686748,2221.79729497433,-0.0597493607223131,-0.0839837502929005,-0.127435925296903,0.0368289641002862,0.0953816472867798,0.307004176181013,-0.0364258205381082,0.304845042341428,-0.274329317446078,-0.167159926184199,-1.07491070949564,-0.140562301444749,-0.483625822908889,2.109718518758,0.727295590418159,0.837633304638101
2,95,-11099.143364941,720.051428995374,-0.066995574959804,-0.086544812191739,-0.134231353530942,0.0901740834046843,0.567681871723821,0.705917783450244,0.348112765183624,0.314184433451074,-0.267682345595231,-0.129370383599967,-1.25108550844072,-0.0454322660119893,-0.40585658441854,9.05258471663998,0.71852003209475,0.832663401837637
2,96,-9346.26538473969,4987.71882013992,-0.0568051702380313,-0.0613731886354325,-0.0908735129062701,0.0558575370661798,-0.0130370512962719,0.0922229431352033,-0.234992099546473,0.222495256943938,-0.173500420712812,-0.0729922525348373,-0.999573570005033,-0.0496630688793545,-0.276410101499352,0.54921833399443,0.628898345513128,0.603139253657126
2,97,-9305.9654147163,343.209022309264,-0.0632991782971053,-0.0743109031453288,-0.116225457571517,0.0392270340002953,0.0240040900641779,0.114665477116422,-0.266088696682214,0.292395843685212,-0.263982254386635,-0.0965356629320911,-1.14708023160878,-0.083001450323047,-0.356018374743501,0.898784198819917,0.605969161140542,1.03008156209804
2,98,-11290.2146636331,3950.48034466674,-0.0908810441780702,-0.1053224921635,-0.144832381205304,-0.0423594013365689,0.0835469785086472,0.113384538857722,-1.96155496973065,0.714472447344957,-0.65064145821244,-0.0837630744317415,-1.61849851493743,-0.248933336800096,-0.474427153737103,0.712604105803394,0.77861818548337,5.63342763363121
2,99,-10318.6336476286,2492.23906366861,-0.0724996141563575,-0.0765809832219218,-0.127973972534043,0.0659430060738476,0.550134006111973,0.684209218013768,0.193417045101487,0.329536805113784,-0.23365926461234,-0.10386108179067,-1.18582904145374,-0.029456803123686,-0.350949072532408,6.29355307086527,0.58376286694748,0.957865210245545
2,100,-16204.6151821837,4396.74789765541,-0.0694466482903764,-0.117215108127204,-0.136874050502479,0.158953743428536,0.274163135790571,0.319806712958255,-6.10541563048338,0.46365139515255,-1.49234741878874,-0.34971470786764,-1.34518016015884,-0.20295730171729,-0.807525132754281,0.762300498710619,0.536221335943027,12.8813972476833
2,101,-10303.1734024231,339.202562542876,-0.0729923831231691,-0.0987525219377625,-0.129669078822942,0.00188216124445459,-0.425480732550101,-0.253924081925842,-0.258561466740199,0.332519457484455,-0.291752893577043,-0.130210565365527,-1.29534852348508,-0.0622985170573115,-0.447371813343366,1.28610340380727,5.67133339814151,1.05243571225532
3,1,-9282.27832121945,NA,-0.0586637045789023,-0.0735227496154874,-0.110019160593948,0.0651738921774737,0.0354618312427756,0.134500436812718,-0.211175996179926,0.272869493439155,-0.237860031502009,-0.10537591075276,-1.08614880072797,-0.0474504161316747,-0.34394951401837,0.755913493913026,0.588788029709309,0.819348246554643
3,2,NA,NA,NA,NA,NA,NA,NA,NA,NA,NA,NA,NA,NA,NA,NA,NA,NA,NA
3,3,NA,NA,NA,NA,NA,NA,NA,NA,NA,NA,NA,NA,NA,NA,NA,NA,NA,NA
3,4,NA,NA,NA,NA,NA,NA,NA,NA,NA,NA,NA,NA,NA,NA,NA,NA,NA,NA
3,5,-9282.27832198077,0.126520853756825,-0.0586640974337531,-0.0735241734978079,-0.11001910547073,0.0651665604309082,0.0354625038002673,0.134501257843216,-0.211177145889415,0.272873499530421,-0.237868139150577,-0.105382305089794,-1.08615156347673,-0.0474577772595647,-0.343954868110075,0.755916222823572,0.588799164954968,0.819386946358056
3,6,NA,NA,NA,NA,NA,NA,NA,NA,NA,NA,NA,NA,NA,NA,NA,NA,NA,NA
3,7,NA,NA,NA,NA,NA,NA,NA,NA,NA,NA,NA,NA,NA,NA,NA,NA,NA,NA
3,8,NA,NA,NA,NA,NA,NA,NA,NA,NA,NA,NA,NA,NA,NA,NA,NA,NA,NA
3,9,-9282.54403952606,115.362528740632,-0.0584838966991545,-0.0724584653985879,-0.109898401757127,0.0647408633582407,0.0353915722063369,0.132910125431276,-0.218710863797067,0.27410190952517,-0.237199429358831,-0.106209574198518,-1.08713607188576,-0.0467680251479828,-0.344513476468898,0.744860550078669,0.572623348325055,0.829149362568443
3,10,NA,NA,NA,NA,NA,NA,NA,NA,NA,NA,NA,NA,NA,NA,NA,NA,NA,NA
3,11,-9282.27832112727,0.0152436086127584,-0.0586633317276892,-0.0735223351936439,-0.11001899477567,0.0651714028133578,0.035460214033485,0.134497851357489,-0.211173870572114,0.272867302809658,-0.237858780047242,-0.105376137074319,-1.08614788298534,-0.0474505313955605,-0.34394993618526,0.755895301061641,0.588786510217763,0.81934847551029
3,12,NA,NA,NA,NA,NA,NA,NA,NA,NA,NA,NA,NA,NA,NA,NA,NA,NA,NA
3,13,-9282.27832137536,0.134702160657153,-0.0586639491783042,-0.0735225110029293,-0.110019843574924,0.0651715444270177,0.0354566465763076,0.134496509391956,-0.211181611048865,0.27286836368135,-0.237860960971344,-0.105376713382825,-1.0861594057721,-0.0474488666994586,-0.343954841410045,0.755893493438825,0.58881093532539,0.819358606878159
3,14,NA,NA,NA,NA,NA,NA,NA,NA,NA,NA,NA,NA,NA,NA,NA,NA,NA,NA
3,15,-9282.27841068117,4.13617574643657,-0.0586618506262687,-0.0735173334370629,-0.109999827891825,0.0650588384779565,0.0354433534233873,0.134456598980617,-0.211233272211277,0.272934272305018,-0.237901171183226,-0.105372819073734,-1.08624789779954,-0.0474592126673133,-0.343983439580851,0.755685716495793,0.588808180069354,0.819604522610715
3,16,NA,NA,NA,NA,NA,NA,NA,NA,NA,NA,NA,NA,NA,NA,NA,NA,NA,NA
3,17,NA,NA,NA,NA,NA,NA,NA,NA,NA,NA,NA,NA,NA,NA,NA,NA,NA,NA
3,18,NA,NA,NA,NA,NA,NA,NA,NA,NA,NA,NA,NA,NA,NA,NA,NA,NA,NA
3,19,NA,NA,NA,NA,NA,NA,NA,NA,NA,NA,NA,NA,NA,NA,NA,NA,NA,NA
3,20,NA,NA,NA,NA,NA,NA,NA,NA,NA,NA,NA,NA,NA,NA,NA,NA,NA,NA
3,21,NA,NA,NA,NA,NA,NA,NA,NA,NA,NA,NA,NA,NA,NA,NA,NA,NA,NA
3,22,NA,NA,NA,NA,NA,NA,NA,NA,NA,NA,NA,NA,NA,NA,NA,NA,NA,NA
3,23,-9282.27832489166,0.185954948552085,-0.0586631600435402,-0.073525066965583,-0.110021979332502,0.0651727916585991,0.0354271545325768,0.134504467634139,-0.211186573761414,0.272870500359755,-0.237856873326171,-0.105380283838721,-1.08613087138755,-0.0474539901258245,-0.343956562311735,0.755801846730563,0.588789894002488,0.819375279598277
3,24,NA,NA,NA,NA,NA,NA,NA,NA,NA,NA,NA,NA,NA,NA,NA,NA,NA,NA
3,25,-9282.27832183239,0.140622764161525,-0.0586627903283033,-0.0735210148431284,-0.110017133841433,0.0651678180649822,0.0354547237860812,0.134494141147756,-0.211181756469651,0.272866854225181,-0.237859650708559,-0.105375579641578,-1.08613999862415,-0.0474529217356337,-0.343944247529793,0.755888939776887,0.588752383375511,0.819352022073656
3,26,NA,NA,NA,NA,NA,NA,NA,NA,NA,NA,NA,NA,NA,NA,NA,NA,NA,NA
3,27,NA,NA,NA,NA,NA,NA,NA,NA,NA,NA,NA,NA,NA,NA,NA,NA,NA,NA
3,28,NA,NA,NA,NA,NA,NA,NA,NA,NA,NA,NA,NA,NA,NA,NA,NA,NA,NA
3,29,NA,NA,NA,NA,NA,NA,NA,NA,NA,NA,NA,NA,NA,NA,NA,NA,NA,NA
3,30,-9282.27832131977,0.0448630250338629,-0.058663297244397,-0.0735218548455647,-0.110018199003558,0.0651584587735504,0.0354521380542073,0.134497177784363,-0.21117213029896,0.272867135027205,-0.237859609138662,-0.105370170578178,-1.08614343851033,-0.0474541127012103,-0.34395066955687,0.755914378649894,0.58878555315643,0.819346833103162
3,31,-9282.27832115464,0.0891471339784978,-0.0586638229237471,-0.0735231174577289,-0.110019625644992,0.065172150983865,0.0354591673582361,0.134500310291158,-0.211176465134836,0.272868769606245,-0.237858495859206,-0.105376502342219,-1.08615460822585,-0.0474514075287789,-0.343952089232577,0.755911813939209,0.588792990948171,0.81935989169945
3,32,-9282.27832178352,0.126819619291583,-0.0586631716050265,-0.0735218255078842,-0.110018248578734,0.0651788328693982,0.035463202737455,0.13450490699691,-0.211174334128741,0.272862760497179,-0.237848518186043,-0.105343547476868,-1.08612885494802,-0.0474444260781747,-0.343927234267959,0.755888853415876,0.588784082070943,0.819339086689153
3,33,NA,NA,NA,NA,NA,NA,NA,NA,NA,NA,NA,NA,NA,NA,NA,NA,NA,NA
3,34,-9282.27832232994,0.232570179535984,-0.0586633183001968,-0.0735147853156475,-0.110016304786203,0.0651752849537118,0.035461533521848,0.134496222892832,-0.211178380777852,0.272861562589324,-0.23785728499886,-0.105375221367242,-1.08613976278511,-0.0474482722955819,-0.343945722593528,0.75587264173372,0.588805126677722,0.819352754943522
3,35,-9282.27832112132,0.0539749192127142,-0.0586633505873668,-0.0735230660640515,-0.110019048167536,0.0651726669826546,0.0354599938053941,0.13450013908211,-0.211173441122238,0.27286799303343,-0.23785901512458,-0.105375005629197,-1.08614954237917,-0.0474512400089569,-0.343950688995412,0.755901870088341,0.588788740275384,0.819349644733016
3,36,-9283.90112825153,318.034074717107,-0.058386909781291,-0.0735792464442038,-0.115572202928399,0.0664652596956977,0.0358603492794833,0.136349128441852,-0.204682259087504,0.270344436523011,-0.241800274890537,-0.107265434773362,-1.09255831250935,-0.045261363705271,-0.347416186345741,0.762391009551726,0.591633912526671,0.791846812052068
3,37,-9282.27832171541,0.113533082520935,-0.0586632936513942,-0.0735227392801912,-0.110020079769706,0.0651699522566297,0.0354644881086591,0.134493070926718,-0.211188647283618,0.272866141193148,-0.237853221336044,-0.105377352962051,-1.086151129352,-0.0474479825687698,-0.343949444074187,0.755878554658918,0.588762594592173,0.819354790654934
3,38,NA,NA,NA,NA,NA,NA,NA,NA,NA,NA,NA,NA,NA,NA,NA,NA,NA,NA
3,39,-9282.27900463511,8.73025981712572,-0.0586779783436216,-0.0735079124834247,-0.10998800438444,0.0653549883136416,0.0359134467309789,0.13424312238154,-0.211047328643998,0.272880553953789,-0.238096839455627,-0.105293741942942,-1.08576618283738,-0.0476166435549427,-0.343629801443461,0.755470109362334,0.589125571178335,0.819764483656327
3,40,NA,NA,NA,NA,NA,NA,NA,NA,NA,NA,NA,NA,NA,NA,NA,NA,NA,NA
3,41,NA,NA,NA,NA,NA,NA,NA,NA,NA,NA,NA,NA,NA,NA,NA,NA,NA,NA
3,42,-9282.27832458788,0.370671155143656,-0.0586657664904083,-0.0735277421205752,-0.110027748927824,0.0652001332294176,0.0354669162361487,0.13450639536795,-0.21117512064511,0.272881965044754,-0.237863774282593,-0.105368479182337,-1.086172554658,-0.0474507752143685,-0.343965845139548,0.755942284188668,0.588805250843897,0.819418602374104
3,43,NA,NA,NA,NA,NA,NA,NA,NA,NA,NA,NA,NA,NA,NA,NA,NA,NA,NA
3,44,NA,NA,NA,NA,NA,NA,NA,NA,NA,NA,NA,NA,NA,NA,NA,NA,NA,NA
3,45,NA,NA,NA,NA,NA,NA,NA,NA,NA,NA,NA,NA,NA,NA,NA,NA,NA,NA
3,46,NA,NA,NA,NA,NA,NA,NA,NA,NA,NA,NA,NA,NA,NA,NA,NA,NA,NA
3,47,-9310.49972946588,3129.64396162159,-0.0617320713219207,-0.0732281182873597,-0.122929895741384,0.0439941217372927,0.0463351907908742,0.0954681601116877,-0.249711355643326,0.281857517647346,-0.242789584614214,-0.137379548410302,-1.02943324033304,-0.0669365961734977,-0.359479966784383,0.578564615677085,0.643031872578698,0.822101353662325
3,48,NA,NA,NA,NA,NA,NA,NA,NA,NA,NA,NA,NA,NA,NA,NA,NA,NA,NA
3,49,NA,NA,NA,NA,NA,NA,NA,NA,NA,NA,NA,NA,NA,NA,NA,NA,NA,NA
3,50,NA,NA,NA,NA,NA,NA,NA,NA,NA,NA,NA,NA,NA,NA,NA,NA,NA,NA
3,51,NA,NA,NA,NA,NA,NA,NA,NA,NA,NA,NA,NA,NA,NA,NA,NA,NA,NA
3,52,NA,NA,NA,NA,NA,NA,NA,NA,NA,NA,NA,NA,NA,NA,NA,NA,NA,NA
3,53,NA,NA,NA,NA,NA,NA,NA,NA,NA,NA,NA,NA,NA,NA,NA,NA,NA,NA
3,54,-9282.27832112074,0.0381149669073781,-0.0586634927809017,-0.0735228590947468,-0.110018826678311,0.0651711810362297,0.0354578853052487,0.134498514608435,-0.211175601206302,0.272869081973956,-0.237859195792544,-0.105376292647845,-1.08615181540103,-0.0474536683140007,-0.343953479449397,0.755900821418355,0.588790439362944,0.819356067749392
3,55,NA,NA,NA,NA,NA,NA,NA,NA,NA,NA,NA,NA,NA,NA,NA,NA,NA,NA
3,56,NA,NA,NA,NA,NA,NA,NA,NA,NA,NA,NA,NA,NA,NA,NA,NA,NA,NA
3,57,NA,NA,NA,NA,NA,NA,NA,NA,NA,NA,NA,NA,NA,NA,NA,NA,NA,NA
3,58,-9282.278321167,0.106289236445289,-0.0586633952893908,-0.0735231620603699,-0.110018551124391,0.0651715548196299,0.0354629487133375,0.134494623916107,-0.211174659817303,0.272867987408629,-0.237859331152903,-0.105377292175206,-1.08615110323662,-0.0474532174043756,-0.343950698211487,0.755901042705246,0.588795881345758,0.819353538722781
3,59,NA,NA,NA,NA,NA,NA,NA,NA,NA,NA,NA,NA,NA,NA,NA,NA,NA,NA
3,60,-9282.27832114877,0.0159309333291744,-0.0586636440608718,-0.0735227748435908,-0.110019554685663,0.0651707163076605,0.0354608917665861,0.134501559408407,-0.211174300818609,0.272868486287222,-0.237860548086364,-0.105375606176949,-1.08615234149705,-0.0474513503361989,-0.343951418143804,0.755913618763727,0.588791110909342,0.819358033939963
3,61,-9282.27832110769,0.0184391610847194,-0.0586635369320667,-0.0735225907745879,-0.110019249149272,0.0651702377955155,0.0354603355255119,0.134500212205835,-0.211175570708327,0.272867950706336,-0.237859809792874,-0.105375100713413,-1.08614977116529,-0.0474503707138031,-0.343951565255843,0.75590193278735,0.588791291502184,0.819354349131955
3,62,-9282.27832111618,0.037896618620239,-0.0586634820693816,-0.0735224791474967,-0.110018714124594,0.0651690121593666,0.035457727252066,0.134499688332954,-0.211175670974938,0.272867933983647,-0.237859376218768,-0.105377128241455,-1.08614794242876,-0.0474494616863248,-0.343950321090242,0.755902109754536,0.588789230465378,0.819353130933745
3,63,NA,NA,NA,NA,NA,NA,NA,NA,NA,NA,NA,NA,NA,NA,NA,NA,NA,NA
3,64,NA,NA,NA,NA,NA,NA,NA,NA,NA,NA,NA,NA,NA,NA,NA,NA,NA,NA
3,65,NA,NA,NA,NA,NA,NA,NA,NA,NA,NA,NA,NA,NA,NA,NA,NA,NA,NA
3,66,-9282.27832116961,0.0469242022156768,-0.058663772876087,-0.0735239707637636,-0.110019785817332,0.0651693635578523,0.0354596535934254,0.134500276093092,-0.211178221729795,0.272870131408218,-0.237857709431838,-0.105375919897333,-1.08615168945383,-0.0474504031371999,-0.343952212457766,0.755912614228698,0.588795016385772,0.819358278304273
3,67,NA,NA,NA,NA,NA,NA,NA,NA,NA,NA,NA,NA,NA,NA,NA,NA,NA,NA
3,68,NA,NA,NA,NA,NA,NA,NA,NA,NA,NA,NA,NA,NA,NA,NA,NA,NA,NA
3,69,NA,NA,NA,NA,NA,NA,NA,NA,NA,NA,NA,NA,NA,NA,NA,NA,NA,NA
3,70,NA,NA,NA,NA,NA,NA,NA,NA,NA,NA,NA,NA,NA,NA,NA,NA,NA,NA
3,71,NA,NA,NA,NA,NA,NA,NA,NA,NA,NA,NA,NA,NA,NA,NA,NA,NA,NA
3,72,NA,NA,NA,NA,NA,NA,NA,NA,NA,NA,NA,NA,NA,NA,NA,NA,NA,NA
3,73,NA,NA,NA,NA,NA,NA,NA,NA,NA,NA,NA,NA,NA,NA,NA,NA,NA,NA
3,74,-9282.27840786494,1.87945439347308,-0.0586621763530559,-0.0734953006057492,-0.110044051047119,0.0648871243883499,0.035411929780083,0.134306973957388,-0.211232378828036,0.272851625024485,-0.237906937713029,-0.105195846399615,-1.08610409146525,-0.0474904454770818,-0.343883890114785,0.755808837319784,0.588679290445431,0.819255358669608
3,75,NA,NA,NA,NA,NA,NA,NA,NA,NA,NA,NA,NA,NA,NA,NA,NA,NA,NA
3,76,-9282.27832116377,0.182050595130349,-0.0586638888257368,-0.0735231689541006,-0.110019249996108,0.0651704836184457,0.0354583271525801,0.134498787236653,-0.211176067348284,0.272871682354737,-0.237858806540544,-0.105376701634731,-1.08615279072398,-0.047451579371151,-0.343952135316249,0.755903919038349,0.588792653590244,0.819359639355424
3,77,-9282.27832122155,0.16047083687721,-0.0586635377166188,-0.0735240205220808,-0.110019045176203,0.0651699676076863,0.0354561886769288,0.134498044765434,-0.211179532777255,0.27287041211569,-0.23786068504283,-0.105381495140347,-1.08615888555326,-0.0474571587409251,-0.343957615462769,0.755902531086233,0.588792325031174,0.819363884604796
3,78,NA,NA,NA,NA,NA,NA,NA,NA,NA,NA,NA,NA,NA,NA,NA,NA,NA,NA
3,79,-9282.27832115382,0.109162510199916,-0.0586634469606864,-0.0735231254756322,-0.11001980537652,0.065171539896967,0.0354591366060752,0.134500104451356,-0.211176395350827,0.272867423390559,-0.237859129158048,-0.10537665348181,-1.08614812034416,-0.047452222010787,-0.343949846032518,0.755900040752962,0.58879154277021,0.819359433944739
3,80,NA,NA,NA,NA,NA,NA,NA,NA,NA,NA,NA,NA,NA,NA,NA,NA,NA,NA
3,81,-9282.27832113235,0.0709039038432005,-0.0586636036149644,-0.0735221192765086,-0.11001934051739,0.065171000532362,0.0354584288833308,0.134499358657406,-0.21117619847532,0.272867509119232,-0.237858245938344,-0.10537578581227,-1.08614996127217,-0.047450710809307,-0.343950474003337,0.755901572555778,0.588787171928932,0.819357760604973
3,82,-9282.29856830942,75.902782943198,-0.0585074302829066,-0.0730712751311267,-0.110164070235238,0.0645247962201224,0.0351178936749398,0.133677458405064,-0.21088255181848,0.272103949094891,-0.23723181078111,-0.104727730279107,-1.08350047963005,-0.0459027976904858,-0.342369203409928,0.752038111054042,0.591300505807279,0.816624667681597
3,83,NA,NA,NA,NA,NA,NA,NA,NA,NA,NA,NA,NA,NA,NA,NA,NA,NA,NA
3,84,-9282.2783227993,0.334848587726429,-0.0586636509555433,-0.0735203661480655,-0.110020672587399,0.0651540745286799,0.0354241095636485,0.134492127250862,-0.211208615299453,0.272871040109089,-0.23784177218408,-0.105361444416787,-1.08616761468717,-0.0474747892045968,-0.343959061860101,0.755895192743969,0.588801845131537,0.819378357936388
3,85,NA,NA,NA,NA,NA,NA,NA,NA,NA,NA,NA,NA,NA,NA,NA,NA,NA,NA
3,86,NA,NA,NA,NA,NA,NA,NA,NA,NA,NA,NA,NA,NA,NA,NA,NA,NA,NA
3,87,NA,NA,NA,NA,NA,NA,NA,NA,NA,NA,NA,NA,NA,NA,NA,NA,NA,NA
3,88,NA,NA,NA,NA,NA,NA,NA,NA,NA,NA,NA,NA,NA,NA,NA,NA,NA,NA
3,89,NA,NA,NA,NA,NA,NA,NA,NA,NA,NA,NA,NA,NA,NA,NA,NA,NA,NA
3,90,NA,NA,NA,NA,NA,NA,NA,NA,NA,NA,NA,NA,NA,NA,NA,NA,NA,NA
3,91,NA,NA,NA,NA,NA,NA,NA,NA,NA,NA,NA,NA,NA,NA,NA,NA,NA,NA
3,92,-9282.2783300789,0.570855418267379,-0.0586621843631598,-0.0735274730401884,-0.110026869616286,0.0651884397821736,0.0354492338213284,0.134464113198022,-0.211205427803588,0.272873335071169,-0.237842999004774,-0.105371238431637,-1.08613013752646,-0.0474403402317494,-0.343943499270239,0.755878213141533,0.58877105251681,0.819278653414066
3,93,NA,NA,NA,NA,NA,NA,NA,NA,NA,NA,NA,NA,NA,NA,NA,NA,NA,NA
3,94,-9282.27832550981,0.64022816524218,-0.0586641121650004,-0.0735255262837975,-0.110022266222449,0.0652322391755335,0.0355264160801167,0.134556541950546,-0.211159811365683,0.272871856284791,-0.237837671999408,-0.105369583935029,-1.08614816708687,-0.0474500615265167,-0.343950584274388,0.755918184372894,0.588843782502813,0.819401598644108
3,95,-9282.27968537804,2.95614491463047,-0.0586647986813447,-0.0735495312369402,-0.110025884776907,0.0652187392269568,0.0357875035604837,0.135004403347402,-0.21089154276986,0.272663627494335,-0.237639549840958,-0.105333432026072,-1.08603494833349,-0.0466248336533687,-0.344225288814782,0.757140313092689,0.588153484703195,0.81929331829984
3,96,-9282.27832397998,0.178217169829567,-0.0586615192890532,-0.073519709218618,-0.110015118240576,0.0651819662932794,0.0354619019259639,0.134499560748889,-0.211169149078061,0.272860072486224,-0.237837567164823,-0.105369134497095,-1.08611453333982,-0.0474508522804088,-0.343939790473772,0.755828618610143,0.588785330467098,0.819296396019744
3,97,-9282.278321121,0.0313895147222859,-0.0586634948826552,-0.073523243750652,-0.110019420670023,0.0651703967850528,0.0354573185320186,0.134497884182019,-0.211177545255214,0.272868647590117,-0.237859336399194,-0.105376000000585,-1.08615156189949,-0.0474505617885502,-0.343951101437025,0.755895823984537,0.588792671527724,0.819355208733965
3,98,-9282.98762123542,85.4160297794049,-0.0581303224141934,-0.0757679122948482,-0.109515474550866,0.0762575397563306,0.035882163449333,0.135401051145926,-0.215021784126045,0.271825586554006,-0.224519240710207,-0.11888551211336,-1.07934318136591,-0.0562186616697518,-0.3489283236174,0.74386644828497,0.560658576887335,0.814247532357849
3,99,-9282.27838828874,0.889400617370463,-0.0586627790645682,-0.0735155997520384,-0.110015569617428,0.065068454076993,0.0356506986519653,0.134547809203422,-0.211141294203068,0.272886990528434,-0.237902068878553,-0.105328167861638,-1.08607890990873,-0.0474438147247839,-0.343922259195922,0.756109358909544,0.588799208000139,0.819165969450933
3,100,-9329.92418354482,1404.03589267868,-0.0571423950369175,-0.0617632269748033,-0.0997092335781088,0.108614035425988,0.0523828602389301,0.28601682418462,-0.0438742739232035,0.325160417076842,-0.241468985931191,-0.0753040349045767,-1.05570587297238,-0.0775601058571271,-0.30050240738445,0.636379745806565,0.631630298859103,0.684316571960788
3,101,-9282.28083343704,8.42273635327803,-0.0586624286370062,-0.0734976503726907,-0.110008257018763,0.0648582105492368,0.0354203740178849,0.134514667621515,-0.21130576058491,0.272515310099875,-0.238197129886213,-0.105182164869182,-1.08584305637767,-0.0471547614030011,-0.344057603983431,0.758625657061708,0.588576281256606,0.819273090174408
4,1,NA,NA,NA,NA,NA,NA,NA,NA,NA,NA,NA,NA,NA,NA,NA,NA,NA,NA
4,2,NA,NA,NA,NA,NA,NA,NA,NA,NA,NA,NA,NA,NA,NA,NA,NA,NA,NA
4,3,NA,NA,NA,NA,NA,NA,NA,NA,NA,NA,NA,NA,NA,NA,NA,NA,NA,NA
4,4,NA,NA,NA,NA,NA,NA,NA,NA,NA,NA,NA,NA,NA,NA,NA,NA,NA,NA
4,5,NA,NA,NA,NA,NA,NA,NA,NA,NA,NA,NA,NA,NA,NA,NA,NA,NA,NA
4,6,NA,NA,NA,NA,NA,NA,NA,NA,NA,NA,NA,NA,NA,NA,NA,NA,NA,NA
4,7,NA,NA,NA,NA,NA,NA,NA,NA,NA,NA,NA,NA,NA,NA,NA,NA,NA,NA
4,8,NA,NA,NA,NA,NA,NA,NA,NA,NA,NA,NA,NA,NA,NA,NA,NA,NA,NA
4,9,NA,NA,NA,NA,NA,NA,NA,NA,NA,NA,NA,NA,NA,NA,NA,NA,NA,NA
4,10,NA,NA,NA,NA,NA,NA,NA,NA,NA,NA,NA,NA,NA,NA,NA,NA,NA,NA
4,11,NA,NA,NA,NA,NA,NA,NA,NA,NA,NA,NA,NA,NA,NA,NA,NA,NA,NA
4,12,NA,NA,NA,NA,NA,NA,NA,NA,NA,NA,NA,NA,NA,NA,NA,NA,NA,NA
4,13,NA,NA,NA,NA,NA,NA,NA,NA,NA,NA,NA,NA,NA,NA,NA,NA,NA,NA
4,14,NA,NA,NA,NA,NA,NA,NA,NA,NA,NA,NA,NA,NA,NA,NA,NA,NA,NA
4,15,NA,NA,NA,NA,NA,NA,NA,NA,NA,NA,NA,NA,NA,NA,NA,NA,NA,NA
4,16,NA,NA,NA,NA,NA,NA,NA,NA,NA,NA,NA,NA,NA,NA,NA,NA,NA,NA
4,17,NA,NA,NA,NA,NA,NA,NA,NA,NA,NA,NA,NA,NA,NA,NA,NA,NA,NA
4,18,NA,NA,NA,NA,NA,NA,NA,NA,NA,NA,NA,NA,NA,NA,NA,NA,NA,NA
4,19,NA,NA,NA,NA,NA,NA,NA,NA,NA,NA,NA,NA,NA,NA,NA,NA,NA,NA
4,20,NA,NA,NA,NA,NA,NA,NA,NA,NA,NA,NA,NA,NA,NA,NA,NA,NA,NA
4,21,NA,NA,NA,NA,NA,NA,NA,NA,NA,NA,NA,NA,NA,NA,NA,NA,NA,NA
4,22,NA,NA,NA,NA,NA,NA,NA,NA,NA,NA,NA,NA,NA,NA,NA,NA,NA,NA
4,23,NA,NA,NA,NA,NA,NA,NA,NA,NA,NA,NA,NA,NA,NA,NA,NA,NA,NA
4,24,NA,NA,NA,NA,NA,NA,NA,NA,NA,NA,NA,NA,NA,NA,NA,NA,NA,NA
4,25,NA,NA,NA,NA,NA,NA,NA,NA,NA,NA,NA,NA,NA,NA,NA,NA,NA,NA
4,26,NA,NA,NA,NA,NA,NA,NA,NA,NA,NA,NA,NA,NA,NA,NA,NA,NA,NA
4,27,NA,NA,NA,NA,NA,NA,NA,NA,NA,NA,NA,NA,NA,NA,NA,NA,NA,NA
4,28,NA,NA,NA,NA,NA,NA,NA,NA,NA,NA,NA,NA,NA,NA,NA,NA,NA,NA
4,29,NA,NA,NA,NA,NA,NA,NA,NA,NA,NA,NA,NA,NA,NA,NA,NA,NA,NA
4,30,NA,NA,NA,NA,NA,NA,NA,NA,NA,NA,NA,NA,NA,NA,NA,NA,NA,NA
4,31,NA,NA,NA,NA,NA,NA,NA,NA,NA,NA,NA,NA,NA,NA,NA,NA,NA,NA
4,32,NA,NA,NA,NA,NA,NA,NA,NA,NA,NA,NA,NA,NA,NA,NA,NA,NA,NA
4,33,NA,NA,NA,NA,NA,NA,NA,NA,NA,NA,NA,NA,NA,NA,NA,NA,NA,NA
4,34,NA,NA,NA,NA,NA,NA,NA,NA,NA,NA,NA,NA,NA,NA,NA,NA,NA,NA
4,35,NA,NA,NA,NA,NA,NA,NA,NA,NA,NA,NA,NA,NA,NA,NA,NA,NA,NA
4,36,NA,NA,NA,NA,NA,NA,NA,NA,NA,NA,NA,NA,NA,NA,NA,NA,NA,NA
4,37,NA,NA,NA,NA,NA,NA,NA,NA,NA,NA,NA,NA,NA,NA,NA,NA,NA,NA
4,38,NA,NA,NA,NA,NA,NA,NA,NA,NA,NA,NA,NA,NA,NA,NA,NA,NA,NA
4,39,NA,NA,NA,NA,NA,NA,NA,NA,NA,NA,NA,NA,NA,NA,NA,NA,NA,NA
4,40,NA,NA,NA,NA,NA,NA,NA,NA,NA,NA,NA,NA,NA,NA,NA,NA,NA,NA
4,41,NA,NA,NA,NA,NA,NA,NA,NA,NA,NA,NA,NA,NA,NA,NA,NA,NA,NA
4,42,NA,NA,NA,NA,NA,NA,NA,NA,NA,NA,NA,NA,NA,NA,NA,NA,NA,NA
4,43,NA,NA,NA,NA,NA,NA,NA,NA,NA,NA,NA,NA,NA,NA,NA,NA,NA,NA
4,44,NA,NA,NA,NA,NA,NA,NA,NA,NA,NA,NA,NA,NA,NA,NA,NA,NA,NA
4,45,NA,NA,NA,NA,NA,NA,NA,NA,NA,NA,NA,NA,NA,NA,NA,NA,NA,NA
4,46,NA,NA,NA,NA,NA,NA,NA,NA,NA,NA,NA,NA,NA,NA,NA,NA,NA,NA
4,47,-9282.27832202089,0.0785305503360979,-0.058662859352683,-0.0735219706204709,-0.110019421381467,0.0651738527681927,0.035466689306595,0.134491282062717,-0.211177282829027,0.272869404088703,-0.237856535858945,-0.105376617157098,-1.08613139233012,-0.0474468206779671,-0.343943826892104,0.755845814726492,0.588783553394609,0.819343039322607
4,48,NA,NA,NA,NA,NA,NA,NA,NA,NA,NA,NA,NA,NA,NA,NA,NA,NA,NA
4,49,NA,NA,NA,NA,NA,NA,NA,NA,NA,NA,NA,NA,NA,NA,NA,NA,NA,NA
4,50,NA,NA,NA,NA,NA,NA,NA,NA,NA,NA,NA,NA,NA,NA,NA,NA,NA,NA
4,51,NA,NA,NA,NA,NA,NA,NA,NA,NA,NA,NA,NA,NA,NA,NA,NA,NA,NA
4,52,NA,NA,NA,NA,NA,NA,NA,NA,NA,NA,NA,NA,NA,NA,NA,NA,NA,NA
4,53,NA,NA,NA,NA,NA,NA,NA,NA,NA,NA,NA,NA,NA,NA,NA,NA,NA,NA
4,54,NA,NA,NA,NA,NA,NA,NA,NA,NA,NA,NA,NA,NA,NA,NA,NA,NA,NA
4,55,NA,NA,NA,NA,NA,NA,NA,NA,NA,NA,NA,NA,NA,NA,NA,NA,NA,NA
4,56,NA,NA,NA,NA,NA,NA,NA,NA,NA,NA,NA,NA,NA,NA,NA,NA,NA,NA
4,57,NA,NA,NA,NA,NA,NA,NA,NA,NA,NA,NA,NA,NA,NA,NA,NA,NA,NA
4,58,NA,NA,NA,NA,NA,NA,NA,NA,NA,NA,NA,NA,NA,NA,NA,NA,NA,NA
4,59,NA,NA,NA,NA,NA,NA,NA,NA,NA,NA,NA,NA,NA,NA,NA,NA,NA,NA
4,60,NA,NA,NA,NA,NA,NA,NA,NA,NA,NA,NA,NA,NA,NA,NA,NA,NA,NA
4,61,-9282.27832110769,NA,-0.0586635369320667,-0.0735225907745879,-0.110019249149272,0.0651702377955155,0.0354603355255119,0.134500212205835,-0.211175570708327,0.272867950706336,-0.237859809792874,-0.105375100713413,-1.08614977116529,-0.0474503707138031,-0.343951565255843,0.75590193278735,0.588791291502184,0.819354349131955
4,62,NA,NA,NA,NA,NA,NA,NA,NA,NA,NA,NA,NA,NA,NA,NA,NA,NA,NA
4,63,NA,NA,NA,NA,NA,NA,NA,NA,NA,NA,NA,NA,NA,NA,NA,NA,NA,NA
4,64,NA,NA,NA,NA,NA,NA,NA,NA,NA,NA,NA,NA,NA,NA,NA,NA,NA,NA
4,65,NA,NA,NA,NA,NA,NA,NA,NA,NA,NA,NA,NA,NA,NA,NA,NA,NA,NA
4,66,NA,NA,NA,NA,NA,NA,NA,NA,NA,NA,NA,NA,NA,NA,NA,NA,NA,NA
4,67,NA,NA,NA,NA,NA,NA,NA,NA,NA,NA,NA,NA,NA,NA,NA,NA,NA,NA
4,68,NA,NA,NA,NA,NA,NA,NA,NA,NA,NA,NA,NA,NA,NA,NA,NA,NA,NA
4,69,NA,NA,NA,NA,NA,NA,NA,NA,NA,NA,NA,NA,NA,NA,NA,NA,NA,NA
4,70,NA,NA,NA,NA,NA,NA,NA,NA,NA,NA,NA,NA,NA,NA,NA,NA,NA,NA
4,71,NA,NA,NA,NA,NA,NA,NA,NA,NA,NA,NA,NA,NA,NA,NA,NA,NA,NA
4,72,NA,NA,NA,NA,NA,NA,NA,NA,NA,NA,NA,NA,NA,NA,NA,NA,NA,NA
4,73,NA,NA,NA,NA,NA,NA,NA,NA,NA,NA,NA,NA,NA,NA,NA,NA,NA,NA
4,74,NA,NA,NA,NA,NA,NA,NA,NA,NA,NA,NA,NA,NA,NA,NA,NA,NA,NA
4,75,NA,NA,NA,NA,NA,NA,NA,NA,NA,NA,NA,NA,NA,NA,NA,NA,NA,NA
4,76,NA,NA,NA,NA,NA,NA,NA,NA,NA,NA,NA,NA,NA,NA,NA,NA,NA,NA
4,77,NA,NA,NA,NA,NA,NA,NA,NA,NA,NA,NA,NA,NA,NA,NA,NA,NA,NA
4,78,NA,NA,NA,NA,NA,NA,NA,NA,NA,NA,NA,NA,NA,NA,NA,NA,NA,NA
4,79,NA,NA,NA,NA,NA,NA,NA,NA,NA,NA,NA,NA,NA,NA,NA,NA,NA,NA
4,80,NA,NA,NA,NA,NA,NA,NA,NA,NA,NA,NA,NA,NA,NA,NA,NA,NA,NA
4,81,NA,NA,NA,NA,NA,NA,NA,NA,NA,NA,NA,NA,NA,NA,NA,NA,NA,NA
4,82,NA,NA,NA,NA,NA,NA,NA,NA,NA,NA,NA,NA,NA,NA,NA,NA,NA,NA
4,83,NA,NA,NA,NA,NA,NA,NA,NA,NA,NA,NA,NA,NA,NA,NA,NA,NA,NA
4,84,NA,NA,NA,NA,NA,NA,NA,NA,NA,NA,NA,NA,NA,NA,NA,NA,NA,NA
4,85,NA,NA,NA,NA,NA,NA,NA,NA,NA,NA,NA,NA,NA,NA,NA,NA,NA,NA
4,86,NA,NA,NA,NA,NA,NA,NA,NA,NA,NA,NA,NA,NA,NA,NA,NA,NA,NA
4,87,NA,NA,NA,NA,NA,NA,NA,NA,NA,NA,NA,NA,NA,NA,NA,NA,NA,NA
4,88,NA,NA,NA,NA,NA,NA,NA,NA,NA,NA,NA,NA,NA,NA,NA,NA,NA,NA
4,89,NA,NA,NA,NA,NA,NA,NA,NA,NA,NA,NA,NA,NA,NA,NA,NA,NA,NA
4,90,NA,NA,NA,NA,NA,NA,NA,NA,NA,NA,NA,NA,NA,NA,NA,NA,NA,NA
4,91,NA,NA,NA,NA,NA,NA,NA,NA,NA,NA,NA,NA,NA,NA,NA,NA,NA,NA
4,92,NA,NA,NA,NA,NA,NA,NA,NA,NA,NA,NA,NA,NA,NA,NA,NA,NA,NA
4,93,NA,NA,NA,NA,NA,NA,NA,NA,NA,NA,NA,NA,NA,NA,NA,NA,NA,NA
4,94,NA,NA,NA,NA,NA,NA,NA,NA,NA,NA,NA,NA,NA,NA,NA,NA,NA,NA
4,95,NA,NA,NA,NA,NA,NA,NA,NA,NA,NA,NA,NA,NA,NA,NA,NA,NA,NA
4,96,NA,NA,NA,NA,NA,NA,NA,NA,NA,NA,NA,NA,NA,NA,NA,NA,NA,NA
4,97,NA,NA,NA,NA,NA,NA,NA,NA,NA,NA,NA,NA,NA,NA,NA,NA,NA,NA
4,98,NA,NA,NA,NA,NA,NA,NA,NA,NA,NA,NA,NA,NA,NA,NA,NA,NA,NA
4,99,NA,NA,NA,NA,NA,NA,NA,NA,NA,NA,NA,NA,NA,NA,NA,NA,NA,NA
4,100,-9282.27832273853,0.209474334956224,-0.0586645874373009,-0.0735239295627493,-0.11002479532817,0.0652017674743239,0.0354801263985194,0.13452424541738,-0.21116832662773,0.272864983541067,-0.237874601567112,-0.105371916612616,-1.08615344225827,-0.047431949838498,-0.343957209011774,0.755923735134418,0.58881666271,0.819377323084813
4,101,NA,NA,NA,NA,NA,NA,NA,NA,NA,NA,NA,NA,NA,NA,NA,NA,NA,NA
